u,r2,mse,rmse
u0,0.9993497125319458,4.91370922865189e-05,0.007009785466511717
Average,0.9993497125319458,4.91370922865189e-05,0.007009785466511717