u,r2,mse,rmse
u0,0.999810905528104,1.1944491579677986e-05,0.00345608037806964
Average,0.999810905528104,1.1944491579677986e-05,0.00345608037806964