u,r2,mse,rmse
u0,0.9999588423508899,2.5997967487091933e-06,0.0016123885228781533
Average,0.9999588423508899,2.5997967487091933e-06,0.0016123885228781533