u,r2,mse,rmse
u0,0.999919621101382,5.0772773423791665e-06,0.0022532814609762283
Average,0.999919621101382,5.0772773423791665e-06,0.0022532814609762283