u,r2,mse,rmse
u0,0.9999668458099263,2.0942438993300865e-06,0.0014471502683999636
Average,0.9999668458099263,2.0942438993300865e-06,0.0014471502683999636