u,r2,mse,rmse
u0,0.9999619838570133,2.4013578781210824e-06,0.0015496315297905765
Average,0.9999619838570133,2.4013578781210824e-06,0.0015496315297905765