u,r2,mse,rmse
u0,0.9999610229160214,2.4620574399375223e-06,0.0015690944649502535
Average,0.9999610229160214,2.4620574399375223e-06,0.0015690944649502535