u,r2,mse,rmse
u0,0.9992960685559937,4.446509261374418e-05,0.006668215099540819
Average,0.9992960685559937,4.446509261374418e-05,0.006668215099540819