u,r2,mse,rmse
u0,0.9388909069395847,0.00461753192667247,0.0679524239940892
Average,0.9388909069395847,0.00461753192667247,0.0679524239940892