u,r2,mse,rmse
u0,0.9357637375341017,0.0040575987676458565,0.06369928388644457
Average,0.9357637375341017,0.0040575987676458565,0.06369928388644457