u,r2,mse,rmse
u0,0.999918614839627,6.149634327059008e-06,0.0024798456256507192
Average,0.999918614839627,6.149634327059008e-06,0.0024798456256507192