u,r2,mse,rmse
u0,0.9193906090426713,0.005091836804527347,0.07135710759642201
Average,0.9193906090426713,0.005091836804527347,0.07135710759642201