u,r2,mse,rmse
u0,0.9999668530405835,2.504654147399984e-06,0.0015826099163723144
Average,0.9999668530405835,2.504654147399984e-06,0.0015826099163723144