u,r2,mse,rmse
u0,0.9999636465376369,2.7469442712996177e-06,0.0016573908022248758
Average,0.9999636465376369,2.7469442712996177e-06,0.0016573908022248758