u,r2,mse,rmse
u0,0.9390952668942645,0.00460209005758215,0.06783870619036118
Average,0.9390952668942645,0.00460209005758215,0.06783870619036118