u,r2,mse,rmse
u0,0.9998412035471131,1.003066285000909e-05,0.0031671221716266474
Average,0.9998412035471131,1.003066285000909e-05,0.0031671221716266474