u,r2,mse,rmse
u0,0.9194156488768295,0.005090255118477728,0.07134602384490482
Average,0.9194156488768295,0.005090255118477728,0.07134602384490482