u,r2,mse,rmse
u0,0.9995365056482521,2.9277452302917296e-05,0.005410864284281883
Average,0.9995365056482521,2.9277452302917296e-05,0.005410864284281883