u,r2,mse,rmse
u0,0.9999153653964091,5.346096582327531e-06,0.0023121627499653936
Average,0.9999153653964091,5.346096582327531e-06,0.0023121627499653936