u,r2,mse,rmse
u0,0.9193300389857413,0.005095662820844629,0.07138391149863273
Average,0.9193300389857413,0.005095662820844629,0.07138391149863273