u,r2,mse,rmse
u0,0.9997823411964738,1.3748808835567206e-05,0.0037079386234897694
Average,0.9997823411964738,1.3748808835567206e-05,0.0037079386234897694