u,r2,mse,rmse
u0,0.9995091910352818,3.100282883748922e-05,0.005568018394140704
Average,0.9995091910352818,3.100282883748922e-05,0.005568018394140704