u,r2,mse,rmse
u0,0.9999445278841277,4.191590044171007e-06,0.0020473373059100466
Average,0.9999445278841277,4.191590044171007e-06,0.0020473373059100466