u,r2,mse,rmse
u0,0.939083038311784,0.00460301407505964,0.06784551624875176
Average,0.939083038311784,0.00460301407505964,0.06784551624875176