u,r2,mse,rmse
u0,0.9998086052922962,1.4462187690211456e-05,0.0038029183123242938
Average,0.9998086052922962,1.4462187690211456e-05,0.0038029183123242938