u,r2,mse,rmse
u0,0.9995353766216226,3.510792217804251e-05,0.005925193851515957
Average,0.9995353766216226,3.510792217804251e-05,0.005925193851515957