u,r2,mse,rmse
u0,-7.311208612525988e-06,0.07556266105678443,0.2748866330995096
Average,-7.311208612525988e-06,0.07556266105678443,0.2748866330995096