u,r2,mse,rmse
u0,0.9514496818475999,0.0036685644131091246,0.060568675180402654
Average,0.9514496818475999,0.0036685644131091246,0.060568675180402654