u,r2,mse,rmse
u0,0.999464086943516,3.3851909717031216e-05,0.0058182394001133385
Average,0.999464086943516,3.3851909717031216e-05,0.0058182394001133385