u,r2,mse,rmse
u0,0.9994753134474899,3.3142767451573546e-05,0.0057569755472447115
Average,0.9994753134474899,3.3142767451573546e-05,0.0057569755472447115