u,r2,mse,rmse
u0,0.9193367970168818,0.005095235937682773,0.07138092138437814
Average,0.9193367970168818,0.005095235937682773,0.07138092138437814