u,r2,mse,rmse
u0,0.9995851303482379,3.134842568396685e-05,0.005598966483554518
Average,0.9995851303482379,3.134842568396685e-05,0.005598966483554518