u,r2,mse,rmse
u0,0.9995474225216426,2.858786840878116e-05,0.005346762423072598
Average,0.9995474225216426,2.858786840878116e-05,0.005346762423072598