u,r2,mse,rmse
u0,0.9999151585620175,6.410797951159431e-06,0.0025319553612098756
Average,0.9999151585620175,6.410797951159431e-06,0.0025319553612098756