u,r2,mse,rmse
u0,0.9995575194756305,3.3434761438642985e-05,0.005782279951597206
Average,0.9995575194756305,3.3434761438642985e-05,0.005782279951597206