u,r2,mse,rmse
u0,0.999576953509855,2.672249055556055e-05,0.005169380093933948
Average,0.999576953509855,2.672249055556055e-05,0.005169380093933948