u,r2,mse,rmse
u0,0.9998425121208292,1.1900116230106092e-05,0.0034496545088031775
Average,0.9998425121208292,1.1900116230106092e-05,0.0034496545088031775