u,r2,mse,rmse
u0,0.9995271983241983,2.986536612543521e-05,0.005464921419877436
Average,0.9995271983241983,2.986536612543521e-05,0.005464921419877436