u,r2,mse,rmse
u0,0.9997729711788004,1.7154776444282142e-05,0.004141832498337196
Average,0.9997729711788004,1.7154776444282142e-05,0.004141832498337196