u,r2,mse,rmse
u0,0.9999308034976867,4.370921216985285e-06,0.002090674823348979
Average,0.9999308034976867,4.370921216985285e-06,0.002090674823348979