0.4894862255132979,0.5008879740043155
0.9253349671017553,0.4858985049984797
0.8630563299788792,0.5025578034790995
0.8544062453020448,0.4918439794974475
0.8773993241518954,0.4800836831047229
0.8671088571068133,0.5097778748558202
0.9440100387865384,0.4929914040086777
0.854708091521853,0.502160740341907
0.9429349053340559,0.5165809587748214
0.9186679736584087,0.49287395550204227
0.9357019549058656,0.5181961631860045
0.6370758166128284,0.5084080504488696
0.9075147855913812,0.5230746314041642
0.89476787236403,0.5042846120715114
0.5103513274970228,0.13494372697545304
0.9279592073627312,0.49557963828041507
0.9564443244704472,0.5016679888433608
0.8478144858505235,0.4130549996599423
0.8018648465741101,0.3261668717513184
0.8814265931481124,0.4866448807766145
0.8438244959939178,0.49316896156698037
0.838927564406781,0.47572753170605603
0.4678224848468661,0.5009669249006019
0.9261472590173994,0.5093597832184448
0.8999727123320671,0.5209877700556733
0.6183724039864731,0.4969527537412924
0.9319350076131359,0.5012088675212122
0.6858961351159225,0.18481524492797263
0.9255697675853669,0.4755805672241236
0.9187764588472483,0.5223565917981093
0.8501767421777685,0.49952163856371157
0.8399604670975153,0.4811267057482389
0.9204496603005785,0.49430510495694985
0.9331899006120599,0.49895616376928575
0.8993140418450485,0.4731650179443718
0.9443600445363227,0.4802327947467831
0.8366338543832688,0.4996405191051393
0.9056772819051766,0.4793867777439565
0.8510701173426103,0.478916076477127
0.9317577544280744,0.45768386368386765
0.8807961225958807,0.514826554753343
0.744133289559602,0.22192553945230986
0.883260680928563,0.5213708835846305
0.5447073344740668,0.5310479935306475
0.7941656633726416,0.49884456385993037
0.8571968913104969,0.4704432150695045
0.9172938573075934,0.5071878918170072
0.5944893183999276,0.4990188330539469
0.935205123282929,0.5028988515249861
0.9332691598231818,0.4973967023280079
0.7125603430165734,0.2735877955184623
0.8175919671028252,0.39376358901016406
0.8445562316818302,0.5010024715484366
0.9014035909148259,0.516792904100273
0.8788108198259008,0.46616883863243475
0.4789533586349761,0.4968737623689905
0.9282010421750018,0.4763905627055069
0.6686965620308088,0.4983683674956295
0.9407189967212459,0.5201454711290091
0.9321304522522366,0.5077732155619261
0.7412248357187576,0.5011386996779235
0.8769651804830175,0.47475762333161475
0.8631423430916942,0.4776534884161495
0.9168697475507589,0.5067109421886874
0.8125889360235548,0.49997037126045
0.7079925173299397,0.1747861085885724
0.6487882676708554,0.5032017050364337
0.9216535715134342,0.49313529283303487
0.6212930065578044,0.500057651758712
0.5781215563419456,0.49748303434623864
0.6198164057676379,0.49989447133926423
0.47733809426620266,0.49913761341822943
0.962076171660542,0.5040899580690545
0.8616166411314559,0.4856074963027447
0.8851226303258988,0.498651651252482
0.7034788705632509,0.4996599164536379
0.9486292544802558,0.5137907467577141
0.9313221056212189,0.5022387002973329
0.9042333724902345,0.5014717366051444
0.9357331946189119,0.5014125254212988
0.5859359798297328,0.5012114813983719
0.7837659423526464,0.3304407097122029
0.9205732953889159,0.502526073371447
0.947150457401257,0.5006085369657076
0.8810349498929537,0.474377257354583
0.9419762514094535,0.4812799526406399
0.8791791723972259,0.4925035491258658
0.8359986025577497,0.475566902369925
0.6193400303503743,0.49974420113248486
0.896640585772611,0.4991800144409549
0.8552072295676298,0.47640509727899294
0.889692013019743,0.5027546842807497
0.8473037988868137,0.45530940221589244
0.6881873013159415,0.49982580353622513
0.8797638575705705,0.49099409949538053
0.8758203069771165,0.4977572856266954
0.8216698497914948,0.477488029367345
0.9280276857938359,0.49923991719763694
0.8757911571012541,0.47477769465782893
0.8695064797093115,0.4457982314777005
0.9383091851350396,0.4808987131005771
0.7017738058467077,0.49967269256541996
0.8753533121520822,0.4826558303130003
0.8768853418102993,0.46703224058396875
0.9368341004696914,0.5119388991772278
0.9798408804361818,0.47534055106102263
0.7928994580755295,0.2882439821585404
0.6477745728048743,0.5001028174121152
0.9350819544371514,0.5094548055838938
0.9506449435926474,0.4792541584704267
0.8920248830737428,0.501725767503665
0.8693355823513043,0.49894950773501423
0.8831972662625046,0.399220753399453
0.6995722201663578,0.2158578561033072
0.9277173892531398,0.511578408274043
0.8692045959542816,0.49689607726956797
0.8997422286334598,0.47506901365713594
0.939188757356527,0.4811443595706158
0.9223404903312323,0.5136756502552142
0.8859624418276423,0.49616919460487036
0.8666579288890448,0.4936671867439058
0.8632892289891463,0.49657491332951803
0.47708104158330444,0.5039117441554262
0.9245282737764935,0.4673917677552241
0.8330830302489101,0.48346607880143105
0.8678433552618892,0.4764744177896556
0.8265357625968552,0.4087801024481915
0.8766723675037162,0.4980809531358292
0.5737027068065624,0.498428650627646
0.9270605144360922,0.4862853243159298
0.83381676041966,0.47979499687292537
0.8283599985532836,0.48297577448577234
0.9334509325877907,0.5048407726415876
0.8952001776433178,0.49699188772905956
0.88020042843413,0.5207573722963944
0.9214639186207045,0.5221801093088533
0.5242356045881402,0.4988986230364605
0.6051337851042651,0.5144518636715262
0.7583751514815831,0.49817893441315214
0.86470280934169,0.475019257989113
0.8302537533306565,0.47212142876663865
0.617647152044809,0.4987376516242631
0.8718398494967273,0.47480440101875665
0.7251412410479264,0.5135970135061999
0.8958637810416854,0.47632415793379773
0.8964215663774919,0.4752579779867192
0.8700862110761897,0.47322965750950546
0.9002531980849342,0.521250502771408
0.9100761545215124,0.500204134294683
0.9381024542956129,0.5187824172122952
0.8540325103196476,0.4792641382352594
0.6670819619382216,0.4989341665637791
0.8568264159184807,0.4071609059012532
0.7526926313797158,0.500704327910543
0.8440911171403378,0.4802603084849189
0.9143250293297236,0.5179544461859035
0.9074698566257584,0.5212883743131469
0.9127466927466092,0.5239259612830992
0.8511155628771949,0.5014740303877402
0.8490561812795976,0.4018932773603758
0.9124201519854305,0.49468259866892583
0.8523185304920726,0.47564779233508364
0.8736840616589483,0.4511432678862391
0.8645369491614474,0.43483181100809287
0.8752714023909718,0.47481122614021504
0.5459910923236777,0.4987110427442526
0.8612791884857078,0.4575854405215671
0.8555298966746083,0.3973186232463433
0.8284166166309552,0.4847829431155106
0.9437162281665197,0.4978813014745286
0.904270858679344,0.48536579281056164
0.9451692320117948,0.5108560711068235
0.8782887197628275,0.4719476211005332
0.9263387454924835,0.4992799787041454
0.8815594540167427,0.49369642465225405
0.8382180906173724,0.469017464300818
0.9340000202619448,0.5490052840395135
0.9108279909349688,0.519339692898879
0.9353106783171534,0.5086467445220615
0.7841568285182972,0.49962696472114976
0.913051628851671,0.4762852796164449
0.9228997857004093,0.4846978415176101
0.850123848395741,0.4437973672668226
0.8376715289779932,0.4810533823953061
0.9369625084455127,0.5210786618469305
0.899637040345336,0.48747823112528854
0.9231796613987584,0.49466732816556175
0.8992979273369717,0.488438207085529
0.9125655947504925,0.4994671139279949
0.5470374594889867,0.48673581242568675
0.9307340950705796,0.48257339398995547
0.940730750306761,0.4984303452863361
0.8846658793443307,0.49274580219691255
0.8640994703323467,0.47213045277444643
0.9114219539853183,0.5210409769337765
0.8968700321640102,0.49969410188907065
0.8351844693941919,0.8417698257952257
0.8350737253580851,0.4029616738851346
0.9279652122114077,0.520799011182325
0.8744920671261559,0.5119551641505447
0.8709105730749481,0.48709918463205865
0.8621742507546478,0.5005438232551785
0.9471047288927027,0.5136725432506412
0.9053590949334389,0.5214903874497226
0.9362673606856933,0.48572024385109397
0.8435217599066311,0.5003498986037006
0.9354950564639444,0.5085558834607895
0.8725356283958645,0.43134845695769913
0.9217316102576121,0.4778573018911688
0.8577534143548255,0.49586552552116286
0.8632853827074802,0.4994054697552534
0.8615707222885625,0.5006553845036972
0.8998737312286789,0.5126050451595624
0.5359004500252248,0.4998089823447462
0.8768794837249914,0.47511211118956054
0.7194901696703522,0.4999307273591591
0.852407133916989,0.46242094638764414
0.9330440948214278,0.49905753918070594
0.9215264163141843,0.5202842709150794
0.8070885546979254,0.3689392124464906
0.8726305816377531,0.47877564293973196
0.8806581263263609,0.4899272987127551
0.8312322583470217,0.48762135585942407
0.9172058884037242,0.5173795630570003
0.9147718868434562,0.5230312806447128
0.9749184631116978,0.5063296384719852
0.8653654937769839,0.4721841467495327
0.9280191951415333,0.5171676465530696
0.8659570745670477,0.46394139719360267
0.5884841560039086,0.4999282753094622
0.9424834234876438,0.5009037117031031
0.8791762406621701,0.4988925255073297
0.8901108441452861,0.47370412405188767
0.8033367887222563,0.33805357877602804
0.8291324024837903,0.446860477584017
0.9415930206497262,0.5049406507086067
0.8670668253368201,0.5050233132453943
0.7613626624670013,0.31878530725813425
0.9589553815732448,0.49498642081687755
0.9342730439807991,0.5034702026499186
0.8380203346980482,0.4591057234131525
0.8627690632297703,0.4851689552031075
0.9240360183540696,0.4912392619522856
0.8344324135617676,0.4754013153572889
0.8484604462039962,0.5024687167271386
0.9515189183663295,0.5051381179313847
0.8086697927466668,0.3988388347799154
0.7927294183026332,0.3285152101112546
0.793353989455154,0.4998956805340955
0.9237017080382196,0.48834955254947066
0.9443509045601861,0.48021749102730776
0.7670040981296774,0.49826971365762746
0.8648896093589413,0.4937174800290908
0.8914032033547932,0.5121999684349742
0.9298213601608604,0.49839917496837755
0.8308607201404448,0.44682801703612957
0.8918413737098174,0.5224365037599868
0.9236547774479997,0.5241080816567363
0.9315295329228293,0.4873036935758005
0.8747327365544172,0.4797569144874568
0.9032395878510812,0.5255193403810354
0.8821734138205052,0.4993949606769619
0.9317475649654128,0.48649652850187936
0.9150515257939654,0.4720871216917905
0.7985521166987943,0.4997194192532915
0.8129033944522441,0.4081529104573102
0.6735443452817116,0.49933871411731306
0.8754355605828287,0.3038052942089341
0.9114065327722976,0.48084561426819633
0.9408045662886179,0.4902485513433793
0.8740563273563757,0.474958931180756
0.9012130025994957,0.49632261129219823
0.8664579277882856,0.4955676472104599
0.8776426698515849,0.4773189194339107
0.9159986082924849,0.5141555276033405
0.923345823544871,0.5193616515437917
0.8972059784503299,0.48060214783302874
0.8763905430526946,0.4540709458720092
0.9137395585262654,0.48965686712584955
0.9320864904450048,0.49390170383779064
0.8251283445943589,0.49928202956868944
0.5428549543740842,0.500006882943668
0.6578692776330646,0.4999079937228671
0.8758658015231365,0.5094838697169046
0.8865040784914537,0.5193953152440537
0.7434750774526584,0.325298682840301
0.9173900022883619,0.4877360489530201
0.8931309264782714,0.5239558757017198
0.8949275949412443,0.4797492722374513
0.859603105630813,0.478669152723413
0.8285432403836119,0.4969817391438547
0.8854937769591762,0.5234270780208438
0.9401956092673425,0.5172671376206239
0.9280859155662935,0.48662595451214985
0.8991547227027258,0.4888376681379593
0.9174107751883553,0.5210119425514282
0.8297920520946315,0.49834707890752483
0.8458512178253241,0.4774081052781591
0.9295979157562928,0.5009629712328796
0.9386436431686545,0.5078168585538705
0.9457200573635229,0.48136116817278835
0.9105672765546635,0.47810531447344934
0.8601509231716653,0.4756293204828892
0.9009190113729539,0.4778070317276718
0.9559702618439908,0.4906807114116982
0.7428175430593813,0.49715196220723795
0.8914183798794766,0.48276792484187536
0.8831340917921229,0.47563120286378935
0.9622046515646564,0.5024193605914209
0.9295803390377908,0.5112780976372768
0.9317276697222219,0.4865752314684699
0.576473119532848,0.49980976832394985
0.9422781402925647,0.5062431978938899
0.8995032757356314,0.5616710150363401
0.94046891169812,0.490425416786352
0.9105927238282641,0.4871954329315316
0.4672901334842971,0.5070323460348147
0.8400492712145609,0.4973030739486633
0.8531351823657602,0.4760450269330355
0.8525665601199859,0.5064484358508413
0.9125259439862894,0.5004628827402645
0.8436134988117293,0.4312498559518819
0.9188784352229371,0.5249925822864285
0.9235685774233426,0.49679282494656796
0.9584150551884212,0.6425632605581268
0.9258067984914565,0.47682129321677436
0.9598650753872717,0.4900851830157974
0.8886211404180423,0.491161011011177
0.7905372208608317,0.3514872814440243
0.8741655215034944,0.44517035719710657
0.9099199736624752,0.5079981371442341
0.6370992550192845,0.5012496779417236
0.7583744764994658,0.5009552089844538
0.9172405663207368,0.49503841941348203
0.8572140528954966,0.4862650022096402
0.8603607962260118,0.5068147018461745
0.5508969748415621,0.4990333602910242
0.8743452996615098,0.500709234597729
0.7993403149570733,0.3794938460098703
0.9407570530099685,0.5055491351364381
0.9302146575139674,0.4989235988034772
0.705403803700437,0.49764248480005346
0.9368646327050013,0.4946362221589405
0.8375667606620543,0.5002042638053794
0.8508778782559225,0.5008918644339471
0.8729558338672401,0.4764864275115116
0.8980332666229827,0.5034304468158041
0.863439276562185,0.4822985042125718
0.8770404608920257,0.5007293593662407
0.8616345059661166,0.4729819897802941
0.901151171658003,0.48250984602923064
0.896205209610036,0.5163743755137605
0.9279006386354813,0.49235928257959355
0.8827702713350284,0.6675838937184254
0.8459510593413782,0.4905864799607287
0.8755812116322339,0.48179603888774575
0.9260971784852561,0.5186274672777035
0.46723980798563186,0.5000713973007765
0.9238102634269854,0.49938777498144843
0.8610375315448755,0.49422000758453954
0.8096725231148185,0.8072345234378737
0.820692761018935,0.30989700580084667
0.9300310001954188,0.5110872011778874
0.917861863438334,0.5062413405165271
0.831237485143393,0.46324240605065187
0.9149634954066781,0.3803001547430963
0.8684740434310256,0.5221061537736374
0.8146329669680783,0.32377760910357445
0.9394815824371625,0.5173946760022292
0.8479489930259927,0.4808947337466497
0.916292105475899,0.4909461369050506
0.7087290354451886,0.4996475340343338
0.8002115051482714,0.49981183928713807
0.8472845215432431,0.4948854301928878
0.8999460995870103,0.48923335038470783
0.9035567490805133,0.6579086423348494
0.9219272083642198,0.5245265376025231
0.9281859615054595,0.4884917388889951
0.8922884297095868,0.5093970812644034
0.898612637917089,0.47835606718144036
0.7329494773264315,0.500400190874467
0.9122434896844956,0.48456514992437566
0.8359758071400198,0.34924456884208976
0.5350552751289104,0.49951067802655896
0.9143289296662032,0.5123630780469399
0.6977652678064252,0.498798988332101
0.8599415561655122,0.6834822672146695
0.9051494945413783,0.5050728701602275
0.808784373568862,0.2962447767471228
0.9138022949927179,0.5191527646137182
0.9276396912785196,0.5165776719976848
0.7533773384442846,0.2441431600179571
0.9373664235019474,0.48486146819826975
0.8703914779152992,0.521180672250976
0.8943556715746673,0.4989209146555156
0.8673042473962549,0.49985527749945813
0.9281480698200637,0.5054008944014968
0.7617163023894986,0.500381401815486
0.8739799746114134,0.48753600631600846
0.834055249446571,0.45689084453564166
0.9114371042394254,0.5056429247627896
0.9054107031940988,0.633208759286001
0.8939546779829217,0.50968893616594
0.9108008229512048,0.5228104079691992
0.5730822699729801,0.48917792595538634
0.6748403858225316,0.4985924846142703
0.6242033272154803,0.49905968694090164
0.6897796302225003,0.3303925993828999
0.8754200829371925,0.47664809415495163
0.6165598373607246,0.13253896888985645
0.5180490549914002,0.5009712726579845
0.9042180383087466,0.5120107737001102
0.8303622185673266,0.4651394209041918
0.9157804824883935,0.5094433365568409
0.9213069083311234,0.5093454616543037
0.9353833543037785,0.5127610196288868
0.9441681245957518,0.5081434955064573
0.9413383942521105,0.5178905795775692
0.9492299583422049,0.48411220572891595
0.8557500969773282,0.48263099088056016
0.9269888770768109,0.4889186054959097
0.8295785784677523,0.49910114529841676
0.9069239618786493,0.48753507283094044
0.900523287089543,0.496080814571864
0.8412568691301114,0.49774828981486
0.8473452331944833,0.4468503859293612
0.7743550767104195,0.501358635593713
0.8987745874849135,0.4792260509816974
0.9286735826139645,0.5058241328734224
0.8858464693164623,0.5235642379318056
0.9129689436358541,0.48347769415061115
0.9372688232257388,0.5094811140266402
0.8692239328721212,0.488751245738595
0.8672224278396464,0.47015006056865144
0.9399866823040578,0.5179614515062508
0.9052487043724404,0.49965261687367457
0.927992215905938,0.49939104178619564
0.9453539910581321,0.47850218023139574
0.8318701125611185,0.722225844228253
0.7382815186592973,0.28282934664333
0.9397959514621712,0.5175101658320025
0.7798424788717957,0.7650681637520905
0.8713367848172808,0.47104210379262285
0.7662207520794596,0.48017126856403436
0.7855826768411752,0.237886088711377
0.9236428888101953,0.512945012013496
0.8294158000393107,0.4219589601720959
0.9305939366232636,0.4845996636073102
0.7129837639189702,0.500154505513057
0.8965205543429826,0.509435581938131
0.8293635422871899,0.4664723122185839
0.7061556942723752,0.13106121380179397
0.6547674589255789,0.4979926167315221
0.8553185468653699,0.4175125245288962
0.9302530000124927,0.4915265600791099
0.9313946933486074,0.48092815258489185
0.9455991887411284,0.5096209275524687
0.8735335715164009,0.504745343641748
0.931285388584872,0.501957358238254
0.8770462922670879,0.4597623857960856
0.8371776903634556,0.4737219943879909
0.8888495833959125,0.4919966007825731
0.8357478304707731,0.4830633454814665
0.9059200180868383,0.48717493391845296
0.9107279227566358,0.4860648917942894
0.8504723286655287,0.45326617926477686
0.8764818213070261,0.49300771201133853
0.8427736495933918,0.45929046236024257
0.893852289527616,0.5155224807114518
0.8560240027094859,0.40742589333840884
0.8878424850782543,0.5178564054879532
0.8334005732479878,0.500396324307349
0.9256619233468208,0.48581647283567864
0.9479542032878405,0.5053804911985715
0.9347319734405691,0.5100404422532899
0.8576096430799682,0.4694739763804601
0.9284043540165604,0.4827819590151979
0.9137043672435818,0.4755645603413475
0.8159889262847994,0.5012413399398852
0.9333896848703644,0.5128622935176494
0.9081485363892992,0.4816085164982265
0.8849524429000273,0.4742489520569837
0.8810501046710277,0.4767116017567012
0.8652869093646552,0.4673655729929132
0.9182726043400662,0.5237774019460957
0.8770458806742749,0.4743707069263721
0.8719427113509126,0.4832872804082425
0.9301026960249833,0.4772542244515905
0.8787661817721446,0.48681611888167015
0.6161122692775333,0.4920779941200735
0.8351223254545979,0.4669291069938299
0.8643257074802795,0.47070931827468215
0.885963673707816,0.5213654545002256
0.876751537620546,0.50010959332693
0.8824305649208734,0.5011610249129909
0.7730800100871094,0.5001885355763603
0.9316136573933512,0.5049801047210856
0.4702935442331228,0.49901392510182824
0.8417778923335557,0.4832785984541473
0.4690191923722676,0.4894233582371618
0.8833552884204007,0.5629333896658654
0.8781041032475465,0.4977297845690868
0.8532449276499025,0.4639102449004414
0.8951513119660355,0.47382852047296653
0.8549882825110428,0.4846650027679183
0.9580057572924185,0.5005338391426707
0.8682580614742305,0.4954346100213872
0.9133370816455126,0.4867948040530099
0.8845530388723597,0.4815163320906533
0.8592742924227508,0.3970555177843849
0.8610400947081223,0.4815485236976657
0.8469375616366434,0.4855015039702618
0.9020597836027663,0.47700902349549995
0.6984416927736115,0.4984351611636635
0.8295937313845106,0.36592491356034673
0.7303813051914612,0.4991348815209871
0.9193873898395912,0.48978393216238275
0.8339754016728375,0.48073936090549013
0.8680279484381782,0.4764468465486335
0.6907819594454654,0.14216078364661466
0.9373763457386883,0.49207987792334734
0.870580505478568,0.4735140414176851
0.49641445506872395,0.5014382512925496
0.8530367454193168,0.4894007924130552
0.896285693025072,0.49494730887948785
0.8447373381739687,0.4736458805421394
0.8778817808941031,0.4882086529876946
0.8701661336111887,0.4756193107807959
0.8352910847361918,0.4881461467628335
0.8628795773665057,0.48934024852794705
0.5939822775015284,0.5000785225239901
0.8966723761418228,0.5247310363303213
0.6137514833223459,0.5030739538833712
0.9226973312492239,0.5150081695917635
0.8632232897379697,0.47727380257552
0.9321253953195703,0.48630718828044933
0.9040078096807902,0.5179059740330059
0.9315262516939709,0.5044312481003481
0.5000919529726627,0.49828237032250144
0.9304257966281062,0.5172805960528791
0.8890594591848913,0.5246867432174279
0.8551954473213121,0.42743728235582623
0.6079777125335974,0.5003247915646915
0.8867645256371832,0.5213700383672768
0.8591570263450569,0.5035440177799685
0.9359425364617031,0.5188119362641866
0.8486472729011101,0.49042683502208273
0.49468306360097525,0.5002583985834133
0.6594398419549732,0.49796823730512835
0.8436545799439985,0.38390363454780607
0.9215523692153196,0.5160997030758617
0.8616943022101847,0.49424770926520756
0.9139516125470619,0.4941571091724049
0.9290988463755703,0.5078222827597951
0.7375787791806505,0.5022329437082914
0.6978552015200646,0.4922843051950029
0.4828257252871005,0.5003285571344747
0.8510414692499375,0.4749605559523933
0.9092226581113095,0.49750771452154885
0.8639049500581906,0.4920529791456809
0.8588628705761998,0.4456092066020722
0.8866323183517102,0.48167683506262376
0.9210088681324954,0.48564820110557994
0.8698117881884793,0.4649813672239116
0.934619639315097,0.5087534237932251
0.8989892905903268,0.4976344278431248
0.9295150168337871,0.5184429878798709
0.8735098777006444,0.5154277255413947
0.8652341927459043,0.486365291916268
0.8468359420193934,0.4303743097281469
0.5074750271716459,0.49960306323365966
0.9328320852737205,0.47222811726928837
0.868573856535025,0.4951250683377508
0.8618757624294433,0.5176516941366464
0.8336801574122132,0.4480159172578545
0.6175441356785683,0.4987682592465782
0.9333999588021648,0.5212595681723059
0.8432372086260929,0.4767078345574654
0.8775740598395527,0.5015023016151652
0.9132075914350007,0.4837399515224498
0.8779195656513494,0.5013114055358598
0.5764969957042301,0.49874902279669
0.8572062895667709,0.5002857482115597
0.8297042001039963,0.36676105428158323
0.886584009627126,0.5029758146975759
0.8329747335101967,0.4162873091951231
0.8533764474296668,0.48314288596755867
0.890224550040589,0.5066454984919393
0.7720204094976075,0.4992557126568443
0.8440169022692321,0.4819428630329331
0.8351313857538472,0.2530085222457793
0.6003717128582708,0.5001381288270758
0.9350767675622396,0.4711774158137793
0.8899120878242819,0.4702987967331364
0.9506042576313116,0.4816377377717054
0.8799861650161106,0.46950645784751077
0.8817905650861637,0.43603311489974383
0.897595521734931,0.47707973759051864
0.9201528247311868,0.49354071765845614
0.8094809278424762,0.3602873177946646
0.9323150526909467,0.4958749166392289
0.9368307404776354,0.5096033333437039
0.8975452368758567,0.5054506856867957
0.8338732991449542,0.46573465671814546
0.8417490042266748,0.47682569540616704
0.8605708113893185,0.45161416691650924
0.8728150663471292,0.4862494972118514
0.508393764216738,0.4984002893328639
0.8952463819858222,0.47179078465180785
0.898666293175894,0.47854287383246896
0.9461006661246149,0.5119340858004522
0.9155718367019009,0.5222795305873997
0.8127039260899054,0.41822837423309656
0.9428448584025392,0.5013954817351511
0.8438709256522527,0.4804499847092229
0.930551842841383,0.4920955947240491
0.9146841842419386,0.4740254958652733
0.8705750860612078,0.4784461611348984
0.8601067753698959,0.45385402927560686
0.8465880167003936,0.47757937763238173
0.5981408177965798,0.4994363247506513
0.5200285081784224,0.49933027274445535
0.8595523935378604,0.4753190243895377
0.8553023230299119,0.509506257371898
0.8858487043996606,0.5006782736377623
0.9168831865324941,0.47705675571202144
0.9203513911872758,0.49884160030727487
0.8766036676639903,0.5096761384393252
0.8750591247407284,0.49761391241046665
0.9253226149945208,0.5002973238618733
0.5587325997930783,0.4963727439518041
0.5827381511945691,0.1511642658153915
0.8692037066919167,0.4999348066452016
0.9271778649145938,0.5109935856899931
0.9294988283774247,0.4936584874064193
0.9051911562481474,0.5211691528718979
0.8170935244126953,0.319223115835892
0.8297781403852057,0.4995596968554279
0.5749274629524292,0.49969571255453993
0.8441170131334699,0.7484229730064617
0.8529770360523445,0.4822210659365571
0.6175245408894701,0.49876418946536905
0.718018666967339,0.49978501114800744
0.9093574609894532,0.5128106871956706
0.544635535983133,0.4982188060785571
0.9453032919135524,0.5058567625656942
0.9368051069681507,0.49600672017421327
0.9508936032383666,0.5000673671644301
0.9390086931127131,0.5163280057399594
0.8724699076662532,0.4811801871460058
0.9027555242446671,0.4753885104287424
0.8796372794105514,0.4896985148148635
0.8814622011814744,0.48722731532538904
0.9102936981155019,0.4839859580309978
0.9368145427766466,0.5354548180684715
0.9215321780637473,0.5841276582128898
0.906790626996918,0.5221085608233218
0.9149329033031242,0.49852139516126154
0.8692138021083728,0.5021691083691538
0.6798698587187011,0.500058988116578
0.8859934856911307,0.5047538095772411
0.9278129053130257,0.5160193700577916
0.8623659766955194,0.4736309987394744
0.7539025941302668,0.22188757924504815
0.9378268265113577,0.5093496049322563
0.9305317397477004,0.4981839689965183
0.9202884986049975,0.5069268000026685
0.7422744548123337,0.23885614969182134
0.9289460646360416,0.504663911383181
0.870880479786793,0.5047249987331727
0.6080483504680725,0.10140664563137697
0.7563481661951912,0.49891716983787693
0.8932632333576672,0.5248530092386937
0.8541038023051073,0.4766780831224667
0.9291117793626054,0.5098502110026907
0.9290270475321631,0.48854766579827463
0.8793962274248992,0.5233624265893477
0.9230882793354084,0.5089449992856434
0.8602168666157246,0.47831681274103893
0.9446549935255876,0.5102776977371979
0.8557866566341696,0.46708725890409597
0.8191058778929826,0.35607164168174055
0.9212784077893716,0.5012160197626425
0.9323382956121166,0.4930941924237719
0.8833158240468579,0.500793526632434
0.6813277195596323,0.5000203720792552
0.8743047255788836,0.4821792068322618
0.8990760171911939,0.5229414761969311
0.8377602773904662,0.4812254556820057
0.8623919959774439,0.4652598593061249
0.9181287438560233,0.5243848761880204
0.8325056636809702,0.48926590752710547
0.9491663590294773,0.498192694422021
0.957217609871926,0.496820528589093
0.922939457751747,0.5199930662587036
0.9080139547314328,0.4754093669162165
0.8784645768625415,0.5217624670832295
0.6636312224804792,0.4999485331112636
0.9284232196551713,0.508477969224605
0.9226382123869112,0.5080920688693981
0.7580418956379615,0.4986993553676778
0.9184133351344081,0.48936207239949475
0.914462646769516,0.4956555529324459
0.8638622524613541,0.5012754497031138
0.9192243737576786,0.48490714358017145
0.8298663164004642,0.474518204692853
0.9017066544846448,0.7451453040323007
0.9311765226133546,0.51236831782045
0.9343070691301267,0.5001805835051542
0.8952705395177989,0.5143196266148891
0.825596118410307,0.4875827292627141
0.8955910320403433,0.522465928496119
0.9332285334556749,0.5077304200705316
0.5277972951432358,0.5001258719625478
0.9312302465654465,0.48395243219744777
0.6734228538917277,0.4999272135517324
0.9461993779660623,0.49719515304062817
0.9337829954276256,0.5081120357231134
0.9347377048985049,0.5080584804269597
0.5719464914251269,0.5001307673046066
0.8762373212697862,0.5010588696345019
0.8305279898464455,0.4811480544193003
0.542996509992884,0.5000840531765464
0.9246722923091417,0.5054788535353147
0.931044760136265,0.5123020125321872
0.9333913796980035,0.4856618517422684
0.8787723438395955,0.5178380641282108
0.91780462396271,0.5235829960874592
0.9437277420922754,0.5008890699272907
0.8616099377422564,0.4953945955229754
0.772829295737175,0.2932799095949679
0.4772646558524775,0.4992430177634246
0.4563168777495015,0.5084479489977687
0.7972057705506463,0.30380925411386905
0.8598466935034375,0.36743919302115047
0.8616248967623659,0.4609318762260856
0.8778101696072069,0.4799769198062371
0.9274731688965957,0.47694042094329847
0.8972011605149123,0.5130155159067982
0.5788720063865471,0.5019291136587933
0.6933582001501338,0.4999428905064914
0.9325547318527692,0.5209255559864453
0.8237934610226646,0.3828673031128208
0.8634018374753063,0.5027365565875713
0.8030841967322278,0.24955946369871956
0.9036121242396697,0.4727122218449603
0.9039399056560959,0.47119640133934293
0.8564655163392303,0.5139313875920792
0.4767085891340253,0.4992270010988349
0.879311482924362,0.5057513635729511
0.8914219047596533,0.49381156062213666
0.5820892636154754,0.4997308884698749
0.9101461775884236,0.5129734225479776
0.5719178361917427,0.5013144320299443
0.8579556349945152,0.4856818086377381
0.7449951359810971,0.5011093601907034
0.5447085637888589,0.49744412973912494
0.5869699774241971,0.4993432697273595
0.9459784195712279,0.5139497801147213
0.964860134909421,0.5015921366229777
0.954479012211779,0.5025099971464111
0.8707360859334876,0.4686749457971239
0.9010635355073211,0.4979747166523547
0.911310331617211,0.4969288491430278
0.8506976110284237,0.48658231492031373
0.8524892173401015,0.5035840950368097
0.8667343440638124,0.43008098600897027
0.8748579725133008,0.4579381019263658
0.8373594903419772,0.3346485396619447
0.927495753377266,0.5203945240840836
0.932618801329607,0.4795614355114127
0.8425702263420831,0.3535647891189371
0.8431332716365926,0.3337396321922309
0.4585293235432167,0.5009571097201917
0.8485677053841003,0.4475146453446399
0.9034380914656683,0.49752711448407894
0.8424271093928634,0.4657393012571661
0.9265608767276003,0.5644599958137411
0.9269876591650026,0.5375487998769038
0.8942363785434504,0.5134311772563408
0.9114069468324515,0.4974634297323444
0.9328983336188603,0.5023890425028636
0.8721104067213177,0.4881099688572524
0.8443016743814376,0.4764480803990661
0.8741887339818404,0.5067262748361963
0.907889709931014,0.4997648175459289
0.8998621424812481,0.4746853751846912
0.8561467947093746,0.4949983483634956
0.9360343688127788,0.5014216449147549
0.7718402477221189,0.339252651420757
0.8443120194728344,0.4964303130643348
0.842755459705554,0.48947939342406604
0.9295969780183135,0.5112855652254457
0.8379878661509172,0.500929436627172
0.9049941103326504,0.5003662048242533
0.8313256979613015,0.464013964039553
0.8696468256805464,0.5100663973280056
0.5193953784254357,0.49962461389801416
0.815054653850747,0.5006458956947287
0.9184568250176868,0.5017611527410586
0.8397093935515354,0.48034854857643694
0.8520170805830279,0.40156138206856523
0.8654221835221065,0.4975297238781833
0.49338779977544706,0.4997780874458799
0.505812691227969,0.5022057307246612
0.8812872884762787,0.5174613962423597
0.9081151273405034,0.4754120582874801
0.9293945546029452,0.500087753347442
0.9014756938100805,0.5070692074291127
0.9328223508833513,0.5174845852905
0.9287709617906657,0.5024487833989648
0.746677659166874,0.49992679019524294
0.9281275823766428,0.496008086646329
0.8413790083284928,0.489670770392056
0.9098293328062826,0.49952203388826344
0.9424346674972846,0.47957068274366826
0.8696367326915195,0.505514155796916
0.9138532869114996,0.4796593233838675
0.5863655620796959,0.4996130319869545
0.9126404013651879,0.5173767774065794
0.9421719387867553,0.5133738311864773
0.5521009855159213,0.4996914439482465
0.8642932326571608,0.4938228583689646
0.8684835420839543,0.4795814755046719
0.8989207319151491,0.5236793983843677
0.8305398798921309,0.4585149792567128
0.8671071425883755,0.443840064057152
0.8569654165534102,0.4811640890812888
0.8766419032845929,0.4788683107222529
0.8959385885842834,0.5157385319197051
0.9155877198113451,0.5131414241073022
0.8606331879644531,0.3839644786008337
0.8355038636245353,0.48193638365020686
0.9240723424488761,0.5226144150983169
0.9291408886587931,0.49664198780872093
0.8979391708194351,0.4999884824448388
0.9323141997438812,0.49562186914374984
0.5075047673055142,0.4997783737509298
0.87187531577476,0.4762836997658486
0.8989846821825219,0.5007866030725359
0.9119775248566948,0.488770384843589
0.8529661765651679,0.42445167132514444
0.9117825064206655,0.5014102152288081
0.8532407440310027,0.473368154309383
0.9578991141735216,0.5090838613760312
0.8588341965691206,0.47211488594513723
0.8553172330118206,0.46628578267567405
0.6866879095424016,0.5011063431462202
0.8056317509512063,0.4999054705451012
0.927172910269916,0.5166536884055142
0.8392237005047668,0.5026627319441114
0.9266628577129031,0.5201651038396212
0.9326149556001515,0.49283702911463567
0.6279629919363617,0.49893002059574104
0.8716762688671678,0.474999817874499
0.7674850969070612,0.5091688621343098
0.9305279930440584,0.4778355258511401
0.8994577724276576,0.5149435189026415
0.6275754313700874,0.4999019363326925
0.8478290035086518,0.4863174194932512
0.48284208764763725,0.5032476373482841
0.7899063197018871,0.49978042394828365
0.9235408101650087,0.5117684278758643
0.8502527432034945,0.48333439900205377
0.8838005188396898,0.5128368919476126
0.9184140599871611,0.5249987843601058
0.6025659439117134,0.4994420386391507
0.9336045176040767,0.4959618102848503
0.8376904318234619,0.33028432859936874
0.9032870244788671,0.4842902023002342
0.926111588174315,0.5205868540655838
0.7524907056354952,0.49838322499156973
0.7060239385468883,0.5008450018053505
0.8268415708934234,0.4816538469143317
0.8717925757116567,0.4752370084491432
0.9081899352172568,0.4750484640359384
0.8779961087996015,0.48894794996486407
0.9099142065209325,0.5315977318073362
0.9174931952697166,0.47807224487247935
0.6843750409287095,0.1944855775097722
0.9030258431384818,0.49363491111227636
0.5250910168447528,0.4988093274440563
0.8743475671582507,0.48373914221696046
0.8549826520429391,0.4736648014134363
0.8953014508590658,0.4779465354030723
0.6168800517230077,0.5010730918990633
0.8429431484459654,0.4924755707199214
0.8871737949476192,0.5222487276570076
0.8842460864608035,0.5139303049210884
0.9044752399051368,0.49175498479522867
0.6964944625434295,0.4999078261545822
0.5330355903164136,0.5013525060124354
0.7148509330568722,0.4990517151950244
0.911580914971075,0.5183051546317641
0.9499937043160971,0.5066173480296563
0.9124529984266432,0.5058232547647191
0.8796537080332827,0.500043753127092
0.9359585552676557,0.510887328376383
0.9050732108921749,0.4966278833357447
0.8518580733585768,0.4345302954853846
0.9177011771024954,0.47656838762902537
0.8902791425349713,0.47467254742238574
0.8354737303264743,0.4917742899590052
0.8428725347108583,0.5041785679431117
0.9727449633137706,0.49108596220402007
0.9144194780857455,0.4842974817778563
0.8894169431905035,0.437679430316701
0.7721340327912528,0.8158003089970075
0.940091280670516,0.485780027549195
0.8329116914165438,0.484118234257332
0.9085785269419175,0.47543272668489533
0.8602170194481236,0.4935293552582871
0.7307259442220813,0.23620935811259158
0.9084772790982476,0.4788358671153471
0.651109771561772,0.49895465918896914
0.9325383338811746,0.364620867910869
0.8800052603362162,0.4886726538206904
0.8588945034924029,0.39511442236234373
0.9186510569588742,0.5161433580166769
0.9361730259439422,0.5116735764934071
0.9676040324631627,0.4924409548778271
0.7776899092330887,0.4986458585757831
0.9338001775005399,0.4974859651090866
0.9244964728213552,0.5157675645339268
0.9093250355668095,0.5187469059214449
0.880329030572617,0.5204781326622459
0.9087837853203081,0.514565496575057
0.8599408495281465,0.7238321238150253
0.9443203939345397,0.48404090102979674
0.9009483437820409,0.5161376047108771
0.8124757553677144,0.49311738275670686
0.8870982036796299,0.49289792097225216
0.8875754615803078,0.46784394776771876
0.9462178202697815,0.4955665212342968
0.8814236159845281,0.47960055927012185
0.8712632641423472,0.49638468679165754
0.8557170677701937,0.4638075795283696
0.8630914017303846,0.497032520880182
0.8369148793416465,0.48155752042540945
0.8217095165500492,0.5000175241187298
0.8862768175395174,0.5098577642764534
0.8888520088944072,0.49925351281750247
0.908036652148543,0.477669432318478
0.8483778853398709,0.4984659171543851
0.5384840974647884,0.49975355816437445
0.8753970954337398,0.4872074554961439
0.9559238262348002,0.48423687777411817
0.8751900920014569,0.5063197857098627
0.9339837192335816,0.5132252788785419
0.5594988328698558,0.49880018555423117
0.6385156093667861,0.5002314904745517
0.9012675205771499,0.5078479545782356
0.8889793029392791,0.5078674223922404
0.8811788442929941,0.50882411316714
0.8872480755835861,0.47580286889304063
0.8636554243022825,0.4906836033280005
0.8930810944287069,0.5016880490760394
0.8872104274271435,0.5216372961007795
0.8888961084353535,0.5000878307048703
0.7662254045271567,0.498939350734923
0.8764837465117916,0.5128472016915421
0.7095960122604495,0.2692450810860043
0.6158569761983155,0.49801822077521474
0.8777146058394916,0.47033276953664405
0.6570151277780834,0.500424532608246
0.7147178866359907,0.4999870529326086
0.5993991984077053,0.4997778858978069
0.9767792922463325,0.4904124697047812
0.7047162579240277,0.49756217539126313
0.7187771297615873,0.4977173449856245
0.9169828908132236,0.5145869665382299
0.9030806029613381,0.6994176464970466
0.9174222853736551,0.48475140295292074
0.8270428460070602,0.3778840996026819
0.7860411876119326,0.31297710625015596
0.8975264211331626,0.5239672136736246
0.9212087105526298,0.5010386598433698
0.9106407996427992,0.5135196642388349
0.9253123527053484,0.5008282728995839
0.9416633040940489,0.5138161990856583
0.9341796335398662,0.48497704383512313
0.5448612820486032,0.5000200575135042
0.8319144755372799,0.5005097930608158
0.9238704118836627,0.5048344787720339
0.8493112641594962,0.46461574635606523
0.9456572840071927,0.4862814192742231
0.8407750159052672,0.46240339385528145
0.8726507767309121,0.5000716822025384
0.8705556269937047,0.4651608271674329
0.6349326684542598,0.4996068515597919
0.6930391064690421,0.4998128433184661
0.8835821148270531,0.47364867671033806
0.9149860930721208,0.5222367194499294
0.6693375889302621,0.5000116224842033
0.881810852902444,0.513738415962534
0.9279226624545289,0.5169316046897262
0.885248676542422,0.49290329871056093
0.8924369819595368,0.4783138778501268
0.8518732922621464,0.5022048306982697
0.8674999693193762,0.4952530045554089
0.8438345957180566,0.48117867904162537
0.6734053345863867,0.1637868784991764
0.8890726592445904,0.5195792497139363
0.9170529912366905,0.4964308081997007
0.8823452082326384,0.47274229337755286
0.8554007885625006,0.48739567756816715
0.8739236221041907,0.518610944599818
0.8752808966139436,0.5087007383330321
0.8744171722426657,0.4323139921403718
0.9417770573251623,0.5059520390241631
0.8774652774107385,0.5040238786879684
0.9295202798653539,0.5160146680015556
0.599810643814311,0.4995424964329412
0.5182993669169442,0.4939433159578361
0.9372003810205375,0.5018762199425119
0.7775723458133457,0.49911829152209064
0.8785608115788932,0.5100920798001184
0.8511427366950801,0.42791890667677557
0.8428871329652761,0.475659769507094
0.8548935267765008,0.47970440908919293
0.9459884350708294,0.5037438356117394
0.9400419122072472,0.5062762033651534
0.9581523767664569,0.5000054303815279
0.7056466638271939,0.4980370807530195
0.49201708639883235,0.4983110222580012
0.5523820161279769,0.5004252117767125
0.9172174762120758,0.4894755152955341
0.9275706205797304,0.4793047000747824
0.9303328831672386,0.5216882635136534
0.9230841332259087,0.49970097351081355
0.9092191333314192,0.5189905766317653
0.9068131425288883,0.4923688263459657
0.5533340670233379,0.06431543876583329
0.8195229122777075,0.398467808219265
0.9697428915624771,0.5914554773334668
0.953882620434579,0.49823635781116643
0.9186550898153689,0.4362297142479309
0.9365495686067437,0.5093121423007125
0.8644458830362658,0.5114878382112309
0.8401730232806939,0.4793562973722801
0.9229895290200021,0.5210988339795354
0.8783914267602586,0.49940660160555655
0.8805123592417863,0.49947457670096057
0.9417772611740172,0.517400084561615
0.7483161370010118,0.5055105999308414
0.9390150566394209,0.5072483891359753
0.8389409744698169,0.4632257801193024
0.8860772584113086,0.4733522036202315
0.9660255245354092,0.4850378934421191
0.9221939757980155,0.4994939981859418
0.9323954427083472,0.49438002096431005
0.5402586873500616,0.49970560500684097
0.8693633082702843,0.5000675828973846
0.8647940439656114,0.4937292445022384
0.9279854187134163,0.5037086420187735
0.9294879775278264,0.4814522379997096
0.8294075690656642,0.5009446683884136
0.9748414192197878,0.4922456716885717
0.8706521825248991,0.5107103696057612
0.5810169430319028,0.49485320635699426
0.8564225280693405,0.5058026213227844
0.9378113352472466,0.5027020994158358
0.9319082372288711,0.5077924191551696
0.9237497529848162,0.5223453198961459
0.6622969482002546,0.5002237593056044
0.8977947895218457,0.4743760836442902
0.8847945117330254,0.5000369302640038
0.9193693354782151,0.5193285556019277
0.843453589770635,0.45658924308503795
0.8092161929768726,0.4968541514006327
0.8575129011218309,0.47981434070089757
0.6861785374754297,0.5004176220047966
0.8726537670040797,0.48621610414735233
0.896524773606656,0.47519971242833303
0.5743188512426471,0.49326133465869076
0.854681256681131,0.4586663140977191
0.9343980119130461,0.4988012204222062
0.9074645860503926,0.47608067942942905
0.7942519146719784,0.5000135882160202
0.4801630936138618,0.4990193149832972
0.8793645619760814,0.5031671651891566
0.7950319455076358,0.40396729963127975
0.860288905882889,0.5022064756928029
0.4799538325860201,0.5003505726519827
0.8842850670254514,0.49695736241351246
0.8918041152052296,0.5111123723359606
0.8906658465089148,0.4878492217137163
0.6829628243598976,0.49982102656535876
0.8816240235100574,0.5096555921065489
0.8386946304240572,0.47759488790544197
0.9313897968276388,0.4823094489335306
0.6820802549725051,0.4999682495459922
0.777316821334251,0.5013396169499985
0.8614371427879411,0.4852855010206146
0.807901038999158,0.5005603000854584
0.841124204283721,0.4933384701527586
0.5120553388488615,0.5013175826232558
0.874518870375312,0.47839321449334643
0.9314890681674968,0.4958291412866088
0.8820548138686587,0.4958662615982729
0.8650546991190953,0.4997252264408735
0.9162566788582732,0.5060713657487137
0.8683345936003264,0.46803895905000326
0.8437337124596946,0.5008400908180667
0.9249813364565556,0.4939487566958046
0.896431336697487,0.5253046092261093
0.9311331562858527,0.509694611857898
0.9035753088937148,0.48466000048241564
0.8807411091420038,0.4869563305914394
0.8792905854788158,0.4870612945697376
0.9203187220718886,0.4863833966279087
0.9426027755527067,0.5083396559285601
0.8333577468052036,0.3878068356851609
0.8396303583378001,0.3530690573879637
0.9120100296817408,0.5241717460592487
0.9359595810887532,0.4798475374633466
0.8331874899676979,0.4404095986758936
0.8332009070218666,0.48240471632431403
0.5692160959430218,0.4999645645018707
0.8135234952157401,0.8177176995981732
0.6480885552510056,0.4987601012716805
0.8810377616149736,0.508987981752714
0.8626223267379162,0.5010782331902727
0.9200853762233981,0.538180235233748
0.9474980824402313,0.5030955334748238
0.7384893103750554,0.5001459604187328
0.9545351646076514,0.5041360006856684
0.847529508473766,0.47158855522862564
0.9236950882385251,0.4889994485229763
0.8998414678662795,0.5053605938747479
0.9411438794378709,0.5002081306467171
0.5804624355786854,0.5007762690301493
0.939327616772474,0.4882763691309014
0.8300962921065128,0.49898236783923755
0.5530801329203776,0.8551617619980345
0.6161855912255808,0.4998253372277528
0.8885676923674415,0.5001068445652549
0.9283026516250759,0.508890843664233
0.8415694227320356,0.5006471750873697
0.8173306349885221,0.31109626103656796
0.8934851983438006,0.5150425241747972
0.7539742372164919,0.23347727192799544
0.9256683081063692,0.482802220951907
0.9150828728579674,0.5175675874340219
0.6891580174249803,0.5017940895124317
0.8309223787145793,0.4564036026926165
0.9308469183876931,0.5043209590290497
0.9452567269157208,0.506377270136625
0.924161643900731,0.5215471171845584
0.9101239839070705,0.49986173973958004
0.8480069262571728,0.4776259427966368
0.9043763425954381,0.47790921278212095
0.8577148945634204,0.4876183576399175
0.8270441923091345,0.4832530686952644
0.8696526014855975,0.47354893137377396
0.9289490823271603,0.523422597051047
0.8264140784671926,0.37801708914442994
0.8260718153026543,0.40347642275199813
0.5781557749261054,0.4988313734401507
0.7576537744856686,0.8405006897642995
0.9192851272287248,0.4836935186880546
0.846219617952873,0.4938351270766653
0.4799376069597984,0.49973507508329906
0.8772796302905764,0.4496055118354271
0.5874828989357812,0.19783509834281432
0.8683277264372888,0.5156053579322047
0.8517040205719775,0.47576206605264554
0.8861776214678706,0.5077264470160823
0.8672365643365856,0.48535797028837907
0.8983147981920441,0.4751265000274813
0.8637341447259956,0.48146750301820584
0.8371720368611053,0.47265563224148743
0.9293318327836241,0.5014019603665927
0.8656889239500484,0.46888321673031363
0.8439367370964439,0.47462972444792767
0.7385488918796927,0.5016711907691275
0.926852978367297,0.48601785286578697
0.8656503993664502,0.4628266719473011
0.863626427442342,0.484285984626871
0.9214795163172982,0.5035743737694945
0.8195307453807008,0.499976537026657
0.9166957492064007,0.5214135426594447
0.7979475322866179,0.4891688432699579
0.8782147844893504,0.4726908474956925
0.8805253037402276,0.45577353180758845
0.9325180635549154,0.49904883919181114
0.9078788381264555,0.4916823645734434
0.5929375681887221,0.12502432863887447
0.47407461565252174,0.4988715418364502
0.9325598795159462,0.4897034521436564
0.6851463896915488,0.5013177492343975
0.8201006095965404,0.5002611628287039
0.8764749843679653,0.4720755692099848
0.858568267318665,0.7177070271848727
0.8643705842593328,0.4759882113397893
0.860420434248404,0.4917202016604661
0.8826165574825688,0.4788029926641999
0.7733467298013994,0.4983825372078679
0.8870801695422612,0.49336472616949434
0.8776770080060559,0.49814611970257766
0.6220157998729972,0.4982475426681102
0.888134719909354,0.5225578760055073
0.8569002543866542,0.4984255475122414
0.9195667030082628,0.5036623545289688
0.5998253002310525,0.49944397139923863
0.927818226162256,0.508920082196819
0.9417984579335028,0.49935823352820824
0.8517935123795315,0.46923382195095853
0.5707113285787746,0.4992721160940867
0.8795497118129405,0.4747087422417431
0.8439490309719191,0.38881854240490504
0.8623390133895645,0.43308271824887873
0.6410831643935241,0.4979214008712579
0.5831827549569951,0.4971027218636936
0.9310602588498266,0.49797067815859875
0.6643506246021099,0.2894499559556232
0.6279258214896491,0.5000941952700674
0.9189481874444431,0.4929719176892533
0.9327473212826038,0.5211441322583599
0.9280117970003743,0.5199490333257094
0.5439190412325514,0.4992622817880433
0.8841992355931888,0.42176624287646225
0.8661703744002207,0.4955796218917247
0.9230210827334728,0.48010455935648416
0.9090793624660484,0.5043517747994597
0.8873529546793799,0.4732177008841739
0.8373388360483425,0.2714639845145384
0.8472675647905685,0.4668281909477357
0.881505851373932,0.5029923340950131
0.6899347659652068,0.49916240208242385
0.879504432181341,0.46463238993581407
0.8331100458254366,0.48633514315794096
0.8983723436054845,0.5123613658925881
0.8399300375751537,0.43220537880716414
0.8574672500450008,0.4709943021413216
0.8274240851918253,0.49379413215003704
0.8646998894628849,0.4397688277029106
0.9251893985859014,0.5015196647898338
0.8700176622954352,0.5038802443562106
0.8714701586680156,0.48753332387325615
0.8906855986022668,0.4891612130568207
0.6485573731446543,0.5027593206360661
0.839589716447096,0.3389550336193257
0.9082153681976546,0.505564838549682
0.9143983649414174,0.5038599344036075
0.7457820922008629,0.5001176793030611
0.8867453748433645,0.4742021957832657
0.5109022963289277,0.4845527784561275
0.9147922789267073,0.49423676781704406
0.4634584111477892,0.4999441631258877
0.8988597530331492,0.48052555101580113
0.7793577114069018,0.5003552295333611
0.912114644038363,0.48346444327509736
0.6492789404040458,0.5004142779817987
0.8628802937066808,0.49805663669084405
0.861031731630961,0.5123603186042394
0.8932029709323139,0.5027992340059805
0.9252576181737678,0.484338589675352
0.8991472303246357,0.48851370486101375
0.9268632964934939,0.48844110940012603
0.7852663756629679,0.4952651263045544
0.8599092067507198,0.4766024209058353
0.8890558894849548,0.4910152478320759
0.9279500686989608,0.4901519628793822
0.8501403834004333,0.4637803253639523
0.8375901406327729,0.48065922031022046
0.9313876806242528,0.5176496169400263
0.8296743055318341,0.5002605964780316
0.8564357375794955,0.47735357374510556
0.7111109335794701,0.5007460597243786
0.8989186043710957,0.4865400453296764
0.9206538502572749,0.4994843707563052
0.4995604675768438,0.5020593891396223
0.8461602559222768,0.47762183668420133
0.6438417082128955,0.4998844891588677
0.8416925817446381,0.47588687756693643
0.9284433359470707,0.4723926086960237
0.6484923514034163,0.4981414643343208
0.9165019467639783,0.4853354995362779
0.8583107754194139,0.47378126409370486
0.8765719950407944,0.4822536852951572
0.8800718356666524,0.47795367222890073
0.891565829251987,0.482327791800797
0.5025941350589385,0.4996213124949831
0.73854824049041,0.5057649813071587
0.8904187008054175,0.4827003042345853
0.8851321089298954,0.49627743626845633
0.8660673208231007,0.4901805148089831
0.803287313514814,0.3044847002556945
0.5277071332320409,0.49553253646416934
0.6158459431855303,0.49924416355175
0.9082126957650869,0.47701889142325393
0.9343627854422349,0.5121845304601806
0.790475876592168,0.49854289173982774
0.9276444128481773,0.5121646612064018
0.9028837144517442,0.5012738976743553
0.9321988786913162,0.48817510444289336
0.9170519533280914,0.4836951808176055
0.9281568947419405,0.48360051539557625
0.9367599372980849,0.5395867020178453
0.9366124769814681,0.49916683112124716
0.7518297891593686,0.8125155593361575
0.927895445760808,0.5202498352480626
0.9287841192690914,0.4807113449684166
0.9183798687283674,0.5032985944268207
0.8658088318233419,0.48163537486781854
0.7840063897819084,0.5117635693194511
0.854173604678624,0.48113660466330566
0.7942571401271142,0.3851239037900195
0.8657243810279394,0.4721817096812311
0.8636046714561959,0.48731934673438093
0.8669482884242462,0.4861060637597493
0.9079865763514705,0.4879678159370116
0.8653085143855066,0.4792474224301483
0.9228670647355619,0.5006782858676134
0.8837043250900567,0.45489133116526337
0.8480114728933295,0.4686284243375063
0.890843228538276,0.47840434539143933
0.8803255187596397,0.49508508739241236
0.8190276664943854,0.5136718995766549
0.8911556676373893,0.4894530086301079
0.922429998608207,0.5174797752335905
0.8669209073635804,0.48478089539750097
0.6903972970667377,0.4993076009429579
0.9238737542202242,0.4879910456814483
0.9314024656748945,0.5126471907275446
0.5308092176872212,0.4990864185072796
0.9038321841976996,0.49678018314986977
0.9139287802940608,0.3515000563242311
0.8715419071428236,0.4759662555026487
0.9050446610337046,0.5230543526505049
0.8955234369609345,0.4764620924126566
0.9108210115162413,0.5094847349243757
0.845628154023114,0.4365357544302554
0.8660990513458086,0.47453134750878445
0.8557256192944162,0.4882343862357137
0.8366822142585634,0.49728805132140763
0.8768795603641697,0.47156868254288586
0.9134931559586754,0.5209979946733522
0.77032355241806,0.49352347007968483
0.8779921046416647,0.5067219868410926
0.9352636102105261,0.47658384966685097
0.9226777288821549,0.5078734263907997
0.5731671328449823,0.49967749434778846
0.9089311458538313,0.5146579191761578
0.9083148300897725,0.3274385903048652
0.8743668692028361,0.4682403426820288
0.8861089376954527,0.4996756855760071
0.7918263947041574,0.49955493424649755
0.870950461397385,0.4661486531342405
0.8354413349684964,0.47032576383187374
0.8306108045158074,0.3454059966517996
0.939598671849029,0.5015143622336975
0.898031998006611,0.4809182933160476
0.8861016867157776,0.49620810731029463
0.8498159249863049,0.4754019591308941
0.9080489169135266,0.4957710885175856
0.8917507528296674,0.4766840342792805
0.9102728482370728,0.5076157070126311
0.9290910820594208,0.4934395805316121
0.8865963951356163,0.4902974165069397
0.8840869931394602,0.49784171339935096
0.7139746093307726,0.17302187298506483
0.9055845321146812,0.49083311959422254
0.8370674742301929,0.4766239084359495
0.9219519370372147,0.5183249963996294
0.8407637834129118,0.39676462368743404
0.8601203100308205,0.4710516825472506
0.7218715837136029,0.5018419336188071
0.9505088484071023,0.5001828082341682
0.6669832471347604,0.49933284674657474
0.8377658410563245,0.4920774058338453
0.8861656866903811,0.477371079690955
0.9065449918584336,0.48277070224236757
0.9360017737161561,0.48226912600527
0.8268339023646946,0.46118861247051834
0.9070662133859532,0.5083180808351989
0.9295337157835377,0.5739468321187433
0.8571810790573298,0.5010989994138165
0.8891057303817054,0.4785575533661418
0.9285555036367901,0.5083340518956913
0.9289005623163478,0.490937002364357
0.7082717759391924,0.4990610111464497
0.8864349336336257,0.5090933975782919
0.9156426529322115,0.5162646902947904
0.850590181881818,0.49576984863833085
0.9317824078322356,0.5178764879657054
0.8866264272786172,0.5201981885239362
0.8332576175009139,0.46974877908598694
0.9184477975642626,0.5247210054047071
0.8418862400836082,0.43964549337990044
0.8522666038063491,0.4802494013341527
0.8418978621109641,0.48074314029570975
0.8665332556963978,0.4980261963498072
0.8555440868840033,0.47983569789675196
0.6515607958111966,0.49954136211707545
0.8853535094739217,0.47390251067761596
0.8698502728533969,0.505641296277063
0.8487541842248456,0.47161475720850743
0.5740100587457718,0.50017154291207
0.9109141858734637,0.49080536970783883
0.8812076332043686,0.4777195380526176
0.8792088952259087,0.481719045641368
0.8088136554039649,0.5001052778615679
0.9139060814847257,0.48913337321577494
0.9076658000181007,0.5153848802533451
0.5873544137791649,0.4789184608417607
0.9231555456934923,0.4757952784564573
0.7177964928492391,0.8418379912199281
0.8664956878414753,0.43452086999795736
0.9302782951980271,0.5200565205835098
0.9195767845713403,0.4804601539556497
0.891191560832598,0.4996157056220172
0.8976146217757456,0.6717857532607822
0.8776987248300506,0.4717293781247275
0.6157078016578101,0.4997680305083513
0.8666790145916337,0.47734304365494407
0.9337102177189793,0.5000008533744603
0.8433264308340676,0.47445921464824437
0.9335298456486365,0.5009074179011943
0.8038989950176614,0.3274285995677696
0.896377410877451,0.4733994222041162
0.9010587972249587,0.5201200232349932
0.9238273606028087,0.5047230711304832
0.8447447120383569,0.49989924474519837
0.878962237812875,0.5476233386982005
0.8736421452103296,0.49534440699678184
0.7831479855542856,0.497724002959626
0.8872471371637582,0.4885744068084859
0.8938127866634235,0.4796939677008142
0.8290891427472783,0.44869939478035964
0.4690386849160534,0.4998470677653611
0.8725448209310425,0.48348983867887485
0.91073475545863,0.5083454710394837
0.8530212804692587,0.5047133458797018
0.8522560485287796,0.47940602529059223
0.8996308981618522,0.4828151526152892
0.8828768774405455,0.5006307114147205
0.9363802604323073,0.47989634836525275
0.8585720628279947,0.503466874421241
0.6267503740392033,0.5001498789827958
0.8808497468876239,0.5007453124647051
0.7623193338103402,0.4995420545123082
0.9383286308795709,0.5149953480004711
0.6994340678619868,0.4998500190779233
0.9296339166928409,0.4950815019964597
0.9234519957774678,0.4895790396580026
0.8480723008404731,0.5008578973359397
0.9367891274729572,0.4863378821285483
0.9017642935681867,0.511299457700727
0.951895533421752,0.5057103332975101
0.7429779534198184,0.48471255369809835
0.8590484823823339,0.45480726890997114
0.8741576022689508,0.48222089504413274
0.9322625037960648,0.5192876862258352
0.8731449011865591,0.5145241810961131
0.9275021241680486,0.5240619430064802
0.9052341771068304,0.47521105885998083
0.7939612528947945,0.4997219684804316
0.879684312851583,0.5062993939054309
0.8893281407519462,0.4741753713833937
0.5272139397620297,0.4997296391516868
0.8788465288464067,0.49466657882563614
0.7019321494878954,0.5030862889528854
0.9274680379444489,0.5032994504487335
0.8625315001290992,0.51656210756321
0.861195087619818,0.44723052407133584
0.926798194597714,0.4776850885486284
0.9245724807112964,0.4810743714475689
0.8522674419827495,0.4702105164380633
0.5611413520630522,0.5010433549678899
0.9339451519568319,0.5061128735523706
0.6399680066536152,0.4994687100640506
0.8619006460719267,0.44951682387203984
0.9277990879721237,0.48166124697680884
0.8522387274639147,0.48143358560987404
0.9429303993453969,0.49111298734929865
0.6341363504208661,0.4989083545560664
0.9163412862871332,0.5147469859341369
0.8613773081334619,0.47857660584996686
0.905924137090037,0.5008077761878073
0.9019434031387616,0.5226301649357807
0.8887056819439177,0.5081037647391813
0.9281149278578672,0.5094882466620011
0.6570306743101589,0.4993086603048341
0.8770300063822678,0.5005087984942415
0.9239768054459341,0.5174721264298785
0.864383710740223,0.48018129319048936
0.4800799648265198,0.5005823253443276
0.9617626878763946,0.49609115239211365
0.9159540789988889,0.4886364920930688
0.9234128164132516,0.48571024890617825
0.6247900163409732,0.5040902391118739
0.8044618833057536,0.2947961257868684
0.8858787210226053,0.5092781283980387
0.5993009830086433,0.5006847829347102
0.9017645611216912,0.4931578928431288
0.9292713136148751,0.5097209301284064
0.9298077232485191,0.5246220340970275
0.8176195199042002,0.31365408731145017
0.8136057265678702,0.4986584145649767
0.899760609994222,0.48714005309712505
0.8068662811965128,0.3877373396151803
0.9214921706292216,0.4817128454558855
0.8912728546989565,0.47649089160250013
0.8492465137489666,0.45384587885611427
0.7573325866101945,0.49940551186107757
0.9287757834461873,0.49093816149095304
0.8713850136327772,0.47288678561178843
0.918539641847225,0.49957571086035163
0.8521699640479177,0.5335808212691601
0.8671342428904562,0.3479079388034002
0.8584378428484989,0.511832200171941
0.9261596701635553,0.5137440497098764
0.8985231817374398,0.47465727680486974
0.9306165490076461,0.49925994504526144
0.8626624818028679,0.4734676935775718
0.923582505134007,0.5234554440548139
0.8572554926321503,0.48089843611072175
0.944463341140859,0.49980410237187956
0.47217668471958024,0.49954925675273026
0.9291410134028,0.4977215182338515
0.6907275388687051,0.4996461497487075
0.8471025133347654,0.49476665177120155
0.49304453114978475,0.4966141776703194
0.8429101568761828,0.47865572910547083
0.6447471605506818,0.5021664423288589
0.9231801840080478,0.4893936009332806
0.9311727695488315,0.5181385073540153
0.9022951051250857,0.5463909734521126
0.5987690777425836,0.5011479002103523
0.9087854132939149,0.47316794932712813
0.9355288767979324,0.4800356314045015
0.5610530657023449,0.5000085577078676
0.4951232231255222,0.4999380315038068
0.8428304336064275,0.4630060525015351
0.8576875903596608,0.5002666486979903
0.5927863361156132,0.5016358682334687
0.8673881616509778,0.47147643968531117
0.9079056884393477,0.5012510765601761
0.8971806122695886,0.5142528949551463
0.9210170929602975,0.5244602229187512
0.6997914405528967,0.5043728148531034
0.7840341255320122,0.5008501585842622
0.9470021788551557,0.4857497761540266
0.9171388212382369,0.524020549670602
0.8917256833649808,0.4778681437841785
0.5827831332081664,0.500416312163623
0.9047415115338899,0.5253916002388579
0.913923043798512,0.4861448937335318
0.8984837820941204,0.48155924648791254
0.8696586838432709,0.501566217337142
0.608039261894295,0.49803197199362065
0.5643770108344764,0.49803171587047296
0.9363450180907138,0.4888382780993668
0.8303735962766751,0.465160948709381
0.8951010105342474,0.4993485575764621
0.8269841490213652,0.43307587348984006
0.8748260802851686,0.49166088303426203
0.8845480672902515,0.49162489514799984
0.9144194364014042,0.5026244337011516
0.8518973655143598,0.3683813694693256
0.8686240749602551,0.475561168450976
0.9113170326225981,0.5211493796229673
0.9288074852495704,0.4865050455112707
0.8875059432757586,0.469237762726577
0.8007287434214425,0.5003197648354631
0.6777442310850228,0.4950688878945483
0.9355483798942181,0.5156000962828999
0.8481858997054235,0.4707660510107994
0.9278907498236119,0.4846184543738177
0.8751088147133641,0.5065311603613137
0.6117485505138115,0.5053856354179437
0.8643856179123526,0.48503038444879126
0.8618127771099187,0.4773234675038619
0.8541920351102292,0.4758934061395661
0.9280707950914009,0.4832564936229691
0.8626809338960781,0.4742383472152557
0.611133237584809,0.5003299321069452
0.8415613558383046,0.3344152484512343
0.8668584407210856,0.47479423061091797
0.8988189772609154,0.4788427027959124
0.8964634682936243,0.5013913124155063
0.9045224380854069,0.5048805057162397
0.9289792476964853,0.5019034958743137
0.8069731731697062,0.33659103759684156
0.8468715447522638,0.47889982236378126
0.9115214310647803,0.49742066145847513
0.9235706188702203,0.5173198768222279
0.855183263109986,0.5033610145256326
0.8874995638907952,0.4740254171661421
0.8968868154614966,0.5232108981235093
0.5226491210267054,0.49945526778585564
0.8688458968597759,0.48313462134070495
0.9259469179446925,0.5186734662480667
0.8932407573124603,0.48759761894453435
0.8788326870660772,0.48036695467233714
0.8713169433387359,0.49233216777161565
0.9278368207982077,0.4859674370109094
0.8324197480488817,0.4800522040886538
0.8255986901607568,0.4840769747909746
0.47013522619543036,0.498234118480807
0.9520013631880725,0.5035507940489362
0.8842044049056839,0.4898589786022924
0.912712046615421,0.4838875205111419
0.8706509326045068,0.49004768602198945
0.7578445967222276,0.5004025221353762
0.9472208803069808,0.5462859675667394
0.9480534987754332,0.5158571895007887
0.8498667921037002,0.4453389077495552
0.7840174712108186,0.5000207878368463
0.8527358701959624,0.48919016629622225
0.8449305364195487,0.4317036676369965
0.9138479232853087,0.4971805683191769
0.9008803311144702,0.5046612481242843
0.9312128435507432,0.5047449565156038
0.5199997623572661,0.4998225452580842
0.5238506017193119,0.4999507628299606
0.8729171176257191,0.47740851688936686
0.8672856195439962,0.4351412522335951
0.835233390368847,0.370308140936468
0.8958870970254352,0.5059341509997005
0.8651330385771048,0.48434285486192996
0.95420664751335,0.5034368828826281
0.9323924769080115,0.5111915918941052
0.9284528340309084,0.502899918360519
0.9545258414592549,0.4896760536634318
0.8748993018491519,0.4837767220335413
0.9311061082138327,0.5050987949973912
0.901673585612393,0.47040539110675084
0.8845344412860702,0.4751129320542364
0.9015999679776164,0.5235997989737455
0.9168819200225602,0.52109743104283
0.7776447630902802,0.5063476768758831
0.8349965852206824,0.4998854096210636
0.7612131316278574,0.49904202545829396
0.932741872290608,0.47891024414162914
0.8860752250818824,0.48017954966123555
0.8898067466716579,0.5034477922928473
0.9456736257989697,0.490137265768371
0.9075022045520751,0.4808485835292194
0.9053266589478095,0.49999517887019784
0.9508928054402267,0.5188681199074425
0.7091359881812688,0.4999787616755705
0.832402084904089,0.4859478905363392
0.5807631117904083,0.4991546019789658
0.9045464094384026,0.5271575452462732
0.532787091557742,0.4974403931703988
0.6770763871807104,0.5057862844221146
0.9291330782891287,0.5046958714793861
0.8586256839322464,0.4257794719572832
0.9635236963543481,0.5110674146859949
0.8723396617849668,0.4776012230289104
0.9116349084208761,0.483985387861787
0.927329263069899,0.49697350022188175
0.5400179478509213,0.16157851475943324
0.8644551083437948,0.4672625525842486
0.7503755677486941,0.1492110803698637
0.8991208286900659,0.4933401871866502
0.9632440701917817,0.5049244653164712
0.9282107082759032,0.5158051864900788
0.9179188884393878,0.5243551379612068
0.9067979779595846,0.5524709178310472
0.9188260326534257,0.4800212547767796
0.9058006706431039,0.499375186849088
0.6872069361724981,0.49897263580865525
0.9225497099370767,0.4882744887663619
0.9553634657885048,0.6179238614424102
0.9083166829976126,0.505270248269638
0.8353368017953859,0.4321446265431075
0.930826229758726,0.5189722217840226
0.8648430325155039,0.4727471364223826
0.9499291453926434,0.49541693324474656
0.5980153388179542,0.4977441286695826
0.8576852822220729,0.48790106383336174
0.9149069091753251,0.4894770366817189
0.9051944324309893,0.5003358666020294
0.9053627088240694,0.48062923974961735
0.8249146724335923,0.4138482699962925
0.8923720884555604,0.4997542153040759
0.7190930807750171,0.494641009077954
0.5355235623657437,0.49984218193698277
0.6272881745271444,0.5007788670667753
0.8722127829846746,0.4988433641614545
0.9286258922038767,0.48749164070630124
0.500254774309365,0.5001205754321159
0.5640990990318535,0.4997803407500302
0.6910900823862547,0.5000427586220506
0.9017663759579948,0.5058484821612155
0.906230415562605,0.5216639106676468
0.9114084349472025,0.5018292429786539
0.8458831087328531,0.4785214104835943
0.8895891754890046,0.5078141048171629
0.8422331171784401,0.47305567368514573
0.8443233187128024,0.45803351778685036
0.8753833667392557,0.5002315451784557
0.9468532725004211,0.5048532999338984
0.8672353117752584,0.47526571344113183
0.9054434150721201,0.5214181930303027
0.8703219118893595,0.47609043498239895
0.8140993496941364,0.33533362218376306
0.8499913329897437,0.4953012965898363
0.9039402304505613,0.4858862961554632
0.5564248336229591,0.5003228843633408
0.8846551391117846,0.47514684858587847
0.8909275424516429,0.5178778305699342
0.727857194993841,0.7467965092387263
0.8159606126217656,0.5008409903115206
0.8359350663574707,0.49778091372207817
0.87483234945772,0.49526241905450863
0.9014509743986889,0.5019272900753676
0.8808361858138178,0.4756502025268959
0.8573569592756051,0.49585428650612273
0.9288731908235325,0.5041715346197921
0.8694378951709472,0.484267969326441
0.9121451114120349,0.5022667041689942
0.9353908944375431,0.500752982078537
0.8452219590128519,0.4818875852789789
0.4908800447238606,0.49737185247736027
0.860154687899364,0.48605035074058794
0.9364503030811431,0.4916607047837218
0.9254868515472374,0.5120568278142185
0.9101759268042713,0.47586370513301923
0.9025325228666168,0.5039491513667375
0.8867754795007174,0.4988987239919793
0.9311351536573385,0.5101089677702974
0.9232959741649149,0.5220319560755916
0.8405498335262025,0.4718333101996422
0.6909110606929789,0.5008403307152745
0.8597810348279309,0.4648915776675105
0.8925877394074984,0.517700070692175
0.8732440660197271,0.4762593739978232
0.9202523401678295,0.5216214021765018
0.9189334294022764,0.483294063635592
0.8613694928340536,0.47885978629922055
0.9370366481056583,0.5184981395983467
0.8764330127285251,0.5205094075050586
0.9101186450103228,0.47818889754099897
0.8356495426199986,0.47701268912956274
0.8814794239975239,0.5086151248252934
0.8716488526651063,0.47431796110430285
0.8276886423061878,0.38336701488730507
0.9099159860698742,0.488668742673994
0.8289910422894551,0.47901660815189345
0.8966499712308962,0.4941132656069738
0.9339735465554446,0.5195757968509328
0.9047317709033773,0.4866737134937111
0.6896905426549322,0.5086354287449538
0.9297677435619361,0.5029460472320308
0.8265261680422493,0.49934016054395247
0.8756195963073019,0.4411109546701651
0.932474031637373,0.5039389098769516
0.8630130038359142,0.48911738139147654
0.834045273109594,0.5003093394560282
0.8657137527664707,0.7209990645587449
0.9238508036168821,0.4841665124272255
0.6546285474624177,0.5011496637302616
0.8473546924774473,0.4755754021798416
0.9278109912548651,0.48784252069460515
0.8919891606863355,0.48734652049864896
0.8496766827949909,0.4511696799382801
0.8711860078044185,0.4653949092361628
0.5085169237839898,0.519014690777897
0.8453013799407707,0.46716323176380936
0.8759720492845267,0.46998984086459844
0.9029796882596643,0.49841192727042566
0.5282690058577134,0.4998248517114067
0.8922913312181585,0.4988653093200054
0.8842277895055064,0.5092116331096025
0.9308893035729753,0.4813034616147747
0.9217236941251142,0.5154885702829236
0.8807791149089497,0.4433642014794496
0.8196589997643122,0.41478497609137277
0.9520893317888619,0.4967284219315911
0.8417346565337536,0.48637378070117415
0.4885384927086508,0.5023764704988307
0.915401625923199,0.5096535356032829
0.8877515952369203,0.47708393652511194
0.4418591581769969,0.5048851852660761
0.9027232801706936,0.477706440582891
0.5064463537972358,0.4994936081765594
0.8395410454133256,0.47820633598968915
0.8853491406430632,0.49617436664430054
0.9365259749912858,0.5020764228014031
0.8723159899643719,0.45557919501028266
0.8561844007397172,0.49730817739837213
0.8986873092891581,0.4749085199504629
0.8635485286625164,0.4989515961731712
0.9278136135797082,0.4978721441154
0.8729231780880673,0.4621626447808322
0.9076982705778316,0.48676706576107964
0.929605884128234,0.505027242091137
0.8240710437684586,0.3933290211991666
0.8598430500708834,0.47823310628927557
0.9304577822677244,0.5069291506651293
0.6255150232152384,0.5011327622162982
0.887488419004113,0.46722116276912196
0.939747960506808,0.5112144164779222
0.8342360626950158,0.4666053552914088
0.8796864495140727,0.4913808799330891
0.8510451840629982,0.3682901165188324
0.9134202888218972,0.5847560060447247
0.8544518285483034,0.5009639897187615
0.924629042788834,0.5247464736303502
0.8731968486700505,0.7098771472062836
0.9268470804735209,0.41055544135945854
0.8270131740788262,0.4418069495778388
0.8987849121895731,0.5063795832021987
0.9313896216260051,0.4773130728667688
0.48255004316286687,0.4948744005338957
0.8938173812640674,0.5036655169002254
0.8493768758872207,0.47659958947960845
0.809214065569853,0.30179798649456024
0.6305763706767344,0.49687350894650056
0.8555347242921534,0.47778816863465
0.8303268317727674,0.4669155027550397
0.9271914517346445,0.49920455243510425
0.838636144892352,0.5016119333136865
0.8963965228572326,0.5248621275875093
0.9019985129468799,0.5002277661378396
0.8919440344362513,0.4770723935308562
0.8857222268792149,0.49744616481610837
0.9234685405057775,0.4848013879333934
0.8784580300276332,0.4652052374553367
0.8144854460931084,0.810109562777194
0.4915609152669215,0.495883952070854
0.8733940155453501,0.5145162468912655
0.8786059791368264,0.4711568626641104
0.6580651312607531,0.50099630980212
0.6722296266338458,0.49728480041263906
0.8795288560306564,0.48221593891138587
0.8656858221494349,0.4752709330312565
0.9220168477398234,0.48003184929219683
0.8877616171970113,0.4775843950318374
0.8676057741281585,0.5095042966531774
0.892729395245732,0.5134435541711837
0.6024384595533961,0.49973873477924863
0.6835063896763074,0.49987651578673664
0.8966064257271463,0.49942507210060655
0.9513784842976615,0.5078459462761759
0.8748366765456039,0.5015381003245877
0.8546944007092435,0.47859002335093254
0.8390811217635502,0.45779102881323164
0.4634629763672156,0.5001818216796536
0.8646068759821559,0.4845284874050987
0.8748958070685999,0.5186824998122151
0.8588089958839746,0.48271798564982366
0.8973436837235225,0.5090438132212588
0.9260218579709969,0.4804882667622588
0.8740460444670016,0.48775852025758865
0.6562552882421051,0.49744394377232476
0.8862321611586537,0.35831664539885777
0.47622494950772853,0.49948068548229085
0.8807003658220496,0.4834415737614374
0.945991786725725,0.5119285703306464
0.4977196869234404,0.49990630614482445
0.901342582311222,0.47201236262914026
0.9562044459418091,0.5148381719135532
0.849014969135118,0.4828696564839546
0.7779080949201043,0.5003308249439566
0.9016731413540519,0.48368621541244783
0.7126839908903708,0.4994471121601284
0.8674261440349671,0.4964793478212145
0.8536615936949109,0.49532144197829403
0.7116476022786986,0.5006735175260993
0.48770454269624236,0.4976634105347116
0.7173608398411574,0.4996503304162774
0.8465589189289542,0.4671730863776737
0.9052862381413194,0.47869297680647804
0.8390649594537306,0.30663993705713444
0.9365848018551468,0.5064861128213736
0.576375847209652,0.49939161343333144
0.8378078518070466,0.48138466078871894
0.9396647231196658,0.4805512968435381
0.842238760042712,0.7601857569608444
0.956824198579001,0.5102539390284977
0.921053291620503,0.5251128287602506
0.7910480746487202,0.49836849699789587
0.911590426535989,0.5232096146780612
0.9061652619821257,0.5118646636196034
0.8817083675638725,0.4902397665137237
0.8405854004198015,0.7701276023488423
0.9164068175791678,0.5221663758105419
0.8307039631124982,0.44645826691568
0.8452335665479197,0.46761359845337536
0.8454735694167602,0.4847727245514246
0.896271265041793,0.4926733003082771
0.8556626612112863,0.49760230874556016
0.8411013891481463,0.5055919582370049
0.9558560448588784,0.49858681818468703
0.9310362508096499,0.49974566589867714
0.851878941194882,0.49932444661065634
0.9295067655813367,0.5108155856643064
0.9346277449888005,0.5077686556721448
0.7087433017900643,0.49507761818314394
0.6066933185190834,0.49981174852929405
0.9282545369153767,0.49172344871998014
0.8029561703518184,0.24725723518000592
0.5297920249738367,0.49955440486379704
0.9331672286529524,0.48004813575208094
0.47382245866292333,0.49970418626726204
0.8358674856432541,0.7196594421124602
0.8712726730351859,0.49277253158658024
0.8716338300778597,0.4946850195743472
0.9263904094376683,0.513232736191836
0.7296392147691881,0.49836065957680964
0.9005619247073545,0.4977403010967951
0.8573723223881642,0.4745951168457673
0.8121924450028568,0.3837097428088341
0.887345851330122,0.4722967346507159
0.9223292795214271,0.4940022672381858
0.8992718288224519,0.5112332958188057
0.8699784732201576,0.4819740687656372
0.9030490786892241,0.523827498493074
0.8532709919560602,0.4696928044955142
0.8847637244905207,0.5226736172238504
0.8462774088588148,0.31750086896097995
0.8468372417988647,0.4695227089996488
0.9307092641375629,0.476404350615516
0.8314029257927246,0.5007373013201214
0.9144545596308385,0.5000332396390291
0.8337153122461027,0.49788192644665696
0.8660106530739287,0.47747810398299123
0.6089992358282026,0.499138790319616
0.5615796356691435,0.5004957807995866
0.9281488411944085,0.5086538212005145
0.9348712218116667,0.4854481823666888
0.8820167198084873,0.4786387914070645
0.8323965985557511,0.45393980976023235
0.8373672463664532,0.49985803628887165
0.9123734270022517,0.4618058129880924
0.8624648964604769,0.42842093054823294
0.9180459517810018,0.47950062764527585
0.8076102636032794,0.32815022691263496
0.8718417709915223,0.46231362055650527
0.523205276796335,0.5005961735557785
0.932403000257005,0.5182225695400612
0.9139181235167679,0.47835138423541335
0.8756870436863027,0.47346952542397397
0.9317269253687677,0.4845384276499079
0.8776850112215753,0.47455026075324164
0.9221084228919822,0.513427151323378
0.8965003501815962,0.47287058924834
0.8859154947326131,0.5240769712931822
0.7129217115548081,0.5003853423153273
0.9365449116777789,0.4956313610889612
0.9278152499460317,0.6065787246323633
0.939035262601465,0.5173494547440638
0.8675118233835115,0.5071336496833134
0.9189084226898361,0.499819995240867
0.9050819726119821,0.5214628303954272
0.9328122578570512,0.5014594037705769
0.875433405733158,0.477622045348199
0.8672750176467134,0.4763967279320772
0.8346881963674334,0.4536894520078883
0.8507377072185249,0.49045641250718547
0.6349390730874418,0.49941538954581355
0.862203892900085,0.4716679868488659
0.8546792110440065,0.4187073925216669
0.8929705041837259,0.5068067119409623
0.8263570202589688,0.3435476050431757
0.9058602897874258,0.4850723257469512
0.8531700480872486,0.4459765647842641
0.8469496631974939,0.4721349441825925
0.8570382064629961,0.4903394821779522
0.912792205601886,0.5244573408712522
0.8653922812605793,0.5099934082248451
0.8986495208260614,0.523153430317566
0.883104367213076,0.47598441018625826
0.55094512135557,0.4991063816632286
0.7521657885093057,0.499804902558949
0.86108709614545,0.47206336300064633
0.9317874405490172,0.5330629445500851
0.8490281419009785,0.4884368071274467
0.7509731956316492,0.21021445759347385
0.8576467130282847,0.4452977371228164
0.8959130996907045,0.48261562908781913
0.876122878438758,0.5085344010460258
0.8867324656221747,0.5224375894892295
0.8745272498891996,0.5092983411323783
0.8701855007004498,0.4854580946957526
0.9350994681902727,0.5163650348904193
0.8887021763067939,0.48056043819475097
0.9236919530286292,0.5127475185422952
0.8396369533764647,0.5009399745361082
0.5042643790268825,0.49815738856649333
0.9212610210064855,0.5122099234203997
0.9607152650914887,0.501808376678669
0.8714691883391071,0.47449204707123266
0.8584624685207767,0.5069952246223562
0.9249361290145062,0.49472580699929153
0.8767358473999194,0.5065721385442223
0.5917092049268343,0.5054729695803811
0.8960993847900156,0.5069196441037009
0.9071696122961179,0.5233431194537919
0.9302383348837902,0.5011374708401145
0.8605023304648465,0.47700318702036293
0.7757616385312093,0.49892194379429644
0.8520674738098829,0.5080972462564756
0.9173255812953441,0.4771719849400287
0.8785976278292371,0.4953682594501689
0.8552740029794157,0.4148877943778638
0.8890603164607362,0.5196212007209318
0.9151894375759932,0.46911982618742937
0.8751884233349356,0.4740943653717707
0.9263119868967604,0.4865938396762772
0.8938983489798286,0.4642458593801802
0.8903009599870911,0.47606832283513884
0.8329798124588935,0.48578086701925904
0.8114215614529008,0.49873030534773805
0.9299804011002772,0.5067230630815893
0.9309857753790773,0.5102840043374058
0.9211700482080722,0.5028039577465842
0.9216809292886947,0.5740333864883682
0.47021552708625447,0.499073120995489
0.8706491774616728,0.4769202734712218
0.858824027273154,0.48682282785782083
0.6700855875972278,0.22207280988208128
0.5041536995373432,0.4999089422154902
0.8941037900563007,0.5001690075078994
0.8814364966603464,0.4767315645531834
0.8884768955198423,0.5132373200204163
0.8657027509020029,0.4966398986762559
0.8502695390874861,0.4903090497511565
0.8837048557126748,0.512143760899049
0.7059765084073135,0.5003136548736913
0.9159361811701843,0.4990288001153326
0.8263556599087465,0.46684477941940106
0.9623098430152882,0.5013621823215029
0.869552713847639,0.4040134020898343
0.9405511831521878,0.4799958936160318
0.8491441520505769,0.47587759558052684
0.8984133509094573,0.4758980955988226
0.912678699854105,0.5047160525854285
0.9265807649475339,0.5104778954233224
0.9106394228619605,0.5127690238326278
0.8994212179481742,0.48050143530871875
0.5888768210136687,0.4984686347469583
0.8539421114057906,0.49123317717257275
0.8109172158837268,0.33845187227827805
0.8949221859847658,0.47470528903729325
0.8744011529209753,0.49389202501670365
0.870319293634727,0.49080263916150657
0.8982906637662569,0.4777983193723524
0.8446282221489465,0.4678177663740323
0.8472278117054605,0.46976659718446845
0.7984458572091817,0.5011526342393621
0.9453696108804458,0.49990548533498114
0.8943555146154553,0.48764829505419033
0.8858827669772147,0.47285673284443697
0.9127679200635463,0.5132346736213687
0.9707226040277821,0.5069896085395366
0.9284266866097688,0.4947228213031195
0.8666070960338176,0.6714299204007617
0.4740721995070752,0.49893038643530724
0.8719475804977164,0.4791724939756519
0.8398342167491988,0.4811393764114945
0.9278978068421202,0.49518969860885936
0.9044850280425409,0.4746015252995944
0.9053753880879237,0.5216870998157316
0.8968922626551548,0.5101990180420953
0.7771062554104131,0.4995657924634723
0.9265681126186048,0.47688983322467254
0.9279767631658545,0.4995606849256772
0.873517734401517,0.5033388634109708
0.8432611763230935,0.38801856158050063
0.902586247856654,0.47712335388386695
0.8345036959279816,0.38072582022032886
0.9185482367481366,0.5164222513526137
0.8700195496153018,0.49342985949023555
0.8528948033645306,0.4802762752615444
0.46040271048878556,0.5020088670643574
0.7548420465851736,0.5007078022023768
0.9203271606503558,0.5022984951136944
0.9245862685089656,0.5217946043941418
0.49286700647356213,0.5020438539686325
0.931383902099328,0.49776073582799346
0.9000919872929952,0.5201944637696284
0.9681148233836019,0.4799333157385865
0.9366846617307367,0.49473192157845625
0.919923450678068,0.475553221560912
0.6404144043915474,0.49755373680750026
0.7353592801583919,0.49950668150509747
0.9084733476729812,0.52050506961624
0.9446262158874374,0.5037834231920366
0.8725108218545237,0.4683649353924145
0.8093533569951078,0.4220937284515162
0.7254591997377442,0.4993275637937578
0.8291696078946817,0.38370426332623453
0.9133102715686754,0.48641052712688854
0.8736545872377571,0.5041501130514849
0.656091195211097,0.5008845140567115
0.9241886308828459,0.4814881380150915
0.9027326710847141,0.4761111224645707
0.8258378410765271,0.4200781833013757
0.836502276006885,0.4333115325221589
0.8098691249705894,0.4278745326257129
0.9447064923657067,0.5121779393049289
0.8436188411125509,0.5014004857077831
0.9321422091019809,0.5226603658633348
0.8838386243713879,0.5110261444144768
0.9312217931001875,0.5018997047268595
0.9119609952629315,0.5051614077342491
0.8849269229825183,0.5085594264282297
0.9225699814414356,0.5124366379985914
0.901510764034662,0.4865226803277414
0.7522161662405963,0.4952779525659211
0.8898034922361384,0.4795902340878496
0.9383337131178424,0.5121652397845444
0.887466051215335,0.4934733807244807
0.8602720267143511,0.38836179704902524
0.8738101795275994,0.4784955560676953
0.8400944755323307,0.45207764135165457
0.9280403834797746,0.48886980782251366
0.9199160872322185,0.5238769975026161
0.9369024459402464,0.48313744430850847
0.8834105019678709,0.4744914930599924
0.7448012199228423,0.49988141052385615
0.5106023946666612,0.5009050291134611
0.9237310194099952,0.5124230453677104
0.8863257461961974,0.5102109170203267
0.8560192783467382,0.4627664849768254
0.6791871853432392,0.5077429320775954
0.917829078307647,0.48078539694628025
0.8552075063380631,0.4946672042570201
0.8696057032417169,0.42225531681089845
0.5379120675250948,0.49981223992770724
0.8648561595183766,0.4934837126123591
0.7701036240937906,0.4995828979994659
0.9318901097226457,0.49784159051816257
0.5894104405412538,0.5001136480533016
0.9032968510115202,0.4799007550041003
0.9145891123179675,0.49631212821958975
0.9122835634869391,0.5236480297568818
0.9179033954045521,0.5006789971378915
0.9112500054008565,0.4968512701637898
0.8865667121490457,0.5122310098348877
0.9595605971962,0.49520301316490667
0.8927883884706767,0.48225833915148536
0.8169990821922148,0.32976957265674645
0.9298041199503952,0.500769111789204
0.5982575612541104,0.4995512720257358
0.888767213824964,0.49949697570569024
0.6563500043135785,0.49529969451933775
0.8273780187367363,0.47607455363531165
0.877979082178296,0.522399338253661
0.7632287247428147,0.49826044818871407
0.8529514522762016,0.494591407437041
0.9328679862650793,0.49992806330850026
0.8916934514728021,0.502917503171232
0.7786766892455159,0.5025281768722655
0.8718101476819448,0.4704492902815688
0.9098410470292724,0.4990967413363813
0.9036741164609752,0.5255620375779366
0.8753103796190416,0.47085987646826694
0.8332153243723911,0.4826603680687957
0.9280705069904631,0.4926401348637703
0.8721212528879855,0.4683982378233764
0.9378891520244914,0.5107321208376121
0.8279244340249962,0.48724498202789446
0.8882762468653338,0.5145855818897368
0.88680458983637,0.5168972984121776
0.897632827383742,0.4733201746197438
0.9088790574180876,0.4983971947321989
0.8823232704883079,0.4775168063251497
0.9141191830972073,0.48378935291903474
0.5064543798371105,0.49962057329616094
0.779187365830853,0.4993280185654575
0.7816488590090747,0.49905338198593846
0.6874491434782587,0.4985231465906888
0.8664519021294694,0.4983235366809113
0.90212991660065,0.4958556317684098
0.5728422277570758,0.4979402600860439
0.8783882384246906,0.4791592991348968
0.501079472472395,0.4998902777059937
0.5645846289339199,0.49945331019865746
0.8402712439766675,0.40475825128579
0.8675125538965083,0.4926027801199491
0.6482103856322026,0.4984509541357576
0.9278535656645485,0.5032795155222896
0.9434250956117405,0.4936181040942967
0.9381104835045267,0.49027074489569245
0.8360672989758084,0.48294844849307156
0.7594689028184942,0.49917945313625856
0.9452713204127758,0.4885391153030396
0.8650628645312761,0.4971317257830887
0.838168617626545,0.44255562328220893
0.861894575781774,0.4687194147835653
0.5211240195199462,0.49978815111286634
0.8406769958858369,0.3379241418422403
0.902607865740912,0.5008110228588586
0.6380121740251533,0.49965870236954923
0.5790469578364836,0.5019617517652524
0.4805298477476955,0.501868162742142
0.9195879638597401,0.5221353655087262
0.9134024090135353,0.5218398369351039
0.9213821655911376,0.5229554638485346
0.7342585052888406,0.5003773284705443
0.5567007346827357,0.49687592809545167
0.8348058427875951,0.45739270233611207
0.9343828025925566,0.49652472060904496
0.9263966184537105,0.5103538039646225
0.8884855755769278,0.5174252807734302
0.9059004665123842,0.5168197644722828
0.8314269308880244,0.4816054068289033
0.868699665140391,0.42333205955090175
0.9076845391862487,0.499104236272462
0.8535350297029914,0.4800063027468602
0.9414754953034659,0.5164109106732059
0.8575470847096156,0.4825060218422202
0.8700696054481865,0.5003028481797008
0.8554774377259107,0.5029546122411058
0.9225922480243485,0.49011561426483696
0.9172453055605546,0.5080114874235462
0.8505297513150519,0.5060338267403255
0.9482671519413688,0.511609416000929
0.8973453686563525,0.5013841233240068
0.7516390337514118,0.4992436683979334
0.8579906904783619,0.48480134213423576
0.8404209762372079,0.5033399664645175
0.8588245321280534,0.5034284952347223
0.9284137633538254,0.4962307565334519
0.9058647943061375,0.5909902529468576
0.9178348695764238,0.48342228733473436
0.7457984251970289,0.4985675896339165
0.8464370192651268,0.49984040863874757
0.8330292524186813,0.4727037425504279
0.8982881727763634,0.4808498874422263
0.9314689305181241,0.508390936697411
0.6295986793336026,0.5012944352389734
0.8572488220217594,0.49919619264573484
0.919130838051899,0.5147177525897842
0.9848274596393087,0.4897787805965488
0.8335484655367007,0.40948894565058014
0.8637234650355152,0.47703104588305834
0.8877501971917883,0.5073872068254914
0.9072089426056222,0.49358741226357716
0.9386492146232523,0.5098831347292266
0.9014956290166529,0.523771012961623
0.8844292040946546,0.47394606453425625
0.8481629025658706,0.466893379070006
0.9187585981884175,0.47327786962016904
0.931109437163959,0.484373801626294
0.8502881060438732,0.6276568035742897
0.9181361256672145,0.5126135280961517
0.8622517010880447,0.44695302249956737
0.8772288352453687,0.4986405464379173
0.8823186331963009,0.4875151642587029
0.6884396993888822,0.49997247300947695
0.9214304138655387,0.5210355745836556
0.8900350380578241,0.49413049445254836
0.922337690730054,0.48134970317570247
0.9104495727562796,0.49220955828683904
0.9280444657305147,0.49589898701496626
0.7307488991432896,0.4897374532270528
0.8891537299043492,0.5019392640075862
0.9272481272652746,0.5244597914693108
0.9342736577656978,0.5035189398774573
0.927699688423486,0.4850337289370539
0.7323812874622588,0.85528477810986
0.9034245911221962,0.5062913716383902
0.9073358371660458,0.501661391141998
0.7832838508083113,0.5037121969560886
0.863927961123506,0.4936045637505595
0.42323543201464975,0.4952388887669298
0.8565607745380713,0.48989578661533956
0.8806571815681952,0.49285727678413505
0.8483428883245019,0.47491574284589044
0.8306703433571659,0.4332580509075731
0.9215023148056332,0.5186234165450555
0.8853621935780727,0.47393217915910396
0.8837174287912135,0.5014972390189306
0.9512100492986169,0.48941959141581937
0.9382654560779323,0.5056079605630638
0.6100082755552072,0.4978399301689046
0.8609802812453857,0.49232608870385086
0.8884610751806119,0.47199478104235293
0.8671080550863428,0.47323430115053067
0.8860752582792022,0.4758621393245811
0.8389061699816311,0.37567167838274973
0.8643115364012004,0.49666128146226984
0.9037831999117939,0.49752138594874146
0.8314241953456818,0.4771854807219197
0.8870783661438053,0.4780787413981367
0.911651060969329,0.4782112452922717
0.8772445720589137,0.49018060302976324
0.8782204887309539,0.4843512151798577
0.9325756844227195,0.5035776137952135
0.9277012912123741,0.4892380512542565
0.9208935212971605,0.5143712482684745
0.9230830809811884,0.5004295425527836
0.8402338432401323,0.38024774589865945
0.872528889689817,0.49578986544716597
0.8305172959916086,0.43977463986750676
0.859421309436583,0.4989016235529797
0.9018309042831503,0.5051475204262035
0.8895603895292392,0.4882462823712041
0.9602257147570826,0.4979690760670066
0.9143726631978457,0.5237564828514623
0.7309308693893124,0.48614098430502917
0.8768781896873379,0.4838385747954988
0.8748371101789338,0.49759574015243146
0.8444126899701729,0.4785518924016017
0.9017146078011035,0.5169133058244167
0.8682503461345661,0.4846112378659836
0.9357993114332105,0.49606527470796347
0.8583803268954142,0.4763288398657913
0.882758480240762,0.49991272098582124
0.8546798931126602,0.4799491027678473
0.8611067731309565,0.4953524165018148
0.8485579195791454,0.48499593089402726
0.8961756867363055,0.47425221615361035
0.5082293852391161,0.49975721899736203
0.9179433710257194,0.5137328594709597
0.9230109834009625,0.7072416739264021
0.862650481054007,0.47980244785457876
0.8141770867568114,0.5006895133952088
0.6444488227572682,0.5000782859725623
0.8772048607329943,0.4800811366372798
0.7578824351099236,0.4995838473709309
0.8580881312480039,0.4383298024390136
0.9334007112630655,0.47700844257953684
0.8981706130391707,0.5189606843970678
0.8479660883109412,0.5021231866567939
0.8394951584588687,0.3820653585511116
0.9367994442462506,0.5194147932459846
0.9002873490475204,0.48014206985634567
0.9136629378176503,0.48731087450929
0.9569483815405622,0.48569920455601245
0.8408965952319686,0.47434410599222676
0.9032101975434055,0.472135811175233
0.9631980727336467,0.5024930797757469
0.6790899397897585,0.18257430127934082
0.6372944557662864,0.4993124967944291
0.8522039705660264,0.5036448257460415
0.9044926748905021,0.47705451812428984
0.7033087714145926,0.4984180431454006
0.8764926885667836,0.5203455132470025
0.7292509755095342,0.25576892877104396
0.862998218326759,0.4806727148504538
0.8075122099580891,0.3182922117521859
0.9308615556777946,0.5191799798225153
0.7438593298913903,0.4022559031686681
0.9032395496450444,0.49281522854832555
0.9499603380483673,0.5003222191464058
0.8965259764842775,0.49821024655530377
0.8741215527526301,0.49019953341172084
0.5682844661904651,0.4974368778038212
0.8456212751448599,0.4794030930796142
0.9200064362438355,0.5231136996240149
0.5868586460590078,0.49840920278586776
0.8566223942296298,0.42942725827963346
0.8325201488048155,0.46520871416519066
0.9309260086939886,0.5010964854575866
0.9379486563241796,0.5219338206660823
0.8885425074174206,0.5111275123383606
0.9427263617828388,0.5208313382216556
0.9103023072146856,0.5912071563797754
0.8490956975895887,0.4615315570518326
0.7104039253881875,0.4996593263714568
0.9091657572299572,0.5117257720063636
0.8395205966578747,0.49473029323051704
0.907330238370553,0.47846489836739237
0.8352274395243426,0.5002141687231829
0.8606577823955348,0.46674923483465924
0.6784768026521706,0.21051138508908462
0.7606624382300777,0.13106287510744363
0.9479355250446968,0.5056712306065498
0.9249423248108142,0.5001044219871853
0.8315450279272183,0.41639738770327717
0.5298322188460385,0.49956317461535216
0.8971933883560534,0.4896778987492483
0.9431488207313963,0.5029285433808637
0.9251637323796758,0.5115970325370922
0.8161260920679472,0.4570221188622237
0.9236485142343336,0.5125512318204386
0.8952119049819218,0.48029352674821835
0.7072561045488117,0.4998144838210297
0.9367188755609537,0.5172789345929413
0.7303599756875301,0.499288164883086
0.8864443317200459,0.4726844674579918
0.812090539726986,0.39311269173200547
0.9267032011663647,0.4981895710425088
0.8883610688011019,0.4942895010491996
0.8820442344169248,0.4698587912964537
0.9477142846910083,0.46675004360334166
0.9042780452814766,0.48208879474889876
0.9331612409688579,0.519172311579605
0.8752916047776362,0.4707733843239727
0.8655189529135006,0.4867587599020525
0.862078870300498,0.5034250201321641
0.8683912831819096,0.47215906799781193
0.7578348223084352,0.3186821077284363
0.9215898197594773,0.49898731220252546
0.9068095554351996,0.5199412770900038
0.9008964511011351,0.49201135344354957
0.6473438317721536,0.49930937920881785
0.9090653018090968,0.4748392856666542
0.5033586186311849,0.49729156574063255
0.6150605426700115,0.496837854020717
0.8996746264632278,0.47657503604801216
0.8554961497290018,0.47570370838938164
0.927862602559607,0.4866506696071793
0.47607167829491487,0.49923640471713343
0.8056847895303252,0.4996565012159831
0.9280730931880822,0.5011515300164685
0.5754308272718078,0.5053616393019507
0.4767324350588579,0.49915962668653024
0.8989975576434079,0.46882559018760156
0.6390408936079449,0.49958284015536697
0.9205195411460793,0.5049104327723648
0.8779878643403994,0.5050034371210862
0.7364488933740012,0.27789565779310565
0.8888604559573832,0.472730932451388
0.9280267863089261,0.49948859020928954
0.8957538028188525,0.4817334372748394
0.6887404587103212,0.49979124210719267
0.7930523503546711,0.4998694454635829
0.7418466114108282,0.2608464706389597
0.9002520305095913,0.5070905714415666
0.8822687060454245,0.47648664809255303
0.8805804965330355,0.5005525130599482
0.8909682621874571,0.48442786246915126
0.8175931714987155,0.4289177756451182
0.7809406255760563,0.5004027875247206
0.9309257001927058,0.5041759536829838
0.7322083789295868,0.49932650454617356
0.8823964394339419,0.6891410954079448
0.8586034506827926,0.47608003536967386
0.9336102002720743,0.503610722243578
0.7459074116039358,0.5002373965770331
0.8807914565166823,0.48449861525958104
0.853954722515066,0.49354350160187865
0.887030047297848,0.5130156728870838
0.9111995796279048,0.4820390353465003
0.8844865714225845,0.47450083723474223
0.8858096853957527,0.5100501242304658
0.6724701417233714,0.5002657796989818
0.872027290877501,0.4604488395681677
0.7104837362738039,0.5000726725876339
0.788472828341521,0.5008641360122906
0.8579489731655533,0.494400298034633
0.9215919613801595,0.49689642113863003
0.7061183645717741,0.4970492236682995
0.7609124409752553,0.49929653801304125
0.8579088704414797,0.44561542179709007
0.8747194206056843,0.49909283933823173
0.8789618473038247,0.4683170941047883
0.632207833951631,0.4993507079203851
0.8822389132945851,0.5096539733064838
0.8747412549220529,0.4859494785057164
0.974138285590114,0.6040492462815432
0.876898387790441,0.5067765199387648
0.9258891805289234,0.5177217861583271
0.8732112519629889,0.4913658993498097
0.9081629045911823,0.4827766445533414
0.8968138502222518,0.47676223596792916
0.8846462710118923,0.5066328868980411
0.8651225622473834,0.4994886551747862
0.598587390739601,0.5008269900473352
0.8494481439019934,0.3975819446466827
0.8820163421516407,0.4839748136239081
0.9342430721717117,0.4953204780474574
0.8873032444873565,0.516166568722313
0.9191582727559091,0.4856998440119506
0.8875439231127207,0.4943989218457409
0.7601018382906274,0.5060773226288312
0.8415990820518873,0.4325049830987973
0.936264681694325,0.4944135436992602
0.8457682887371915,0.4660589442316917
0.9334526928849309,0.49607657155410306
0.910288903473855,0.5001292089043085
0.8981531912229305,0.48742810973954664
0.9036455291017454,0.5147362245912571
0.8658610094282398,0.4650192018556948
0.8503216825958326,0.48800356122061833
0.8815823327919028,0.7119016114854632
0.9447023627147548,0.48906970021416707
0.8080802436084231,0.4903700101770744
0.9255534845916555,0.5176066172448486
0.8913301403178098,0.521086610070956
0.9002017249264395,0.4932442920460735
0.9250451152101397,0.5052602689898841
0.6341201399935107,0.5001994454558463
0.8964297367769423,0.47480820935000917
0.4721809497855709,0.49953080263734784
0.9045390190444644,0.4958368733560442
0.8827379625090246,0.4872939007547107
0.8771217568034944,0.47391361701618673
0.819149816345806,0.5010438238278677
0.9317933929319522,0.4906219204245713
0.9327965876979623,0.4867381936795149
0.9361258603257934,0.48624192036644337
0.9043803280649929,0.47580204664270387
0.9348175598546284,0.6308777466420504
0.8696527083899792,0.476945282905701
0.5815967604755029,0.49462213638741503
0.7318745720040056,0.4998825129236612
0.8602212944158758,0.4425349417627668
0.8795652677464942,0.5083089362888656
0.9673907409821167,0.4801296918893791
0.6554377265771065,0.19376057124214457
0.9309770128551647,0.5071147301147779
0.8596329708374242,0.46548866957911283
0.9178872870049182,0.5088622409658251
0.9282985780037178,0.5008215941702888
0.9285573355055452,0.5038743199153595
0.9240916485182232,0.4875763843917871
0.9176746832378471,0.505668209470701
0.9286156406542758,0.4984085741920292
0.5934466996075054,0.498201995179052
0.8627307782880342,0.4966855315336333
0.8678883852850383,0.488555778809365
0.3865570376965463,0.15061535063936954
0.934579792224452,0.49911308627873674
0.9291343346164558,0.5007387814493096
0.8749987152095411,0.4942012625969973
0.9305569724612268,0.4939700724800799
0.9132738869921689,0.51114257592042
0.8416536179099608,0.5001564328049193
0.9295760973406337,0.5086147209925724
0.6062013188153403,0.4745779583083471
0.8968389294686774,0.47377908099019894
0.8959324324386754,0.47428196825077923
0.705556519049106,0.4998509177406258
0.885100222236159,0.4964515603130809
0.8562839202049262,0.4762225718241801
0.8874278130465217,0.47736678669617055
0.5032264225551917,0.49793996006910834
0.7965249279632117,0.4910652792740959
0.897202276247431,0.4873190684169014
0.8930268930878391,0.5092915342134448
0.938270594256764,0.49247497612679336
0.9313341237177316,0.48261772958120397
0.882954309861416,0.4888629086165129
0.9260043079106938,0.5001559673119902
0.9134652123031286,0.5183385499528086
0.8800656243564976,0.4890427719588007
0.9013045468976684,0.5215847460240706
0.8969527511004645,0.4914702976294027
0.9293276508000224,0.511678309204038
0.8954289804152407,0.4729673756010161
0.6697028426099525,0.49963079251631526
0.8273010398079488,0.4933090227776782
0.9220383610902404,0.4808841404677682
0.8685560452280732,0.4566364266609727
0.9399906277084837,0.48964687082378605
0.9471081829631062,0.49741138883776614
0.9108436169641472,0.5190397810400004
0.9242558703843058,0.513209339656317
0.8689638399281957,0.4935182848750883
0.8423778085534281,0.5006878345171867
0.8626012356116581,0.4674855918075501
0.8174222313489681,0.42452924577713064
0.8724422498964932,0.4738233057059422
0.8795563127148617,0.4726191343047358
0.8793808428319114,0.5088820623625651
0.9361618385635389,0.5210284152369626
0.9062499488610635,0.5234385962241991
0.8945193900467077,0.500758557158469
0.5394347148620494,0.48982712708181647
0.5891386201781933,0.1600945826758961
0.5628944079289296,0.5000095478427365
0.8599177148488831,0.4831989082364464
0.903528049701993,0.5139690950172279
0.9137939166090732,0.482459489909108
0.8231577853553668,0.41333380930281427
0.6036001130572751,0.5057689577378156
0.855173646488185,0.49881295734725767
0.8639153250648126,0.49523346681366326
0.8246438092557808,0.4450784829597471
0.919874596671129,0.4775756810785312
0.5527932116476161,0.4998714345937399
0.9341095958141414,0.5144632656820066
0.5052072707471144,0.4975401935980265
0.7415710623472702,0.4970040631344829
0.86049913969062,0.4785117241972471
0.880243188227487,0.502369827348492
0.8932020828562012,0.4740893000835734
0.8840823422325341,0.48750821681404116
0.7615580459294105,0.5008265196285099
0.9434508162862854,0.4972482488331187
0.9521869727590895,0.5130463894159046
0.8813156937536412,0.4808183213102352
0.5300624083525703,0.5002964596248332
0.48067079538616964,0.5097685995000681
0.9016683266512677,0.4967169244466212
0.9339244880467272,0.5110185723294868
0.930945424001952,0.4970800127275515
0.8619783604462132,0.474459650068473
0.9067827793607722,0.52223344768376
0.8785654299684401,0.5075820561930343
0.8386299749301276,0.4796192933353124
0.4739880323722714,0.49993124522658405
0.8404999559190118,0.4818790272260961
0.8897520453681189,0.46975051591037986
0.8557536589936734,0.42558761723996585
0.8527366040316289,0.28797489450200914
0.9318929332591167,0.5078769953839208
0.6479105757315411,0.499427903087555
0.8756304772387942,0.49412978071644914
0.9176978992041316,0.5252827506452953
0.8482013867442644,0.45262407135611105
0.6861697981653848,0.943098450668675
0.6964406406062207,0.5008567169569667
0.9160936493897123,0.5071722169097258
0.7943436073621382,0.7690621345310276
0.8835464856224873,0.4744887954934688
0.8642293712490365,0.47694392760057325
0.6670041529833248,0.4988378703538723
0.8998921023629225,0.4828743073171594
0.9152722209673826,0.48767016842874555
0.8752647482205302,0.4718661986632042
0.7314590997886601,0.5623178709629022
0.605688215405156,0.1294945540974129
0.9303182163613216,0.5119399219685137
0.9234874973299938,0.5198868518273668
0.5791115783819293,0.5004441894618565
0.8667493396456727,0.4826084094600461
0.8606852941440122,0.4963570804859373
0.8759047113665688,0.49217547617841817
0.9110888782580727,0.48417856193657816
0.9065903627195067,0.5198482116402761
0.8718722480985184,0.5087779763996757
0.6389582131575269,0.4962066347213137
0.8367637404753558,0.4823729428565916
0.8938074119881119,0.5001984320616218
0.8803388978893395,0.513505604140665
0.8456717519040888,0.45839453554592585
0.9311884569968079,0.5050648834097052
0.9297544401271987,0.4936688150233922
0.8382167337560178,0.3671149073362391
0.8670514406958119,0.4360026057572386
0.8819320794339951,0.4889480510110341
0.8857752358592146,0.4734612841856461
0.7250775595541031,0.5000678135322977
0.9245544733186035,0.4760101183645893
0.851511494127817,0.47687765632710577
0.4916455614202795,0.4999129550075348
0.6786368030447444,0.49405100047902994
0.8616704139644307,0.45820155305926796
0.8997670020974966,0.4753908909423132
0.8393497662290685,0.4780071847583068
0.8617514289207127,0.4674411258493955
0.8438061076614745,0.48115383823868785
0.8319125921508038,0.46555733117851394
0.8832599281918654,0.4741677588560533
0.8023393198991036,0.4985674609946736
0.856289073042288,0.4792077881339202
0.816649989846321,0.38949234767515417
0.8779664909436489,0.4979897299056432
0.8843591393373387,0.47549016839972524
0.9600664702298547,0.5067578347405216
0.9192148764655748,0.5085057109321688
0.553768375631566,0.4996654071220454
0.8671555319034695,0.46425540955748457
0.7618236023104614,0.4998467107600468
0.9373052677652908,0.49344921074861603
0.8682007779435549,0.48419072565052096
0.9376319116662012,0.514553700967247
0.797094845241041,0.49940429156693344
0.7657255491681629,0.5014939660285505
0.930404969939246,0.4978234907085101
0.8866218052781852,0.5096444463495197
0.8034929139295537,0.3062942302287273
0.9032449992388518,0.4914705597508345
0.8301060660842241,0.4063195713927681
0.9354130948863022,0.49854452807430083
0.8920456302168935,0.49775318178821193
0.6313694829116077,0.18484715645971894
0.9217032932178955,0.5183630991741993
0.7794580535826349,0.5005016217686291
0.8515406343850269,0.49600899272713767
0.8471647746010289,0.4946698434021848
0.8559400332354401,0.5026616369467084
0.9462528922821145,0.5117162678141396
0.9487097081860071,0.5007584859223901
0.8598313913693056,0.5001428925442238
0.5799991416213426,0.5001568774320257
0.8899103190389744,0.515492535988357
0.8576264514881297,0.36365998363896723
0.8850988175788703,0.4768220183875811
0.9172641878826471,0.5000442789832689
0.9112153856651402,0.5206761402103975
0.892004159881623,0.515884140231299
0.7350375540134666,0.25633856535802213
0.8804737859186722,0.5178941065613212
0.917552802525789,0.4972559249831839
0.8482474574455334,0.48443495226559674
0.9301584682311741,0.49865535078230594
0.9171057635409743,0.503674031341478
0.9316774315085921,0.5090581833348564
0.8531715043210871,0.47646266847987073
0.8917036046027433,0.4861441256791961
0.8827655521433273,0.5104008443315369
0.4951196701355133,0.4998242093333121
0.6007715912028927,0.49918491908439816
0.6502870204067442,0.5013554086163942
0.8767463938395423,0.5107793993695173
0.9057140223388914,0.5204353751964328
0.7351937387814559,0.31783354378262907
0.918023894159103,0.48041130765604495
0.9347810445958799,0.5139347374007395
0.9211301072925058,0.4868572235110358
0.8472029285578841,0.4850340625225392
0.6056440203266877,0.49506096510369907
0.8954720688952238,0.5108943788369801
0.893338204498195,0.506473930086758
0.8741654756789543,0.49995760605108786
0.889032630845596,0.5005657590536154
0.8335288418831515,0.3500761050558995
0.8522878067590012,0.47353403953885553
0.6513503659012521,0.5019064933735866
0.8634557009220458,0.47500203233603655
0.8598623193820594,0.48978271341567386
0.9318452989691175,0.4760493288754079
0.9271848516329659,0.48811821217849244
0.9264770861692613,0.5197455143877971
0.8863487653007742,0.4876696045999119
0.9280025952326086,0.4857927404116524
0.9370268596247014,0.4961042562103953
0.8949578556932241,0.47601105410859096
0.932101338829417,0.552203894602073
0.9279687421778225,0.49984208437507743
0.8330892045937872,0.4850087054394241
0.8407418528137305,0.3301675070179523
0.7630814175278543,0.36803739249115897
0.8698850335676257,0.45494517838728876
0.8638822857152635,0.5002141595813322
0.8463809182668369,0.49315566035409614
0.8741363333875507,0.4681283691379817
0.8575287426613187,0.5007476897679619
0.8892200935989236,0.4763998879488548
0.8932268768358681,0.5079126493956441
0.7320376555611672,0.49956694115889116
0.47651526305345365,0.5043829007291393
0.4820981232473731,0.4995102752850678
0.8711907188398258,0.5225456213298637
0.8391889466955035,0.4796630495428919
0.8940588871109578,0.5041926679311801
0.8703101252362533,0.4896322215141885
0.8457632010353506,0.3333790803429573
0.8649425106177839,0.4722769215187368
0.9355592778348529,0.4811623498461395
0.8785362554519579,0.4719782743187377
0.9210548058462563,0.4971096208614455
0.9059581287408117,0.5215753419623617
0.7128246187687737,0.5022394839918188
0.8678587718589872,0.4112607176965276
0.8887566866008627,0.49190004863037323
0.8697936932870012,0.4986912047509358
0.8803101194924978,0.4945931547262117
0.7955047722220359,0.2134582315683508
0.8562103266814235,0.5026419141256598
0.4841245150605679,0.4955425473582098
0.4621503156154146,0.4995039362648868
0.921236159729485,0.5216660643671219
0.9057000691644796,0.4871888372333437
0.51334467099015,0.49975920304913823
0.9014619826776099,0.5105540432874315
0.9250987302265898,0.5006097022907067
0.9477634487369534,0.5061815400625176
0.4678221951818637,0.49993917073175576
0.8049237579733393,0.3828291868399967
0.8542446517614344,0.4788998329702742
0.7612396934680997,0.4997139766589201
0.6320436166052752,0.5014731105041149
0.9446802139805199,0.5142083770953543
0.5026874320442172,0.5001346023801361
0.9173342559604789,0.5248235363565126
0.6082532098441982,0.4973907474582787
0.9211100532271301,0.512492891385361
0.9310004420517155,0.4865860787203217
0.8328832920548762,0.4693780321087187
0.6976722468736213,0.4990516211804074
0.8708572634567296,0.49125774706789366
0.9588553054520943,0.5032796915974564
0.7723986799547742,0.266346276406457
0.9084016930756965,0.47490942544092035
0.8690242739564591,0.46611825416496
0.9090511460783472,0.6579161638282359
0.9276863573058528,0.48443215888995367
0.8125519043237788,0.43527718467817955
0.7054932406211439,0.4985762449290969
0.7355629482959993,0.4993193885367525
0.8594420504447153,0.5001473322873619
0.9300899838456638,0.5187489321394434
0.9137818425439812,0.4871799264738891
0.8989037440438743,0.5220338157895557
0.8883235609183942,0.5240069337645262
0.9262198938615469,0.4772732347566888
0.8910889932909898,0.49956264012716634
0.9329078554989498,0.48195765430029097
0.8986262496725319,0.4835739840336593
0.9581623795957822,0.4873380020027592
0.8226862585032537,0.34812445828471517
0.5085374156325215,0.5023606352616887
0.8717049625443021,0.49861312352769444
0.649893793418805,0.49945405165158446
0.7178816444810199,0.5021650233647406
0.7028387099731567,0.49930181183501576
0.8336806426109924,0.4815082168290172
0.8619337512475238,0.4795548051984178
0.9220403256262306,0.4843883996142284
0.5842205771585901,0.49999537468618743
0.694360530857211,0.4947465450858266
0.8531590439221317,0.4773805503006196
0.47223721790416134,0.49937885007739197
0.8035889493509127,0.5123492667428543
0.835649642285607,0.3748718878490614
0.9120800761075137,0.48493661417307704
0.9284086224009231,0.5200743391720849
0.8762116933370898,0.48067070949437823
0.8493762236316591,0.4941064178621565
0.9014665589035149,0.516797677130036
0.894084638004921,0.4693826137487185
0.8431767867954061,0.4264803405681956
0.5292752289588895,0.5008032707542006
0.8665697429565624,0.4737160583074334
0.8825885938938891,0.5013172145464779
0.9201698584006861,0.518826166402205
0.8525404089007158,0.5043382093457143
0.9416198785743222,0.49324022758403074
0.9088168503678917,0.5122825462970314
0.7878105674266898,0.5005011503523527
0.8648385156890646,0.4698438472199638
0.8661899458033778,0.5185991122335668
0.8456721598988822,0.48321715706950147
0.752504272276546,0.153137379898451
0.8758737684169459,0.4925049871644427
0.8801146520404755,0.4727652052699865
0.7029166742937591,0.4992176429407543
0.84496078769727,0.4148957390870896
0.918581405189284,0.5195043962263813
0.9281257973670627,0.5109955109394154
0.8881174648504717,0.5227021799141663
0.9395123099511071,0.48493256867402756
0.8668768831892557,0.5051803750387043
0.9281995796718696,0.5042201662758522
0.9245057806673562,0.48153851441857387
0.8240044152154884,0.5035300948928491
0.8953353001408858,0.47732920235608634
0.8700129169932665,0.5087512161572917
0.8403489353373985,0.4982894569147376
0.9152693890230178,0.5019668757552642
0.8367436466415261,0.4709242799388523
0.9066032660149438,0.4764371745857982
0.6104313479432946,0.4995016732995283
0.9294242001221782,0.4950645996391153
0.9280511131601963,0.509866915024556
0.9256685841836486,0.5114506654570916
0.920677733647884,0.4836087099786016
0.9148411744834906,0.4873652185896921
0.8955417406666577,0.3846694587452366
0.8757984780496888,0.5023600975299263
0.871708208313035,0.4472309404610279
0.8988169384414904,0.5198862757519764
0.9276254588458941,0.5187688380113216
0.70993030812014,0.4996572014546859
0.6944624905806027,0.4947603607161785
0.8032824250818782,0.3543192714913686
0.7015415724017344,0.2519456485559761
0.8956986890037149,0.4749402806759513
0.8671509087091795,0.49997182555558783
0.9015619927799357,0.5171549563429747
0.927636617111987,0.5026051708791011
0.8849722111780615,0.5086190726136534
0.8889737552576416,0.4800227674486995
0.8822873752895457,0.4990490887863805
0.8594046256380949,0.34100112803573257
0.7809205774016497,0.4999203091332844
0.53783470861509,0.5005925136531421
0.8894884075375882,0.47082230259753094
0.8569208552564549,0.5000070752521236
0.9138785929573751,0.47086800384789457
0.84851724658936,0.4818596348316406
0.9007497440481511,0.5248174045547674
0.9202864151717798,0.577993123459748
0.877665678354439,0.5074652256717038
0.8778685552835803,0.4760398286513551
0.8973020397155405,0.4724804025075374
0.9432980787783123,0.500960943490232
0.9281744636844544,0.49757824346890345
0.6049410492325102,0.5020427373413217
0.8403953639425614,0.4149480063721151
0.49497726972147366,0.4952417908959425
0.8768535226614729,0.4945644763689783
0.9115677468653999,0.5182804082603307
0.8683071292108954,0.5114584987433708
0.8878735603463059,0.5058806878854848
0.7838620412480499,0.49737383390474965
0.867994542004066,0.48312672367816817
0.9139175714110827,0.5200521801396534
0.9019175376496344,0.5038454293466248
0.9558642521815615,0.48615098982723554
0.6621292698987676,0.49920127681008536
0.8609259627044445,0.5001182480673478
0.7546812896935285,0.5010599915816691
0.8516196212540978,0.49359674000131837
0.9106416119829481,0.4860037067034219
0.8990520525199512,0.5542158857225918
0.9184583595615363,0.5181976849821165
0.8760529466331526,0.4969402667308973
0.6872050819402966,0.49663023869342565
0.5933915801470163,0.5004116474180261
0.8873851405633876,0.49272396942819346
0.8388167182862593,0.4856254017706501
0.8317704384860418,0.46935815336727676
0.8559896960606767,0.5023430679569612
0.9437537201275232,0.5075845290016484
0.8906836395241127,0.5096514851163364
0.5594455433724743,0.500858797134021
0.8550234516580133,0.5071587159214058
0.9306293684285447,0.49643304998125726
0.46477959690885645,0.500475719879571
0.6199696682529421,0.4997039369817478
0.8877665746024966,0.509323413672167
0.8688205076720854,0.47922961355159055
0.9335234153412888,0.4913955348332505
0.8598255314480274,0.4711828084863231
0.8551249185922489,0.5003720860069428
0.89665935322061,0.4803280389673066
0.9174829310877088,0.47541505765636316
0.8749164746421185,0.5048857575304754
0.8478392021796951,0.46586715093378683
0.8624724231375638,0.47140864023516643
0.9160608000417786,0.5155872479088238
0.929825668384612,0.4763442548449116
0.9201251628878935,0.4795178487930791
0.905039364937235,0.51315505533321
0.9461238237253147,0.5162634584599439
0.9261047970303437,0.5155287768734546
0.8428715143902057,0.4526023604665343
0.928255405015371,0.5000735140685418
0.699509339807787,0.5015775644193031
0.8972000908267567,0.47984335443423953
0.8716296398175861,0.3805620133731836
0.9121237654188972,0.5208315524318949
0.88017412868278,0.5234546845181705
0.808888753669504,0.49979465605561707
0.5108882219288744,0.5012474502767087
0.8450891070169488,0.49969104501529105
0.8658550812611283,0.4942757294628514
0.8123904580507213,0.49956728401017275
0.6209633583738745,0.49772003628310574
0.9272690430191015,0.524468113036181
0.9294425559176385,0.4914698724370189
0.8835484768293373,0.5058181724465396
0.5924259277347763,0.49994045490207445
0.46628521479554375,0.4994392788756411
0.9133146266310134,0.49978532766474426
0.813626530604566,0.2972366061874546
0.6243271752799032,0.5031434234412464
0.8300383417257026,0.46666324938826004
0.8451645617295425,0.46176803536556404
0.8642332845425205,0.4937914326836612
0.8687804645357806,0.49440449540544795
0.9286288424245238,0.4998620141660953
0.7743875435739396,0.5013810050392572
0.8496305580866393,0.45189421249789996
0.9279739592054377,0.4977557519355582
0.838445483481274,0.5025315125278326
0.9036083035907634,0.5233142879346165
0.8391125541684294,0.47585173210023685
0.9277465556436442,0.486558469890672
0.8195291431786697,0.4956982284884413
0.5299914197239651,0.4995610358981454
0.8584857931550525,0.5042757371910924
0.6260124884975802,0.5109146228451538
0.9136740874051572,0.519014968106515
0.9070585416143608,0.5219159479234461
0.8975371350449086,0.5212521088655954
0.9551039739713016,0.5028198465383342
0.6130900795423857,0.494164118060548
0.8970947942789111,0.5226624195481328
0.8464425169899297,0.5025922399761757
0.8573845280319689,0.4856872320998381
0.8790966882316804,0.4236581818045771
0.9237575083497735,0.5099468460412474
0.8905409336274406,0.5035224455947871
0.8944713353606711,0.47434804795343066
0.9084813312097202,0.4817280436706166
0.8822099090424744,0.48740718233275565
0.9011856427555236,0.5161090008434885
0.9345236037932645,0.4857546613166407
0.9110368116783999,0.5207103938485695
0.856630128646251,0.49520897299771205
0.8551158066238396,0.45225198969476205
0.8803995524104393,0.5031735359403863
0.8816189159709698,0.5038020003014
0.9193196987797072,0.49235235482833856
0.819821461765911,0.37694094108568477
0.9025373698572794,0.5023489389935838
0.5457414077319941,0.5311898141355021
0.9487873885512771,0.5095038706317015
0.8529357021722213,0.5006992649467672
0.8392941170536593,0.461376726484826
0.8807870656020143,0.5240100206962299
0.9569046740138296,0.5079076182305623
0.9022513116571718,0.49724796607049276
0.7894989954272923,0.4984617094264781
0.905416048865207,0.5228255284128469
0.887187443219951,0.4758867512166067
0.8621208865313484,0.5039487117592928
0.5024761368822708,0.5006989853002166
0.7175635989556781,0.5001085564158415
0.8874364418187852,0.49977115631283037
0.8982974283409142,0.48840070549822057
0.8932861412682758,0.5068187022573428
0.845594272022518,0.4790684290825938
0.883847805047709,0.5083633921106719
0.9182344393662705,0.5213468846616012
0.8622432187395653,0.4825057555291064
0.9279141669457021,0.5098919864500002
0.8541215144955376,0.46028759138133196
0.8658982162115096,0.4883932583409415
0.8531911325928878,0.4792309492909185
0.9466022697925083,0.5178650114920116
0.9016797117257811,0.5061352829700569
0.5720402202727134,0.49983047235456035
0.7874973856740903,0.34251268692855863
0.8597233921668119,0.5006025746157559
0.8599536366280807,0.47449001727258355
0.9302010571762687,0.48624324051151463
0.8426205621428504,0.4434342786744525
0.9302149452374835,0.398415370072444
0.905166857701434,0.4865853564018203
0.7669847156437333,0.5008962300361766
0.9112558576322729,0.49075783164949965
0.8801008804875416,0.49196282490011467
0.8685662996360357,0.5123049704915831
0.9409596707493268,0.48846061379083283
0.9149674109692038,0.48507901825153155
0.5403693869134345,0.4991656819051413
0.8462107843390481,0.42359952978387344
0.8500445170431125,0.48338758125024517
0.8822568838153764,0.5014094545664717
0.9513641740726417,0.48679669609156534
0.9215232780258671,0.5079858954500288
0.8238335765709401,0.4615332649939075
0.8801943741974352,0.5005188352743811
0.8646825829372502,0.4569309241089136
0.9450556154364131,0.49623029798050944
0.8821149280508518,0.5003197233301722
0.8859637442012465,0.4988108388685483
0.9416551289700412,0.501251062740153
0.8772832053035691,0.5154713129813292
0.9238523920559886,0.48616908849367524
0.9401564977780306,0.49013627363005136
0.8537419911931821,0.49932971408883065
0.8022745430395007,0.4996776295763956
0.9310730407776358,0.5115762190490992
0.9187144298640197,0.48566063560108885
0.8330744119990688,0.4890166310260667
0.9153080151832494,0.5239361191785376
0.8262040222338596,0.48701242855839955
0.9384260363009418,0.5244456104893215
0.9337043164013269,0.5247717957913189
0.8304352906114993,0.7427447810349147
0.7070876423685923,0.4978853408790772
0.9098093414855035,0.47819455473018857
0.6292346553214073,0.49796089248007874
0.8941744486897929,0.44544127541329726
0.8432931214973343,0.44284321510679575
0.49523631892806946,0.49956503965094456
0.5074835284962252,0.4995987010506399
0.8244118296147616,0.4986415720307771
0.8449359055655429,0.47822211993565994
0.5245439429778063,0.5052221665147539
0.9213077566210046,0.5005717796923121
0.9142150757942393,0.5217899123682067
0.4927111830854967,0.49862327503839704
0.9162105080361959,0.48630356211209874
0.9287578330989579,0.5169660855660816
0.8486142000191945,0.3856262061325104
0.8714822026219204,0.48713722460598863
0.9493222912208146,0.517840354858529
0.8141973339457386,0.5001401732286584
0.912718750464446,0.6126608551181745
0.8922928200264577,0.47414175378218454
0.7934876138441612,0.4994412074308192
0.9055234743272023,0.5243458325084628
0.9033931965559634,0.48172315563625356
0.8735656516030457,0.40361388314686875
0.9377979886454015,0.5184683415091957
0.9152565907754153,0.4924566837778086
0.9358984728554349,0.4968785872031393
0.514593923496891,0.49280228714733404
0.8258166763536738,0.38867298159377345
0.7411171712197593,0.23128953401022545
0.9027570769316045,0.5015466019236873
0.7989417532480941,0.8065811933702222
0.8964746500882688,0.4782423396130703
0.9035317385560133,0.48535602942413675
0.923857342652362,0.5203537850022393
0.8790988731042233,0.4915660886888638
0.867598070283438,0.5122108009426357
0.5077282622817386,0.5004741341395463
0.713524166118261,0.4963765200828461
0.9336188185155163,0.5064573107236331
0.9258623317401936,0.5201367625306066
0.9323562036303416,0.5069940008092593
0.8730270204962658,0.47691637839915896
0.9280632160213216,0.5001985287170099
0.8310415567736051,0.4750442193684497
0.9481785780951936,0.5213010884472529
0.68300780639467,0.4996639078854985
0.9087553696354373,0.49624340396717664
0.886744694265936,0.47641758509985627
0.6844844245196315,0.49950195403719544
0.8782544385509476,0.5000917989827378
0.8404283587538985,0.48112401493745266
0.934835028321152,0.4821216843458356
0.9476409721602929,0.4954505183571351
0.9421611620224649,0.4689095640123366
0.9368466500749104,0.5034303310113917
0.8812176191964793,0.4795932369769597
0.5559468573551435,0.4920600260575302
0.8821465444963692,0.4901657377760733
0.9325965381457129,0.4907926231663076
0.9072510184962399,0.5035195041873455
0.7420475476072548,0.49882142203634355
0.8840986057554509,0.4999358686117798
0.5182917822392049,0.49402713178412794
0.8421119059399809,0.49654188019311557
0.8340923644297684,0.4997694936138999
0.8543564916938182,0.4111072207801574
0.9366202476291586,0.5154969070677221
0.8486151780750393,0.46089594434409437
0.6446913973186138,0.49983063873225475
0.7037406230005561,0.4992618407268155
0.918000284679902,0.4787905718984394
0.9296040510674733,0.4823809006626158
0.8937280774547596,0.4997559517638068
0.8821882464980775,0.4748638823228982
0.8715390966461467,0.4759531517058038
0.9558819034382976,0.5316770353635618
0.8618186121433107,0.4734197747309045
0.9091146698823996,0.5195588073125045
0.8312730940780293,0.43067354084366305
0.9231994073222791,0.5116732623793172
0.7975927510177505,0.8037551089427802
0.8054544203864558,0.4995152598345236
0.9283462876999349,0.5011775466398292
0.5563914413801534,0.49987290724050404
0.8642699411410242,0.43022051979502435
0.8832157288328926,0.48311005334933926
0.8611186671828371,0.47750338906247175
0.9504002083394498,0.48881936362068146
0.9286815697961737,0.4964898883073271
0.8620702053359929,0.5028889229499786
0.8565590400376506,0.5141073952388855
0.861830989944521,0.4680597611459755
0.9011768544124095,0.2931252593388959
0.87666330684399,0.4800923066067872
0.8722908094364741,0.5059220469127204
0.8659517044121676,0.48743092008992805
0.8919915825092051,0.5096980510561551
0.4897020695437861,0.500698485928815
0.8655157723495202,0.4820153512767061
0.9353633061777196,0.5117232118517764
0.6056642246424407,0.5003407742364673
0.8702766556518903,0.4778748682739774
0.4977106330011555,0.49953437831575487
0.8560476601405977,0.4855448786178914
0.6758145893598055,0.1997759963565962
0.8865822351122616,0.49992611730254183
0.8393142750186473,0.48194855087251215
0.716330479312889,0.499978167864915
0.6397548578938171,0.5002538752715006
0.9031854220965759,0.47232009174408346
0.8564945062872831,0.5096996791303839
0.836544766473903,0.4682759041197398
0.9419491073149109,0.47114104990750694
0.8308016512065793,0.480425359868386
0.7824241177885547,0.3665347817140957
0.8057419190802977,0.5003792193857026
0.8830807813126034,0.4753540796639535
0.4873214819104392,0.493828987238495
0.8233853993372401,0.47401947577592085
0.9272416630880359,0.49909288043035194
0.9291886630809703,0.48678863987610044
0.8691850285276701,0.49511355937585144
0.9080651803400667,0.4776384768344677
0.9477741754505715,0.5087259949822219
0.8679844973929911,0.5014048775229136
0.9137949043295837,0.4961493620520966
0.9285766408780421,0.4878378964642569
0.8429180331295931,0.49331627325133065
0.8711871307694311,0.4795408716308811
0.9434277350585364,0.5101543777385602
0.8629700973368692,0.491255908782833
0.6719958899249823,0.4965447731981364
0.9133197932017906,0.48500424699612565
0.9359176072550981,0.5143907145426208
0.8615802030894563,0.4763028982545838
0.8377865572111906,0.44314312915833326
0.9310544566896125,0.498966817017549
0.8886042474155542,0.477134703992915
0.9286927587575373,0.47934613534414633
0.9163231516664281,0.5140526045591688
0.9298958682191509,0.49784270629028676
0.5778234849999274,0.5008793702552479
0.8313751453231767,0.4743239706142618
0.8629457593578821,0.5040824468435898
0.9277115139115192,0.6048116001290401
0.8448642713319379,0.4997272586424551
0.8617321690831407,0.5188519323208595
0.9282668232382165,0.49513124451464524
0.8571263569715009,0.4115205114223353
0.8906485971206352,0.501795794524724
0.9067981471824984,0.47973287728091285
0.4705154988976886,0.4998328382667736
0.8762725092305865,0.49848892349502666
0.9077302630653106,0.48370030913536055
0.8954562235979058,0.4945038721107886
0.8909521202872073,0.4913393308446309
0.5053032605961704,0.5054343500418556
0.9488979312261461,0.4930857095188026
0.776060989894408,0.4997127905171867
0.8670532755013731,0.5115222340774501
0.8400108430797574,0.46328620522609887
0.9251620520938031,0.4939905179275188
0.8640446496498808,0.4922997007108205
0.6800954147248529,0.4992021647722728
0.874224254305678,0.4974707269264706
0.8581351301295908,0.4696791749964488
0.8122387088169565,0.5000028101101003
0.8861586607650954,0.46805080766570956
0.9390652610098348,0.4821408580211753
0.9444761009573743,0.5015043423380957
0.8553070873606902,0.44754967531333417
0.7719846519421003,0.5006543600764173
0.8976578324552182,0.4760040642083669
0.9170525929624345,0.5190326170383589
0.9514808905715014,0.5075477000373353
0.8694291504337945,0.47867609392777044
0.8906594089970632,0.6619877092894262
0.8490227507373789,0.49690994842214603
0.7510858492175301,0.5177946906475135
0.8483989467578903,0.4160928411405161
0.8844655775847466,0.4750675034066545
0.9014082145349815,0.5061622994268633
0.6467852785959765,0.4997487998968709
0.8628169669641754,0.4956488236181364
0.5608394994709922,0.49978670546520265
0.9205186183754341,0.47919692821105364
0.9197652549915274,0.5235903773831843
0.4595267509351171,0.5001204354948844
0.8947337738657009,0.490948956634161
0.8973541169537018,0.5239395930773979
0.7655718276743293,0.6972886331878493
0.8724444314021039,0.4929702974097947
0.9429594010223911,0.5023944609528138
0.6125508137586604,0.9098708823180488
0.8601894890578762,0.4510315039573275
0.8671789228066242,0.47023035622886483
0.934589616268781,0.4963952333363508
0.928024823470096,0.5195287932921338
0.8395440813329631,0.4852313415304389
0.8743874282671311,0.4712578205380764
0.700235419833078,0.4992188010186173
0.87742417110434,0.5045402213485087
0.9029615129311834,0.499088556307583
0.8788738343840705,0.4715647399211882
0.8465804728843622,0.49997694578316215
0.8536057196664916,0.44257786076715067
0.8939485318331952,0.47659592025323017
0.8508874579569512,0.5045778633717788
0.929525486017734,0.48632440760976947
0.7539909568199945,0.5003446487555722
0.8689276065509087,0.5005442811372018
0.5199675422346234,0.49982870533884627
0.7988225312836617,0.498570678718174
0.6085818411003296,0.4993668039493965
0.8366367062723257,0.49908091117736203
0.8740865578681675,0.47630776194507307
0.9170725331651828,0.4752796833159865
0.9248197534204086,0.5228536979662158
0.8683668221313672,0.4651655246965497
0.8370623621116229,0.4599792574374571
0.9211634499099091,0.5233067087418075
0.8988749669656986,0.4886045152734514
0.9084470540601237,0.4755075342869095
0.932801448833103,0.496801595838189
0.5344452414794205,0.5044373753256565
0.9413034125408666,0.5072179105034827
0.8751015685944648,0.4742190667789458
0.9034685471898718,0.47906751259068125
0.9471778735292922,0.505947535457656
0.9278111151780613,0.5182182519975356
0.9298099626531219,0.5188005713490146
0.882202122058259,0.49768832886166897
0.8680079751004278,0.27008389607018324
0.8403748323472213,0.43811614842865826
0.7090196442833022,0.4996690894420277
0.9492282502189673,0.5066133329611406
0.9483180159039086,0.5089860789937862
0.8718190065515985,0.5052529596939879
0.8697114926378796,0.47490769053667314
0.875823792036617,0.5015653092802129
0.4921835615965517,0.49996220080294346
0.8085167159453454,0.3762374032239648
0.8291558580451233,0.45558766370400083
0.8059256587278334,0.4124730659056449
0.9008952744585262,0.4737834785392555
0.6196989060752496,0.5001020466796018
0.8920329043628268,0.5175276195092794
0.8956422932823374,0.5066562333840356
0.8856608085700234,0.5007353781137445
0.8970581076332329,0.5229255311360697
0.9523338831232284,0.4774854655174672
0.927359333951193,0.5107762189457905
0.8157863200606605,0.49986529953736003
0.936556616104668,0.49321183577890876
0.9037210907041164,0.4976631434484682
0.8861563395318475,0.47719066096996254
0.928097334207618,0.4946290436233317
0.8446454593802597,0.47806663654905607
0.8775515671132808,0.5079259268085325
0.8942474561782128,0.4967625038563805
0.9198733654041918,0.4792093966117801
0.7478217731211988,0.4995451579293896
0.8390062261411563,0.48576679630425973
0.8764387302464536,0.49276293206587835
0.8976296591164323,0.47356450629820596
0.9382303556146763,0.5129016836387883
0.8720167800338423,0.48940353323642155
0.8915996495501863,0.49932864573266084
0.8962302235049016,0.4837909149599986
0.9043244099089481,0.503107611947311
0.6768244486720211,0.18676359826018746
0.4995883996550638,0.5005853847697957
0.7455220815810836,0.5020893870457929
0.6652563816247455,0.49991346414283183
0.8952831881822971,0.5041013864543331
0.8988863397869447,0.43056327492196134
0.8778628506464736,0.4949885823872716
0.8397110907086784,0.44385130299157866
0.7635871088600176,0.5003567359673151
0.8613688803803476,0.47721154928859216
0.7891105644537795,0.3369861272313385
0.9488910259779729,0.49862398307549366
0.8655713493115443,0.49986008585330244
0.47995623954264716,0.5003944877695536
0.9153883964069163,0.49773729992601135
0.8589841973138819,0.4756129572485814
0.9319723021085278,0.5156979466027072
0.9435702257039413,0.4789211638707775
0.9100447224044367,0.48079638827646604
0.8936838512451385,0.5151862083215385
0.7282787933580083,0.17511117917869534
0.6303257005314092,0.5003445046781373
0.9305583704995126,0.4800950160792295
0.700865535094356,0.19711527292925152
0.9173510410525454,0.5015229182044889
0.48691869048153624,0.4972151541596038
0.5885722015802135,0.49950601434355774
0.8477886678316984,0.5003301914984832
0.8261724726246935,0.4386817603111976
0.8247607866709292,0.5003504625998877
0.7559430177267967,0.4969688471806973
0.9058027147469523,0.479041947255982
0.9156377939005513,0.4953184313189185
0.8625021757289225,0.42416437850043887
0.9235233828361473,0.5229418236029002
0.9385077073340611,0.4841954020782604
0.871495571205489,0.4828754589958374
0.8671784676535352,0.4758980551442435
0.876341636933595,0.4985070048213631
0.9286498726376236,0.49724742069075434
0.5563950578033844,0.49988631744825757
0.9473444118854347,0.49857013902686464
0.696351719228809,0.4999035567741534
0.8957542390425285,0.48598215469874384
0.9135179269173705,0.4847687830080691
0.8456382969282925,0.5036714060117498
0.761297657048611,0.5017497659143153
0.8669817484587085,0.47223201223908645
0.9415237874836095,0.5040356514276089
0.9056410420378643,0.48546897672052836
0.8815696032573048,0.5054379042787307
0.8826533646148735,0.47727848445406146
0.8272408060951646,0.4826870820441408
0.8468171222632632,0.4911546556965282
0.8653111067030956,0.5023818073294176
0.8479966368365058,0.4717828769245084
0.7195768574659188,0.4996624142771528
0.9266356993481162,0.5071079095235388
0.8626580960282381,0.46533439636765406
0.832661426511615,0.44857395417578405
0.9044275676818734,0.4779113670084614
0.8235017956056973,0.42621878717241474
0.9439391790191936,0.4910853761202175
0.8942217801105852,0.4998053172589761
0.9060961661670366,0.5008280799643173
0.5969961320554165,0.4993304562538567
0.9346582112654089,0.5245394525159883
0.9292778834576032,0.6168640858971912
0.923195573569727,0.5199407946729888
0.9347082513090148,0.49809044111021217
0.906201827423908,0.5235383212447458
0.5552747628409399,0.500181251770095
0.7720738249363078,0.501019278169214
0.9362331713257077,0.502517981764712
0.8249607445641811,0.5000970956628797
0.8921306543371179,0.5088688975995656
0.8467612812993348,0.47571027423168555
0.8790469839637646,0.5154269929264917
0.9226192236189854,0.5009514567190354
0.6570219643428468,0.500264677709517
0.7711110335592709,0.5000263788510236
0.9019313408791619,0.5085262660785915
0.9037571552071791,0.5155781460978109
0.7326720288345179,0.4990294949748853
0.8868129454716869,0.4746208662938177
0.8926090657158159,0.49397998430124396
0.8613141299632314,0.4764217074890194
0.8002925530061479,0.49977486400567145
0.8690685914542073,0.4935385983571779
0.8283234668059779,0.4356409229172905
0.8776142104019001,0.4813796850007146
0.8342869652794709,0.4864000597851804
0.8298630265323822,0.3655645471200898
0.9278599855467069,0.5230860825421783
0.8893207915309799,0.5237273324753637
0.9335070774405447,0.5068974540793318
0.4670489249940219,0.4996717565172938
0.9178622123596767,0.5000353222552701
0.6948097266219815,0.2032190386950991
0.8831788130908702,0.46211490897530016
0.5449987436903811,0.49997376294225565
0.6491442113836482,0.5033051680739027
0.7945452289253235,0.4992981927085709
0.8619929861742028,0.49012060734852964
0.8654648116812852,0.48524328673583683
0.7148304312252954,0.4979393387556774
0.8496079336688067,0.4607301331793127
0.8814013631307556,0.5011167815306721
0.9022637058256582,0.5453707755530323
0.9229577563894159,0.5134617620181752
0.8665556196736686,0.4700799203346906
0.8812192491787327,0.5003579153846303
0.7818044173019566,0.500593379757363
0.8119115271001915,0.4994796383573806
0.9339425165107701,0.49323047538383913
0.8934216262038877,0.49434013371361757
0.8910090160110361,0.5241439711671226
0.9326215196212266,0.5153176541196114
0.8986702571394498,0.4899626088471267
0.8629661668076785,0.49851191033501296
0.9195648645737088,0.5155551075889319
0.9419967227870538,0.47084107045332474
0.9228086439541777,0.4994717574622214
0.9288753843785534,0.4973487754105644
0.9081050904884778,0.4785808768865369
0.8542538611359423,0.4866622141875477
0.493941520674924,0.49931378059057485
0.6997393833380624,0.5009547097469071
0.9279342711082714,0.5169647541138832
0.866139448198834,0.48530392764383956
0.6744881815237053,0.9166950415662009
0.910369267226155,0.5035377655558868
0.8682786640803373,0.5082007022186678
0.9322877176966761,0.47516244904391053
0.9006629237122495,0.4969908181887749
0.9018382524674569,0.4960877558508594
0.9044979238049905,0.4836498007601508
0.8945013206577426,0.5013629455849138
0.8930151666544861,0.4995883125543676
0.6886750849382023,0.49977712789153733
0.7374399954146272,0.49936987716405096
0.8666675673716913,0.49724073059227086
0.5373300158709263,0.4989265009752788
0.924102363033768,0.5112684409378985
0.9210637206216808,0.5228333724898601
0.9285633324156586,0.481126081586707
0.792650614919389,0.31926911449735823
0.9288840507641967,0.5016812830927418
0.6996228185112908,0.21645636797344997
0.7273029229538492,0.4987982277404803
0.9179128701222087,0.5208698040249422
0.9118479175784768,0.48582595192190503
0.8975401819297759,0.6233782299059506
0.9191350840710126,0.5207749726630506
0.6887703173951973,0.5001030365846643
0.8650109823503018,0.4839318084148965
0.6388228228569235,0.5017683824264865
0.9434876606169128,0.5032279198097589
0.6699447380827733,0.5000402801689673
0.9341248975043144,0.48738229334932703
0.73228085224304,0.4992955966554619
0.880980847380652,0.4974426489053334
0.8751719825054554,0.4926769621778206
0.8981490645687619,0.477984587509644
0.8088646685048992,0.5000879755108905
0.9161210551446897,0.5008101312017919
0.8430670682026187,0.4824236682927277
0.9390215866270659,0.4789641378361631
0.9308089087025921,0.48608698635305686
0.8853899801795589,0.47403045575897446
0.9433521953308523,0.486781630273782
0.748273328600382,0.5024858529066427
0.873706611819352,0.4687385620989113
0.9531440732171794,0.5008836215558218
0.83736971111639,0.48498385306813757
0.9153610573308492,0.4889946201729913
0.9011807852408229,0.4923689304377485
0.7836381204997787,0.5112012963830438
0.8970771253036028,0.49107942256529574
0.9387248279301136,0.5012839124670814
0.6786407702979099,0.4999261964146438
0.6621292698987676,0.49920127681008536
0.9057873830968239,0.49227608430445424
0.9151816974104274,0.4845683348402732
0.9347352212966381,0.4873516254867524
0.9404524749537644,0.5052010280305161
0.9376577371976242,0.4903841602286387
0.8895071323902386,0.46886533338573183
0.8766517277847703,0.47367586345425083
0.9279496743474532,0.5063797416301125
0.7161981383857213,0.5004675631396998
0.929958493805088,0.5036606026612228
0.7458445614097313,0.4998772450105892
0.9281817083940063,0.49796588093236993
0.9235044597575283,0.5121096719154788
0.909412797643873,0.5138512150395868
0.8676423462597849,0.48185031647697063
0.4945229805928228,0.4996593902937219
0.9633187547289377,0.5019325895830178
0.929980530261437,0.5074802058410876
0.9021621087378217,0.495224139103594
0.9518023501402024,0.506134804504656
0.9136224009425744,0.5105786520802714
0.5594769133737223,0.49859641278684
0.8946267685352745,0.49782728808121135
0.8800443101523341,0.472886879049167
0.8938072827733625,0.47407277418913424
0.8650560188437526,0.46627340255863053
0.6565761951845737,0.5003886309800712
0.8766017665846675,0.4762927478696888
0.7914690675146197,0.3428446769020621
0.9327650206708143,0.5017190479298358
0.9181394071811416,0.49972378898645015
0.7913326977595385,0.5004256179694498
0.9386172452510094,0.5093136434081623
0.6836654708267715,0.5043236674905613
0.7231983723542394,0.242738121208946
0.7768199186376397,0.5139467438738354
0.8529556368271822,0.423259453258325
0.8846065960058891,0.47734386903526826
0.8347546092843598,0.4471451716568454
0.9136954254807002,0.5192417160460048
0.9082651624227738,0.5137719593590028
0.9369144770568353,0.5050806726234125
0.7334498550025452,0.4996515156223112
0.8649513931588728,0.4642936897574759
0.8817206396670859,0.511625458830017
0.9308345941145393,0.5192553587428472
0.9181250343579883,0.49976399550533146
0.8672227693122342,0.4821571747395326
0.9493289676035934,0.48219962324053933
0.46919864236178516,0.5017164740780338
0.9033110371724822,0.4999537896183202
0.8825005430913866,0.5003940314630295
0.8890883754542985,0.4742914878771912
0.8352903933132719,0.4698483978528888
0.8787847056998046,0.47729503369616816
0.8454174506184062,0.42707599928392515
0.9087911677305383,0.5111035623987523
0.8780462864490608,0.4956869638489847
0.8984179407853452,0.35161074761464955
0.7860195681623996,0.4977450768564657
0.9247372395694162,0.47707653219454693
0.6649463775372721,0.4997767423619655
0.9420741277431858,0.4913997138437984
0.9347251818073505,0.516124576025507
0.9280810446130114,0.4933958022940362
0.8634747062757469,0.505732128355137
0.8432090963302112,0.5000911390832028
0.9146396330159021,0.5224143553556325
0.846262090130875,0.48453853023627297
0.8222806228524431,0.4544026421614904
0.7738952831754988,0.4992827592126558
0.8280369374493368,0.46415757012565634
0.8502193660510335,0.4822998021381718
0.8020964994995697,0.35015966886409733
0.7818487847735429,0.5013446407285392
0.69756049766549,0.126268506510351
0.9469046708100921,0.5175168874425767
0.5686807363934016,0.49981468870743323
0.8596064433169807,0.48840152032659717
0.8371075505126997,0.3747292182468544
0.9075622333600069,0.5050693869300072
0.8602391676240729,0.5041287070201768
0.9306329502602626,0.4916109570660343
0.8746273453073052,0.5053684177985112
0.8407675627675215,0.4745020331274966
0.92914987016947,0.5183365783464089
0.9359581348342343,0.5083703454269659
0.8985394080662972,0.5044731842793005
0.9290119905622739,0.5050211895550031
0.5508624421323469,0.49913265140010393
0.6671171342594233,0.5011462136287274
0.8204764490374077,0.3943194035675922
0.875096406712123,0.4554881481339865
0.8935598536144881,0.5142709625405092
0.8947008231205307,0.5127505434882944
0.8895550855423788,0.5011095518300899
0.8463777736527145,0.47586843433293097
0.9285558462226848,0.479234763015663
0.4947844332723692,0.5010834805508415
0.9118952962831965,0.5199982547292514
0.8618586444716396,0.4549588103214882
0.8605788606242091,0.510679104005691
0.9226130292097479,0.5115672816256623
0.8982189592909675,0.4884766974942663
0.8709591207489242,0.4370577453183696
0.9103655328059588,0.47895022224282563
0.8594915672922101,0.47614084735623896
0.8663029093674341,0.4760646890198566
0.5292569506943176,0.49999415612720116
0.9514506353446635,0.5055322723857567
0.9349830811470776,0.47870606826629886
0.6284223476207622,0.49905930779544483
0.9087002659878466,0.5357556813074189
0.8834004366915764,0.48120723341013666
0.9628581794557516,0.49668225275245453
0.931845133708376,0.4854024984732562
0.7968712553868795,0.3551017926287874
0.8134450540160386,0.5008713005969677
0.8699243390693213,0.4742456860017691
0.527019167900275,0.4985160408354038
0.8438596256556647,0.47638108395614237
0.8722047390515381,0.6754139967442341
0.8649647655442302,0.4846227787339172
0.925310872545033,0.5199898365454523
0.9336912325858612,0.5064681478432136
0.6563354096300831,0.4995144852441876
0.94440261716724,0.5090055688574366
0.9050847652735543,0.5041109304862751
0.8991397251089346,0.5218427809417061
0.9229882561952933,0.5211608981108573
0.8034463766477125,0.7797482116137349
0.8428448161800248,0.48307415836552736
0.8440497868189301,0.4241344416754171
0.4637028255940849,0.4996095506128483
0.9295648519769909,0.4985088123210661
0.8509425128162169,0.5081659016749847
0.9186738794409712,0.48913938475431906
0.9318408086153263,0.49925478269961426
0.8696362528930393,0.4886689697347321
0.8645398003549574,0.5005081305097603
0.9591628446487291,0.4622361917839212
0.8258404410224287,0.36156886620899964
0.9243928225557304,0.4904612284369474
0.5601127392103533,0.499045418861901
0.9319297402698103,0.5063357636355733
0.9271129546367491,0.4769574049149042
0.9021908551609712,0.4737609898370659
0.884443189978074,0.47495122066488593
0.9449089830007474,0.5164496309741787
0.5380851955481418,0.4977452830946878
0.9140777763337342,0.5218824614719547
0.9288651666572108,0.5126723443452188
0.908503976640068,0.47962455648695645
0.8398795447795988,0.3818353953586625
0.8816091125862062,0.48125779639425137
0.9485241925777077,0.5125759202291563
0.9057260850738296,0.4864998725623596
0.8388682370348873,0.4684547289278354
0.642172054024096,0.5002186687270406
0.9428981384976167,0.5001760643507577
0.8886269515573069,0.5012133620022912
0.9261664388333919,0.5232164927689346
0.7597849004720874,0.4999985271266766
0.8966404728398731,0.4722898066045469
0.6684548692010819,0.5002133719437367
0.6714907278359186,0.4978203746981025
0.8139746918864144,0.49964840334894306
0.9579315793282697,0.5032265479908833
0.9288163453993811,0.505200116169128
0.866320356126287,0.46611808100103086
0.8816733214924517,0.5100448578660863
0.6863738303644498,0.49968320350333983
0.9092363584364267,0.48599020254543995
0.926985446763548,0.49860414766344807
0.8658909049758717,0.5070620033809222
0.6211176350943303,0.49997614597414797
0.8422347736637452,0.46644428237716395
0.9419673216206088,0.49478695085488256
0.6761970530508189,0.5013292776649957
0.9050889741421643,0.47378622522979585
0.8608097975749993,0.4679369889378588
0.8450715391028107,0.40726058529600206
0.8879627454967465,0.49916766536025264
0.91112781484969,0.4961295539581922
0.7087502410848758,0.49970599159789036
0.6022949039293795,0.15915502700120016
0.8957631375118201,0.47586447053134323
0.8308902622366454,0.4797300901200758
0.8602327527997594,0.4658753847466055
0.8827887160320158,0.3166659451999182
0.8799287778098153,0.48388857582515077
0.8293453944532811,0.4643727859372599
0.866840724744391,0.4808259831881242
0.4877311148676695,0.4976385451489077
0.6561674849135437,0.5010863083851849
0.5334290236019313,0.5053737674397991
0.8806670414234229,0.5018896742778433
0.8755180000019219,0.49679206821137556
0.9572144732917701,0.5258890619382989
0.8454188957775214,0.4832351863099451
0.5064714341673489,0.4995863463158627
0.9304960208974149,0.5122400892279361
0.7557326516431786,0.5116044183002031
0.9078558758009365,0.5029929808992175
0.9418688865646138,0.5151472167190635
0.9280504270582133,0.5042146579366966
0.5945065849788299,0.49979060198363506
0.9166039933773686,0.3576968121327629
0.9350578600746552,0.4779135457648726
0.7853940065322195,0.49963650512479374
0.9081549154867715,0.4821431513454896
0.9306385140678356,0.47626392397419504
0.8867316641169658,0.47421247041621256
0.9222107954692795,0.5157608093723359
0.931147267289,0.5119625709862798
0.6628493295158456,0.500768544725194
0.8944166521596333,0.48696374972893636
0.841455280444702,0.4522416258099891
0.9007598134943406,0.4729091739488049
0.8712330711207374,0.49258652276528303
0.9198177673314991,0.5212039997783026
0.8971685543599178,0.5102777071081276
0.8364401934142628,0.4780851139594544
0.7402608295794948,0.5007923291167984
0.9264058109691298,0.48313245533692056
0.9324839651969685,0.5147143458084558
0.5610733529402243,0.5000920605611905
0.8769804295245953,0.48958396327256765
0.8300424334360912,0.46701807359890163
0.8662140537681028,0.4812593706794545
0.9143420869843712,0.48475308988260224
0.9393443474666506,0.5008336710251652
0.9298497800064599,0.5016335045212118
0.7004158634371637,0.49876420543533195
0.677152352719562,0.20553604646974966
0.6389363136197796,0.49856465870065536
0.9217037993305865,0.49395376168665955
0.9091764051437737,0.5224080654344709
0.7593509275909249,0.4945642219986007
0.8525854519458609,0.5112889360366348
0.9293272248379265,0.5030183889051283
0.8528329099067588,0.48379763490822636
0.8611334822324168,0.47741663085000163
0.8501180749671474,0.46797792684182815
0.8944434904590708,0.5058205539356396
0.945527854817156,0.4862182168458906
0.6741613813216848,0.14305629147957605
0.879278416728451,0.49618080122424535
0.5032757704347516,0.5010742730040583
0.9373413049335513,0.500456668372017
0.8966798729111329,0.4745531582165381
0.9115520161135249,0.5343621735488946
0.877582006051113,0.5000336542934769
0.823444939526961,0.18820285166359474
0.5752720681206569,0.4999940900041948
0.8568964881266583,0.5114325801437327
0.869606860584019,0.4821222435100166
0.896299644712136,0.47637473325425617
0.928725201672756,0.4877928718124819
0.8474324529804469,0.499195364929144
0.9328043431761857,0.5013199440102987
0.9298852985390018,0.5148303687582984
0.8599286039753915,0.4263095781249442
0.931281551773961,0.4955974213006729
0.5262611396145643,0.49939834773592334
0.8033809699386643,0.312535136840859
0.8536829549738967,0.45466526818454656
0.8857942802940073,0.49665878944245273
0.8875110986315558,0.5222472989007936
0.8940012478315533,0.47746416968788
0.7974351299021762,0.49955504477725965
0.9178143659585065,0.5200045803164393
0.8861459772358196,0.49576575087880026
0.8669761120364765,0.49775418931706283
0.8760181986173392,0.46897135208360535
0.8982345380042049,0.4939356616106688
0.8753196476473495,0.47780660907775696
0.9220570472700158,0.5009103475547845
0.8928777830155503,0.48762228878781333
0.9275668265474075,0.4811916195749995
0.9280634541378934,0.5116580245081592
0.895259602445618,0.4756223478045969
0.5563946459274557,0.5000134996204438
0.8408956415589228,0.4817686525813766
0.7711379807862355,0.5013383464797703
0.8978218456721064,0.47228925372823516
0.8847898931015681,0.5160542311348205
0.9329098456678722,0.5030606478796107
0.9275590190452714,0.5119209663724784
0.8951764850228454,0.4973160821143257
0.8491630881753599,0.5034910189591817
0.9198128730098296,0.4902196012560217
0.8803984983300557,0.49246833112029775
0.9380091292372076,0.4959593224717529
0.9189763662982988,0.46822760452700163
0.9338480591973061,0.5099903339480718
0.9055875980551484,0.5018050477549642
0.9449430572877968,0.4995903687299174
0.6289112777960735,0.49862925817244963
0.8914948950048307,0.5000866288430408
0.9264932016540293,0.5423122324531843
0.8721721167792662,0.507874450417384
0.863317853692548,0.421823433575663
0.8599466661988908,0.5011848897907594
0.5002470898066093,0.502011318749679
0.8268614060218462,0.5004160524472542
0.8972720920066377,0.4926873522335306
0.9329942455420357,0.4793899937670333
0.8542992520900522,0.4778475790917674
0.9221401976587811,0.5155614379900993
0.9060353828639138,0.48743229241270625
0.8839905551079854,0.4513913374092937
0.9340913670469329,0.4996338098457138
0.5783560681265303,0.5006070394884521
0.8063133414809804,0.8560395102161633
0.9447468866009134,0.5060873960718777
0.8594450135406588,0.4703658869062018
0.9279685320938267,0.4996953667202018
0.9253641584897183,0.5115372044364945
0.9342105567139813,0.4982755104087628
0.9139698925158416,0.48339306583726954
0.8328200225412548,0.4751123740435939
0.8999748377626233,0.49372359382547726
0.47379097741877246,0.14839076843541593
0.844323968515104,0.46890736422527063
0.8591951746560591,0.4829244150002474
0.4756439933952291,0.5007513223925788
0.8667269120290211,0.5083993909459078
0.6051954644827239,0.49874969251490775
0.4788391558773598,0.5013708078587807
0.9264571237013107,0.5201483812587565
0.8824779192233948,0.4982580217095198
0.8469585086302991,0.49482742196556506
0.8465692406808274,0.4808817476766569
0.9706173286225135,0.49400510737701236
0.9278827216145609,0.481736511738639
0.9380480467940471,0.5096947691340853
0.8868557493849991,0.5036465863939894
0.7768619046090139,0.25707225856174243
0.8897832813146773,0.49986764630288644
0.9265960034617806,0.515169761027696
0.8355771187630818,0.430849918024945
0.5770777679335575,0.4991043677662615
0.9172666903087372,0.48959966740996824
0.9141831100008386,0.5137321775576387
0.7265446848413362,0.5020430198457242
0.9392916302101267,0.5081609159963568
0.7307386480896068,0.49989844863118177
0.6320890975630081,0.511777339194933
0.9281749946992912,0.5001608329104069
0.8619779353915948,0.4883496594013288
0.9409145962045042,0.47960651864372134
0.8046359681224127,0.337407186409998
0.47955742687843383,0.500398573678823
0.8510335628660373,0.39167068802749583
0.9291440767385943,0.5022508428595703
0.920307080506944,0.5065016145053793
0.939222816359575,0.6029978120744729
0.9050634879791063,0.48395313866575623
0.8649080891558317,0.5002369362971528
0.9582341444020162,0.43556473246890137
0.9509346767852708,0.5347645454858376
0.901837136591371,0.5058097550745806
0.7766771811198949,0.3548846172308603
0.8867423359428277,0.47684970724839365
0.9190752687433663,0.4912989123433177
0.9282071737348099,0.5109563154558546
0.9174078472966014,0.5183982872920826
0.47656052122358683,0.497014174495441
0.8811535538749589,0.4886553216338923
0.8299435532901855,0.39853466152926653
0.8624531184244393,0.5048732519965413
0.7881217899188425,0.29938125562991347
0.7083145127700334,0.2505760040598406
0.8891682729337316,0.5038200715236317
0.8534036817909094,0.4995746184471552
0.9112890948061603,0.5010966931499535
0.9294596994364517,0.5087315871964911
0.9066845813559249,0.478169899839387
0.8920408509039315,0.4786652730659365
0.877772789336525,0.4658845840507569
0.9433837339836102,0.5018540558007745
0.9256889906665601,0.5144492936949249
0.9533779067707375,0.5044976371780717
0.7533173920640212,0.5005785721011567
0.8733631033586515,0.47749475915287554
0.9225490036836809,0.5256825788275145
0.8484406688667402,0.4888166121051111
0.8376909440937819,0.5067939075349666
0.9322024093283066,0.497317707884709
0.8357956786410783,0.3706973268940337
0.9083215907989439,0.47549906846457385
0.9352319539060745,0.5103779999638377
0.9096251876942094,0.5109968014787353
0.7704433610442358,0.49983022284739237
0.4851467979829523,0.4999138105235954
0.9233671396038868,0.4998453648315919
0.8582524044376165,0.4198073598854897
0.8464830023544199,0.48117117076919114
0.8969509589788709,0.5223202429655593
0.9196270580573334,0.49700601186484233
0.7663665474702711,0.498747676793327
0.9483554251529838,0.4863887774178076
0.8767711580265536,0.5012920191842154
0.8566770031210489,0.4769739162302616
0.9273322734113543,0.4869911591914405
0.8437954184904826,0.457329461309246
0.8820964433036786,0.5125214416589995
0.8493713468379736,0.4682374844764942
0.8605169058470317,0.49872229618641806
0.7484521515340892,0.8949266525722555
0.8964479169227602,0.47567856644860695
0.8815402939763719,0.48969132559232875
0.8824057999103836,0.4664895333302465
0.8922915664291224,0.471767690570463
0.7586748046007754,0.49827680446489214
0.884902574111495,0.5000133322789746
0.8569088969148441,0.5103499918914416
0.8365297498259554,0.50014064292376
0.8339179860534881,0.45646531392677747
0.865147212812243,0.47297619898857474
0.7195683166245641,0.4996104437995071
0.9183421107085386,0.47506919284447063
0.8764624941528293,0.48092312379436825
0.9320419854848258,0.4963777233197774
0.8384310034203171,0.42856983193899256
0.801941960929377,0.49893329513307455
0.9289276084289073,0.5001287892196764
0.8946518860027237,0.5000858905222217
0.9120591514845069,0.49982535014820517
0.9209492163066707,0.5001402084729968
0.7985832303435926,0.34522156420754857
0.48884072523608524,0.49970066058501406
0.9654962412295585,0.6114284985372748
0.8640345231166389,0.46759758033251114
0.8336259425895798,0.49436890960374424
0.9447076707170936,0.5023960913437072
0.9274012581025011,0.5112290242382238
0.9389252299603057,0.5112348958534886
0.9045835790577186,0.5149875020248447
0.9060226937970748,0.47908724479277803
0.859443699779191,0.49926793390586255
0.856609716744194,0.47607942265079706
0.889951860515909,0.5241218496329696
0.8945760042608805,0.5116783226630348
0.7944932297113214,0.4794828083188675
0.665053267537154,0.5000834477216852
0.8664108923017695,0.5076955645777416
0.7883397189895377,0.5001804866585409
0.9042234899068236,0.47477930386492284
0.9221739510486074,0.4935619133350785
0.8722652202898077,0.4719531666443693
0.5109852751710069,0.4992712125476919
0.8130482896194905,0.4137460923663591
0.9199545088153716,0.5286648739196652
0.8167382363444817,0.3746998961059884
0.5672722627990235,0.4998179453945663
0.9008792478632555,0.5083989003802702
0.7407467272586287,0.49936389408030957
0.8604310358561942,0.43221588529094207
0.9441223845763433,0.5074016940648615
0.888501810610713,0.6150788849544823
0.9142102437906168,0.523302089838776
0.8590521479936806,0.47694547276177424
0.8615392722089968,0.5076598727607986
0.865252178149493,0.5069451616290047
0.8506821014989356,0.4995108579548361
0.8816793821185496,0.5110204094094012
0.8897773980781076,0.47385768069754725
0.933959349031871,0.4877969785543314
0.9191448908153128,0.501503089459261
0.9108094170527853,0.5125855626866596
0.853077118131603,0.4171838904053511
0.9504677725902153,0.4945631945036767
0.5684583172055429,0.4969819826992693
0.6972946440925022,0.5016524702197395
0.8615947916826449,0.4766378843761541
0.7154749544634376,0.4895921323921154
0.9109032055940356,0.5213589562084076
0.9354864869929903,0.47847859127878467
0.9449240771638137,0.49560900165819155
0.9249013382844121,0.5229895358153219
0.8848628167748682,0.508928839633913
0.8451915431209778,0.47106529959284
0.8960552827839284,0.48900011719825787
0.7335647715397449,0.49981990922795305
0.9405171720320765,0.5045737401034852
0.8725486663832165,0.49242803670149027
0.9070073677695223,0.48347991160743026
0.9118012854057964,0.5007892623211833
0.8680698572674403,0.46673868748400515
0.8850992414162137,0.4711698339371663
0.8612294892108443,0.47766623792014773
0.8269450362766546,0.39675869304631595
0.6655102813963719,0.49975119712402727
0.9297385494346513,0.5228107968014549
0.87253409027691,0.4992395739507595
0.8821471929082723,0.4857160817079915
0.8256912852276217,0.42392437068966426
0.9329738288336225,0.49741804838383386
0.8308866010353452,0.47216810573015994
0.83945804744097,0.47478142713404897
0.9247744777715698,0.4996818616058403
0.6182797821607051,0.49793083576184577
0.7397076503582495,0.2657886381341433
0.9294065470477344,0.5064941602763342
0.9280123015797219,0.4846510829158544
0.869324626649278,0.4923134371641464
0.9387492732338021,0.4899530375347392
0.8468648601479222,0.4752834062261365
0.7000844479889221,0.514799184306153
0.7635231105437814,0.5059723898232009
0.9424581502644773,0.5116719417280248
0.7575706453875326,0.5004810831010075
0.9067492650816417,0.49917653507626514
0.9075382220745212,0.49376780524958086
0.9510721928182277,0.5007943834465577
0.8621472523446552,0.498264450152314
0.9153346195263063,0.5017415801503471
0.9134572438109905,0.4961118430046575
0.8711208035833156,0.476473647280644
0.9286086110802036,0.4986770324760009
0.8626824301748837,0.4555796971243308
0.7695513700338745,0.49956100037274753
0.9564153009678589,0.508027004837098
0.8552066469283837,0.47283333554918927
0.8177481411064103,0.4999076515844171
0.8961708032042646,0.5114474405148364
0.7066807481025623,0.5003624503943458
0.947177128588762,0.5174727395665132
0.9090746905821212,0.4869254706750562
0.9062294139140354,0.5130452604800184
0.8718412218427204,0.4869933095849552
0.8690181217847844,0.4008234917855315
0.8442635077728344,0.46874700884123294
0.8616523713068696,0.4516132690851356
0.6297047236979779,0.4999157796502848
0.6134535590237202,0.49973091003560555
0.9123489668371607,0.5218047908873391
0.49949918059337683,0.4997697720334956
0.8934024553784117,0.4785352616810245
0.9041581723880643,0.47591662507477295
0.680590279272122,0.4999363417871284
0.8690201056940703,0.5127388024366891
0.8495469770522399,0.4774132655638011
0.8250979159788292,0.41697400953515384
0.8521796509545405,0.5001068023087761
0.916948815726329,0.503080581091851
0.8574173414841544,0.46833558870495495
0.8141825326664791,0.5084380451594749
0.8933976712246898,0.4743955075595032
0.8961920620313313,0.5139438404013682
0.7507311760125717,0.5023240529859823
0.9288039420334939,0.4895352308355816
0.8890832526410304,0.3782764024651236
0.576899211749201,0.4996153687999202
0.8560201469642442,0.44074870608766037
0.650832596716739,0.4994001593887171
0.891612501308401,0.47629786256083145
0.6679094036189561,0.4997890878131966
0.9290658663413474,0.5219375325178941
0.8761195207823802,0.4857975298176509
0.8436369418280643,0.3683310651153743
0.9299906611458908,0.5159919451668942
0.5863993956697393,0.4995963431777238
0.9407402597656553,0.625449280146932
0.8672602946149924,0.4843038900102552
0.9313614807078768,0.5135108933026826
0.9082046255585483,0.5167400745659214
0.8485524302536105,0.48652090562057615
0.9430762977496479,0.5069279439182311
0.8873349671128801,0.47836608806675923
0.9301864303365617,0.49613879335005817
0.8752854054385204,0.4751049957006178
0.9202435214151498,0.503725777790675
0.908021424260821,0.47600962633173555
0.9080721275802253,0.525386811791203
0.8476144939744246,0.4993053541574332
0.9280446777770301,0.5003766467763998
0.8980593378846565,0.6573310267767827
0.8768907086949778,0.47528077122535933
0.8943685365087949,0.5012039297209667
0.9371641299182851,0.4864466824968828
0.9633623749676141,0.5005831734000071
0.4895648436033935,0.5006460232791535
0.8790059846316101,0.49977644404662447
0.8702335751164427,0.47284452230803387
0.7196018091814134,0.49971587360784
0.5989399471051081,0.5336156768857956
0.8578855252268135,0.49977773689773974
0.8388672425206262,0.47579026332917784
0.9381499965229971,0.5124496319651637
0.8890945842351919,0.46848735360603566
0.9561959024867548,0.4874344944124949
0.87867667020871,0.4806296837660597
0.9338344180689311,0.49730358067982383
0.9155705949982179,0.4946809799794258
0.927995758721269,0.4911708351140591
0.8517355545603862,0.47939369140625787
0.6834384045855537,0.5036964996935418
0.8639215015905745,0.5032930218640473
0.7643277292186017,0.4991050526240021
0.9351817014277257,0.5137169718722306
0.8941192007342588,0.47303621411242647
0.9642159794004759,0.49952882853593245
0.8528684852953623,0.48340824789429876
0.9295730795182582,0.507035737862384
0.916106599517927,0.5104952450141915
0.8456051171778249,0.4181284724307618
0.911750119533311,0.4950067648268976
0.4728705860783245,0.49900653311633986
0.9209959248396935,0.5242799018780242
0.8496231678636856,0.4977441234915998
0.8375789449859452,0.4819033296809947
0.7944249453630969,0.38116767758399506
0.9391052957443882,0.4933548802849157
0.8892176408777062,0.5050894519641783
0.7855303139722105,0.5002473508509045
0.9021021017772589,0.5153034289133319
0.8337487450774226,0.483848010514275
0.8854352732654631,0.6672543281338872
0.7198358083501484,0.499919500872892
0.9321097665751473,0.5038995272809922
0.8973186060479618,0.49833756612632785
0.9313416798300947,0.5166507404848528
0.9290953908184587,0.48973493802689505
0.8579265596391912,0.39349139516184306
0.7276864614945788,0.49917972939215643
0.9104341810572889,0.5200892134130266
0.8711639593890692,0.40325452711942655
0.9277562176934506,0.48461154829865666
0.9336573037395668,0.5064207770863899
0.9279857043741585,0.5050755259853879
0.5085958204340564,0.5002542001050325
0.5702541955066268,0.49888255670612097
0.9239417667841046,0.5223435723367129
0.8855963880431164,0.47330146066209594
0.8461606266377437,0.4792732239976708
0.8401359722196929,0.48123760469684346
0.9371778629934291,0.501087873580538
0.956300739133315,0.5000997354791126
0.9100552730172743,0.4842985740190113
0.831496288507437,0.4085936662321739
0.9049923628633998,0.47623545931187033
0.8119234005466662,0.499931868902459
0.9417764030230762,0.5015917970983406
0.8044632092263299,0.40937567071965436
0.879007731821686,0.48397109439373437
0.8660540451709522,0.4743863688876154
0.8592681199066818,0.5003294928273685
0.9116498180844168,0.49764798657854026
0.8674256371822443,0.49713528326465845
0.8894294753208432,0.5040323166033841
0.5945465433892119,0.500511887471159
0.9035048636476377,0.47994548284167954
0.9238098730498288,0.5230282694836568
0.9044962764567641,0.4787696228636114
0.8813665280972595,0.517708340060722
0.8724666415601946,0.48367428704291665
0.8515329227980091,0.47026065416971063
0.9292680392458955,0.5219114454028339
0.9221481044687605,0.5217930283230169
0.844587589440656,0.47091531816676396
0.9109946739318749,0.5019407641368833
0.8445290920009224,0.4305462159399211
0.8859553760640078,0.5093900407537535
0.8921983498964969,0.4759243128891369
0.7359656050683969,0.49967722906798684
0.9286728203936081,0.4945195318520942
0.9076920264194528,0.5231909321468867
0.9531741804292242,0.5105709268213412
0.8887150842538813,0.5035725019911528
0.9340114669998459,0.5063793984426084
0.5657362848390224,0.4991770607202197
0.8360138340037752,0.48286746100674116
0.8746808814266129,0.5096714585415997
0.9330005987060267,0.4992841603785064
0.9192683677652046,0.5200653084505891
0.9345551086230737,0.49920299317059363
0.9047351959388759,0.4961780830114443
0.9059075937475968,0.4798345472456741
0.9034867414595646,0.5152832784340047
0.8576597150771483,0.5125255654217292
0.8807281892132531,0.4897806719184822
0.6067365823797922,0.4998885335936092
0.9140622903173989,0.503411562551762
0.8728376415601242,0.506130127656403
0.8736710874046423,0.4885091935044024
0.9046977455590404,0.474098588689937
0.9305664205580746,0.5070554345870127
0.8881853478743769,0.48877613486270005
0.8267947656699437,0.480655758268991
0.8782051203124389,0.4984888339485499
0.9337079501399166,0.4910254196163559
0.8808381619426422,0.4731840845653344
0.829943769997991,0.48158778176927597
0.852718588931463,0.32800535588744717
0.563702606684238,0.21124394941067853
0.8625943266485443,0.48846254100391384
0.4903087945169007,0.5011355120161921
0.8509371560079857,0.4739314253660064
0.49455191611723204,0.4967487109356158
0.9311621767216522,0.5188297581418877
0.8892119038223993,0.4757420361016768
0.8620744657089615,0.48392486486286634
0.9287887468372126,0.484787351074694
0.8759101042274571,0.4823332403375361
0.9292488413222737,0.4945068592870474
0.8710656476977658,0.4755093838770016
0.8854818852258302,0.49359012559043947
0.9491042986807092,0.49163515019802706
0.822143412668479,0.40756711363270215
0.8833005374372469,0.5012388305898071
0.79616132243762,0.5000317995860448
0.8179148183055975,0.2994895756704531
0.6420034120210991,0.49967539803977107
0.8998585279474096,0.4848840526351226
0.8258197441527042,0.49723258955615207
0.9098237687457775,0.5204645902329063
0.8549665959313735,0.48897335086954036
0.9142635351024918,0.4984198850699333
0.9054635434392717,0.525680340988371
0.6220240697847339,0.49994361236192275
0.92371471687293,0.5213463385235823
0.9232267385561045,0.517794930516054
0.8254295528898206,0.3758982002894807
0.9467230619669382,0.49864718851697737
0.8458899091428314,0.4817831974591549
0.8400441308314597,0.4762023626936798
0.9313667497797828,0.5039439018185491
0.8441051512518247,0.4380798276365655
0.8530115042454116,0.4663953700801449
0.9275918375155536,0.519133680723726
0.8965725881004196,0.47851125824815016
0.7918268258766215,0.30390478937800247
0.933507843149795,0.5056538366370485
0.5459640118383172,0.48890319103210644
0.8896354418857537,0.5019273651223558
0.9168031275329829,0.4967310174523995
0.7809667817179611,0.5006326582637769
0.8707648260283365,0.49765223167565636
0.8601619307950885,0.4632439474954096
0.4689464603270068,0.5003698166124768
0.9302314618933931,0.49638555251479727
0.8366659413422108,0.4804056116002691
0.7489600551804849,0.49970995595394835
0.7409422295230359,0.22467852786543002
0.7152118514791621,0.48982383811212565
0.9152595913706076,0.5142281632449496
0.8492511017991407,0.4840406995616398
0.9321370072969817,0.5120741206225599
0.8807713449725147,0.4948042753623544
0.8404738075065972,0.3703585313044509
0.8134457410536614,0.4256721318650914
0.8738162936994436,0.4740027181932117
0.5797380392356137,0.04365563465861788
0.9127436179658199,0.522778415493429
0.8749184554323058,0.48780788285524096
0.7362813268043589,0.4993754040573642
0.8857813093732201,0.5227939800111969
0.6704023904585709,0.5002310001582749
0.7955036582255282,0.3345238098251547
0.9282739227881489,0.49536839660110404
0.9208967504638774,0.5139234471136774
0.9281565911366934,0.5000282889122375
0.868912839507864,0.4824098984670533
0.9279815796343052,0.500539578201313
0.9180300628128945,0.47902388808750596
0.834107577476954,0.41390483489099367
0.9360529213806267,0.4951713159988878
0.9417922076208467,0.5042206879590188
0.7552465229920398,0.4984226972389311
0.6353337968279175,0.499975345898764
0.9284052006907588,0.4980128121377211
0.9297476099403407,0.5179813874133835
0.9166119241935433,0.521838918228082
0.7223026930062945,0.49941555193124126
0.9291229508665928,0.510523177196822
0.90214116684798,0.4882786412883419
0.8793603933254187,0.4825645100635125
0.8930381538893302,0.4728738159540121
0.8393342443234981,0.47821832833931444
0.9218673540294113,0.505001951994535
0.7597904729860929,0.49954496488271943
0.9049274566601604,0.516844360731313
0.9035667237049195,0.5155937970306739
0.9020700756852253,0.5004380568090215
0.9402573492872832,0.5188344045960223
0.8496170803068968,0.6515020753089994
0.8708977353737382,0.5099410428792004
0.8603271574092269,0.4730451581118732
0.9297571147542704,0.5141393322140656
0.8232747764720016,0.4967556159142687
0.47870988851769397,0.4990525612761714
0.5283974884072928,0.4993689081160415
0.8661308365385945,0.4000928926460421
0.8409245044937341,0.37802077633000297
0.8952825957299004,0.47314825432287877
0.936221484844165,0.502152979899029
0.8646470786123894,0.49318246822186973
0.9106562514613297,0.5060512242987961
0.8737314570273849,0.5082100676629218
0.9097032316800441,0.4755035974770686
0.8694364536358252,0.47679037248973916
0.8583324804457328,0.5125331127984427
0.876784009845172,0.47084164366818104
0.8768566725542071,0.48083914899080893
0.8455803252202079,0.4320069729926955
0.5909887731546822,0.498148602256477
0.4993886049168181,0.4998843415794203
0.8232064213089665,0.28241830824160225
0.9247617067310689,0.4849763004856069
0.930055449236831,0.5119000637912825
0.8277223937103843,0.4988792919458853
0.9035358817400181,0.506636697177655
0.6585536854212659,0.49980551242171434
0.9343623489963224,0.5051111147158879
0.7769783815043834,0.24506890372406076
0.8675852296648388,0.4892384457206277
0.4800645699705901,0.503763089147106
0.9301362806843279,0.5178939354952431
0.8663210407373307,0.4706779575922198
0.7875745737512807,0.5008689264783002
0.8797249585902028,0.5087389284172328
0.9229603089568279,0.49026379988770974
0.8492082748822776,0.48134201522173314
0.9058968301294263,0.504789552240989
0.7394412038586169,0.49925009399568615
0.8622465139701003,0.485337397349521
0.9414655225845971,0.5129548840422501
0.9349127577410126,0.4828371447236013
0.9027950391952009,0.48814166203566506
0.9303844551598072,0.5191305254252997
0.8874846637471051,0.4774037770909917
0.8359020652209361,0.4955935100006503
0.8941368986313258,0.5070413921148936
0.8459691816599864,0.4817930812775282
0.8744237144577651,0.5101258615107859
0.9194273943847555,0.5033163674549235
0.947342768796973,0.5071974337251554
0.8435120306578545,0.4939235425828769
0.9289830597122255,0.49171777158259505
0.9460454103997313,0.5166406935770567
0.8939063135927563,0.5034122919077803
0.8836099407275957,0.5004902819207232
0.917253028321688,0.5176778725409068
0.9264973671935265,0.520144721620509
0.9438979603331998,0.5082909818887648
0.8637824826168204,0.49347404066015343
0.8556786169318862,0.47286723299125305
0.9484063567378347,0.49027074575869234
0.9488192108541905,0.4985211421935445
0.9417905023695406,0.4829795389624992
0.7944161918374442,0.4875334127352166
0.9299906099580475,0.5013982270150791
0.8142086822574699,0.5002569154391379
0.8897782971440447,0.4819243170618633
0.7580071553485175,0.4987126212203572
0.9276964824320788,0.4851142224179919
0.8535789451547884,0.46544796389141463
0.9420486924349,0.516722844988743
0.9438601369926412,0.4985036514521541
0.8799642784510329,0.47908325282950276
0.928562343180202,0.5183708576293375
0.9303635637690117,0.5177375771732902
0.9234069096106583,0.5131219677595873
0.8143315848672021,0.38855302715686124
0.6543657068079438,0.4999815853564742
0.8446771588374542,0.4826017375950255
0.9344402986628253,0.49216636486311804
0.8888209997884058,0.5151904895273759
0.853626709750444,0.5009198283151207
0.8772554392507461,0.5078841355560175
0.47410461116624947,0.49964384911226983
0.9246241633711669,0.4815413374120652
0.8730910145450845,0.47791806822499916
0.8868909105110498,0.47636894254335105
0.9231989258141413,0.4993792259208559
0.9464054954711705,0.5079176842001141
0.9523804651206158,0.49178984076163157
0.9279670648060783,0.49887551362710586
0.9294270231750037,0.5107040915257425
0.5429038381685679,0.5006344626790149
0.9466180766296386,0.598583855329335
0.9300642563610164,0.48390250459792655
0.833698369900113,0.46649635572731296
0.8781994326007507,0.4982795877498485
0.8718930764807603,0.475850124637595
0.8536483974311828,0.4984043271390149
0.8753612396852187,0.7139577995212271
0.9792659148682203,0.48664873385756385
0.9556090887319109,0.49563986465582055
0.8295249373403903,0.49093169245633633
0.5534338991548625,0.5009289164212455
0.7611762260243573,0.4988960669167662
0.8696346259785974,0.48243511582050763
0.8591659262953031,0.4737899844633532
0.8002024084787159,0.40274857698182376
0.9330550637852069,0.4957839416355219
0.839750389601686,0.48713928127989614
0.9303092460046596,0.5104595987028164
0.835674060236365,0.4815249110546018
0.6349171698971685,0.4995281694003132
0.648806761067963,0.4999480907697467
0.859974302721349,0.47881840505895507
0.9247712097512164,0.48028599765030217
0.9381045885639405,0.5105056332874273
0.9187004275181837,0.48276479336139877
0.9249571476971599,0.4878056377584498
0.6264592484827701,0.507940811436073
0.8656520247149215,0.4673154941578257
0.9093922341198193,0.5200181592985521
0.6240072475220644,0.49983591571870156
0.8548132660130106,0.45968450263419713
0.8455322798249159,0.4832967118733716
0.9269816887818019,0.480568298638279
0.9022223723930702,0.47937006768401347
0.7759693183382754,0.5011260817336352
0.7967233026223779,0.4996188547393765
0.8968415873219746,0.47690339149622085
0.9297618627147628,0.4991468505589071
0.7017396831715284,0.49951017248169355
0.8859244135479121,0.4671379332671679
0.5406398896437821,0.4997553500585622
0.8900417053672796,0.4705729352505686
0.886727395446322,0.49408050778472784
0.5024051250265995,0.49913175392739395
0.8597564172928864,0.47748662585242313
0.8570241782773758,0.4987149301369254
0.8906186306625666,0.48267009056261034
0.8825479697730354,0.5002894657236473
0.9055312066614021,0.5224074634581355
0.7793599184818558,0.4996714893317694
0.628871813494115,0.5001559053144535
0.5523912140573723,0.49245962326800047
0.9672897857096305,0.48501750558145423
0.6860935714615428,0.501157614574256
0.9366552037489339,0.5193364458551076
0.8734875930676076,0.47367436405713825
0.8654658017087151,0.47734362143192016
0.9328901732846688,0.4991095179225304
0.9235429215544324,0.49662148426678987
0.8323518756972397,0.46453849465384006
0.8996347857615095,0.4747449159779141
0.90993344932766,0.6239605812267368
0.8770624618394485,0.488928714851129
0.8513358950761245,0.508077341843829
0.8494853738656747,0.4773041237090079
0.5064221569732075,0.4999760997885741
0.8865643330817884,0.48147972780739745
0.8744659493317251,0.4791617922917041
0.47945904122644545,0.5004375248268905
0.6435820206984771,0.4985598873847348
0.49163784517536946,0.500621113093345
0.9280393772172985,0.4993169516810825
0.9393348734134772,0.5115214545389782
0.7416614385749418,0.49880417690669826
0.8447334004591853,0.48549077742884406
0.9245360330673814,0.47623619900644476
0.8693958353303715,0.4211986860064209
0.7967643980696041,0.49964854087057625
0.6677581200292189,0.5018297187367328
0.8427479389786094,0.4658549397420861
0.9159118144878559,0.5219934890263975
0.8329530082703633,0.48057906919718757
0.8193222230294868,0.5002466471035839
0.9108042118720208,0.4920136240263676
0.9423305347581272,0.49516338422714173
0.9188620785063497,0.5162592075601027
0.8531126494083248,0.504546441898197
0.9196644829212341,0.5206142616299954
0.8876113340849836,0.5194659972108777
0.9262092769998519,0.5054652827625435
0.8980691946981341,0.5188303029983875
0.9382855849551855,0.48256367870192196
0.8617625326029004,0.47539655694012184
0.8682111227231789,0.4781977979701011
0.935376426344998,0.5218979290288123
0.92796114640893,0.5047450293408162
0.8134238282246344,0.5012823642313617
0.9165631778180703,0.49901076781556825
0.9307718680116246,0.5009874964144541
0.9067982579025398,0.4857855005871055
0.8169912913841261,0.49991642369926637
0.8178373621903221,0.36489913788463396
0.8805475443030478,0.5003296987627736
0.9427164022679139,0.5081737575799237
0.846132104122532,0.490276075235941
0.927043072631496,0.5097763234169074
0.9253764339786086,0.4919996544195126
0.881191436344738,0.5069740909028646
0.8650676746998895,0.4987173956502165
0.7589134992968757,0.5004043677820688
0.8431321796782031,0.49959401691617006
0.8770340303714177,0.5159069792127795
0.9246926053460787,0.4977394741260809
0.8919933372083403,0.48517276911624263
0.4875677369713446,0.4938290507678577
0.7809139670867066,0.5003816032822518
0.9497122256313377,0.48032185368053165
0.8778718349107759,0.505307115504761
0.4776785878932291,0.4997158379850786
0.7988364443778904,0.49995059105763884
0.8862289205674341,0.47272037347832796
0.48853258732002663,0.4999920847206956
0.8512306957380005,0.4761191035199047
0.9629177831492399,0.6429746955798643
0.8111603511089958,0.3990574935823629
0.9176876277115273,0.517057819383968
0.8513535148846924,0.41644133540512707
0.6431555654655082,0.4989186135249491
0.833528245194147,0.4725570424392935
0.9057563743082757,0.48703149471808976
0.836209518945057,0.38214734973295333
0.9077689503323567,0.5072229720502522
0.9280049837508506,0.5127011369067109
0.9402233297944216,0.49777389868125693
0.5589421386035546,0.49812598241946016
0.5779679136173231,0.4992418168897571
0.6631583333714656,0.5004384879922728
0.8861335839145531,0.5189332337929977
0.9392552952846025,0.5000225053134075
0.48274162157791123,0.49975813024272986
0.8549827722428696,0.48386345836234496
0.8878945160494361,0.5023573619020306
0.6942866713232376,0.4968748800415324
0.8604659576637239,0.4753668453004142
0.9297269473275129,0.5123535337025871
0.8658616747661749,0.4465823777984189
0.935090212332948,0.48798788678575794
0.8917383510281262,0.4951072700654693
0.8556360462596986,0.4867864711030817
0.6374099162854021,0.49928843869513523
0.8918112963003837,0.49427218680676066
0.8780518792746699,0.4691218211005475
0.6568170203743,0.5005398932181188
0.7647173783640844,0.5158776102275225
0.9097416282035083,0.5220470991605296
0.8426018814029731,0.46892325980422794
0.8827380569495262,0.48344441273430117
0.8787922843909719,0.4806869743271926
0.9190110739452285,0.4773527276138641
0.902795608669033,0.5240390377779129
0.9308163007485131,0.5114131095131274
0.896728916725277,0.491603760116186
0.5123119063052821,0.49647874219932464
0.8651459170845037,0.4709703912444819
0.8929894929301894,0.4779187270942723
0.8479565986743274,0.4364298563120468
0.9157943477489621,0.48838334997727567
0.9472088038421279,0.49989626971606765
0.8342454371576913,0.4978059350840959
0.9560590344470117,0.4832207743054793
0.9496113945048072,0.5054487002602371
0.9315962841006551,0.4828504152680296
0.8885990418305235,0.5029292675042284
0.9323824689275766,0.5054328488193566
0.938750879155011,0.5110151638247459
0.8715932793901702,0.49128809904574916
0.5799976593562446,0.4898230721762645
0.9411230503716124,0.4798348650233589
0.8198416941756581,0.4999333695708497
0.8518108136049374,0.48109218915719537
0.9189882308094363,0.5200069054133054
0.9350863163816516,0.5019940944247058
0.836515856800996,0.4811577780521963
0.9496461106844444,0.3789915305401212
0.9327004216838943,0.4847186019398611
0.8931364650513609,0.4933267553688989
0.9451317153799141,0.4941789145366664
0.5037436209707128,0.5010489408382076
0.8499209792025355,0.48992974720735705
0.9287718132273725,0.4988934318940331
0.5821211799065538,0.4987376041991317
0.8785562454969778,0.4795186529505963
0.9152336251022144,0.5168253323596186
0.8845196568984679,0.499965417478542
0.9379051771739828,0.5132649397973259
0.873800782604023,0.4494025447317497
0.9177267879445425,0.5162896622402245
0.8912603604334471,0.5196140000170817
0.8438385601525004,0.47365790134747915
0.845776458143336,0.4779814658469477
0.8174915279067081,0.4245961537067492
0.7143085598008636,0.5001926539359147
0.8590915194642785,0.477298623306815
0.9258908904835497,0.5014090803622095
0.8250522216140663,0.44373559153743003
0.9284368275095208,0.5143976898249296
0.8365608814191565,0.3648665606896462
0.8639338182818991,0.4806808483958755
0.8820651587246232,0.5056109540368697
0.8707109768328776,0.4538893800775003
0.5005266153772661,0.4994987524948747
0.8730285842449703,0.5205816862441586
0.5849341863424472,0.5010272026373546
0.4702522804639584,0.4997805319389374
0.9304544237839992,0.5090789648552873
0.9347706610087404,0.4970340535853873
0.8667628213763523,0.4764400114077958
0.8988681275436641,0.5069421635120283
0.8747024458460586,0.46782391913099086
0.5834607036532148,0.49963543181558423
0.9279071629940895,0.4816129843171761
0.9346918523421013,0.49735326382136164
0.9196198983920163,0.4838479203115774
0.9094017241502765,0.4851061732320562
0.868077073941947,0.5102549066509575
0.8410239661843735,0.48271599356627193
0.8795381032152012,0.4991601774262892
0.9223465227620682,0.48920020314802454
0.9142919953151167,0.48422656126783575
0.9203078774627582,0.48285547836835635
0.8873481223935262,0.5233416038950525
0.9315052491196883,0.5116137928789908
0.9104421705698902,0.5079204242475301
0.9030678716761396,0.5003586878675628
0.5569887751854601,0.4997732287312005
0.8431833840789706,0.5002720840018943
0.8809912569818443,0.5174059813750889
0.9028326212725959,0.48698037392386
0.8233870499610301,0.7737182500172552
0.9103888769504849,0.516599060543896
0.5275711119826019,0.13219328833971866
0.851925063627737,0.4530966325996651
0.9176398702597264,0.5008003297501101
0.7317629025881314,0.4995121794834442
0.9274240894093607,0.5232780944580027
0.8624284918540606,0.47890025660836566
0.9326447562255648,0.5046682909231195
0.6544861150278589,0.5009375818383507
0.779242910217607,0.3237298765835259
0.8442194872867521,0.4953643699977856
0.89790210890285,0.4815531231646839
0.9104277966014311,0.6211009255522247
0.9081790341084774,0.5226868917875469
0.796574097734182,0.8050922434942887
0.8313699841085409,0.4379136473667388
0.6797458958749023,0.16869132999264602
0.8525056981635772,0.47989944612155944
0.9164462716001713,0.5161753460850231
0.9053577329934784,0.4792897106572777
0.9556997107874725,0.5109607796296737
0.8013817449988794,0.5023932074352147
0.886827134444995,0.5001198839205429
0.9247554568972693,0.49978547178450294
0.9012317974320267,0.5324577804834217
0.5551653687335292,0.499574864201968
0.8734912018365355,0.46895772351871995
0.8444028906341725,0.4515049881059011
0.7362436802680083,0.4892087565031814
0.8770780540334757,0.5092883004448779
0.8378262198871653,0.46790557889262296
0.9294220216406102,0.5008116953321744
0.8688652498493299,0.4754156662025141
0.6885108823847179,0.4997629481830893
0.9146839651505021,0.5218896242826266
0.7978014687709256,0.508483550669572
0.8340902069849363,0.5004511968097847
0.888483911074633,0.5066536101420607
0.8609156652367935,0.47208167715857796
0.8466604597912379,0.4834580615957478
0.9081585761198748,0.48804892657429483
0.9472493845701222,0.5162887532592709
0.8374949016244821,0.4605962107045591
0.9326706974347279,0.512350099607756
0.8412298592696685,0.5090064968196337
0.8697158562454488,0.47998602132852564
0.8459188167746632,0.48151074478938366
0.9279634394036558,0.48480424681133344
0.903113208479819,0.525608751038523
0.8410182947156586,0.47523646421014093
0.9453559899316577,0.5004789609315946
0.9258436350158676,0.5088766220820977
0.9316424862692498,0.4972401930570804
0.9063810370960498,0.49285535622788795
0.9093599373134122,0.48308519150938367
0.5326717418254883,0.4906753488322596
0.8286836049125827,0.33709676249746257
0.9145783856784455,0.5207737984985384
0.7386201999091397,0.49794511536474934
0.9155972092437104,0.5059781908778034
0.8665525047674136,0.47962721412071285
0.7460074015728566,0.502224272229937
0.9041328473348984,0.5035376286670084
0.8691174553396943,0.48793874530380354
0.8885196277056211,0.47610089838009617
0.612558981295896,0.5025564259566995
0.9281983482983025,0.48100840155123503
0.6063923719700833,0.4930741433553665
0.8581146461310991,0.44454618113021777
0.8872889887114437,0.49569490383115167
0.8620461188465159,0.4721591916734104
0.9082417784276324,0.5227530459946694
0.9414767349861421,0.5194374320602965
0.8120845526827303,0.3531316525590712
0.8148508088266777,0.4253728654114295
0.9368011672894714,0.5103642925084753
0.716514557458888,0.5003978669394181
0.8526625713977595,0.4622950105936962
0.8414728326963155,0.47549754561751073
0.8694003795371791,0.48276494982478063
0.929093075101911,0.50389135566607
0.6909131877681634,0.5019445032203077
0.9324085811704594,0.5015868033295967
0.8782174215176496,0.5084097403034882
0.9341091291209345,0.5165443956048875
0.8821732965253641,0.47619167881118296
0.9141869690903025,0.47528050347873485
0.9541725109398991,0.495589446140477
0.9321527783686476,0.5007441892810321
0.8484203758512567,0.47530438290448707
0.847434085844476,0.5038141566491968
0.9368779169621158,0.5142962897333057
0.9616391406761753,0.510212042804133
0.8632224115863595,0.4789103985051728
0.8852567956885204,0.49700559156124474
0.8705583022030836,0.475000817396681
0.9148252888707762,0.5112452179585566
0.9177936900666451,0.4896360100065916
0.8409782680409932,0.47236030000481455
0.891260009524736,0.5068597682189652
0.6084740305026788,0.5000341175921122
0.8628589002044835,0.5002908962346306
0.9438115244188423,0.48964461940830967
0.8912310316890656,0.6513776597761294
0.7913934144618096,0.44286066344370095
0.873178040334978,0.5146720163084838
0.9282468942189984,0.5128968458885214
0.87647283669094,0.49281554422557117
0.8719716875754675,0.4909476268829966
0.8624624000198301,0.516951063629324
0.866064584598778,0.4993117530531568
0.9515118038052299,0.49232698654311025
0.916073804771556,0.5185022564089948
0.9458666675545078,0.4149240425755878
0.8899101156351011,0.47456264246453966
0.8386324995479839,0.46974647666215436
0.9221851901997693,0.5167908562506277
0.8589763892639793,0.4928566542134224
0.8265676299742488,0.48740983505260965
0.8460214453241235,0.4573947348068152
0.8706123697874428,0.459681237740992
0.48158629012202864,0.49924959959459625
0.9280135867183645,0.4935964660959535
0.8718191876563801,0.4969947291763678
0.802332912802638,0.3953653969543146
0.9375573495296305,0.5096684794681817
0.9200506302766583,0.4862330321309852
0.8435118601945965,0.43602828262743965
0.8882005525361392,0.4716556788251953
0.9135827976401176,0.4849130839833299
0.7353911782328877,0.49940104178005085
0.8369495029033402,0.45098301157717263
0.4687680248878949,0.4995519553991541
0.9309074121330416,0.5131469974227988
0.8757576151043915,0.5115050479767226
0.8955037504376477,0.47340797265607193
0.8948763174253529,0.5249829642402991
0.8629317047435958,0.464809610548151
0.7985681339035777,0.4997563423158875
0.9090845707107587,0.4974457657169284
0.6379770489958984,0.5004992826359868
0.8879963092301871,0.5033871337566447
0.9215659548871599,0.521697482016224
0.963038938941593,0.5748032714116589
0.8950870579936374,0.5107350675488863
0.9304768982237183,0.49041764693305556
0.9016290693715003,0.49560878722361285
0.7747408082887359,0.3200157564663205
0.7278903469156984,0.48652059974669626
0.8607706306260698,0.5020175724449554
0.9135511393435056,0.5099769940669782
0.870405870073458,0.47397827825278804
0.8728624206979778,0.4795408813105606
0.7766358660341615,0.4992164784973315
0.9303092719245596,0.4753731598831989
0.8926496876436354,0.4837673723451413
0.8545386838132811,0.5002699782862018
0.8756706019761193,0.4810367324403234
0.9332695123003705,0.5242643462463514
0.8959227616759171,0.488352311636833
0.8720041590178126,0.43797381616123515
0.6002023067438461,0.498545335189966
0.5973913059984766,0.4989705118520174
0.8197471041949385,0.7502416406694201
0.9621443314448637,0.49910057000778435
0.8969271514559178,0.477025615258065
0.91379850756662,0.5220545879617605
0.8416507764273835,0.4732490425959425
0.8159151135450288,0.5170423544547013
0.8891573917168378,0.49078333970120475
0.7950687984172904,0.27851449340231127
0.9033711997515299,0.5210649575664734
0.9406185049845867,0.49088666662100605
0.9533675925200898,0.5148095899185057
0.8664099164218098,0.4832238988517305
0.902249614673792,0.4936686901716938
0.850693348107598,0.4594460684019306
0.9316218554530986,0.49246995114372966
0.7636687111925302,0.3055038728083086
0.5546609443397659,0.49432730542885045
0.885070559919638,0.4932717283027815
0.8343085237649792,0.4805302207296128
0.8879150835646135,0.47675398454707224
0.9442801429314207,0.49504326344342037
0.8402865263454603,0.4771120226146313
0.5822126622018868,0.5011001262119367
0.8487339284031732,0.4261204028276838
0.8530106437430867,0.5050003672378367
0.8696609081931479,0.4838961118475388
0.9383346132973962,0.5035599320106613
0.8276319903849467,0.47899723352975315
0.8674864695828061,0.43869629226762763
0.9129038687567892,0.5231762219278586
0.868198467881673,0.49019041941374447
0.7655535265366543,0.23571368541303028
0.7948664991882484,0.3254869277490667
0.6662978657938016,0.49845711796436776
0.9375793897221429,0.48471894934563564
0.5858438729761689,0.49912749419945907
0.9305601968554831,0.5017795075793506
0.8917076158869326,0.47138763443732
0.9210117273136378,0.4875264604073885
0.8693326994776942,0.47164204230927853
0.8721544763298456,0.5128805205578276
0.9175352235653791,0.5147605918509045
0.8453385907810321,0.4738823119463177
0.9214132189323705,0.4959662812838827
0.9260236695210685,0.47818400715342346
0.8652288930893868,0.516850689260556
0.8415862111033181,0.45823050008406385
0.8440048494705868,0.3770340056708058
0.7555517594798662,0.4997924903686809
0.9066048542525804,0.517052343840455
0.8030203627810373,0.497116829226061
0.874620839896247,0.46995492524743804
0.8659608816606821,0.4632490177612346
0.889440238312844,0.5066325992987417
0.7067945918199207,0.1599758973119893
0.8872036668066376,0.49590714144936204
0.8249624559701677,0.44243788042822907
0.8509829200833661,0.5037389559534546
0.9466861100521815,0.5120111710500167
0.8726109837716198,0.5005889570593077
0.9299373922354687,0.5002555352906083
0.887331372447034,0.465515142113976
0.5416837959557702,0.16014458830899064
0.8805019965714428,0.503957616120263
0.9314485419449282,0.5136104717615856
0.9382582853061003,0.5064724710821465
0.9191674638234306,0.48229407801282964
0.8560308833492164,0.48374388131804186
0.8693955619402853,0.4740491884359875
0.8106559038865615,0.3543088681038966
0.8272352218726688,0.500548436165586
0.9281383292140843,0.5003319879208539
0.9274083121523476,0.5218405746708941
0.8371692218302487,0.4998236126272342
0.9200950714180977,0.4856102546573802
0.915855627004537,0.489158774443103
0.8271770302906268,0.47743460510881996
0.8562342437421981,0.4769645837292016
0.6336528678082771,0.5013243776102229
0.915793920000649,0.5196663588270642
0.8296276894231129,0.47460896227188254
0.5579934399842521,0.5013786939181688
0.6004368678152275,0.4997237945446516
0.879547650445036,0.44582317031580165
0.882905069651815,0.4837929962894016
0.9118747270696641,0.4850506755294777
0.9209177448381791,0.4987291004388763
0.8842401329752123,0.4749963800420211
0.5863767504514926,0.4996571837510453
0.5594785370275198,0.4989235490893376
0.8465548188219245,0.4997535364477619
0.9146776890282695,0.500264270047623
0.8994900959423058,0.4987128010849808
0.9269121934073353,0.5201007350942602
0.8533674510201856,0.4664812672453936
0.6869339133745522,0.0969152133129546
0.8775982587146149,0.4892066979420665
0.5355993100206442,0.5006974139895679
0.8361303411913299,0.48241152612615595
0.8811017432089912,0.478145669804623
0.8994619047385812,0.4890193163714212
0.9139186026413533,0.4747306966514349
0.852492217509323,0.5054389365214226
0.658260739014151,0.5015954663037232
0.49669401422961196,0.4994793153962289
0.9289964431680138,0.49904663576730296
0.9249971226070626,0.5196528724537941
0.9303467042979843,0.5071683472098995
0.9452637731911542,0.48092018132491465
0.5820836819212806,0.49970064362354266
0.9198665799496144,0.48206683744020173
0.8295013302639365,0.4831338491946999
0.850512372024149,0.41772534434000763
0.49290545385695517,0.49911145015862435
0.6677611315420704,0.4979019306786642
0.8374426017636794,0.47312047074206853
0.9466451155736935,0.4995419513730264
0.8882812652638564,0.49804871026561265
0.9297955333299193,0.5198641761336277
0.9156554241179832,0.5004005053114545
0.8389639889873608,0.35292376077531434
0.5298083290050768,0.5010666683479664
0.9253557780371372,0.5153979290152295
0.9285669975886948,0.5209556224686426
0.8863557115987358,0.5132911615680957
0.8861115113194907,0.5225992201555894
0.9094454574771154,0.4984917420896219
0.6745799292171738,0.5000525683621109
0.8148145676699576,0.5004450488741852
0.49736313929810455,0.4994306423890135
0.7872397460873056,0.499379308435953
0.9370181400512614,0.5804036910349982
0.9206785599587652,0.5244739325912448
0.9278620112606657,0.4844416266581308
0.8959342130557937,0.4948022877621696
0.8844164893313647,0.49283802567443546
0.9299606932498623,0.48591213975406294
0.9146414371189984,0.5212957120006212
0.8904651933543706,0.4980797135481601
0.9468122992714995,0.4847225765465195
0.8820000276074673,0.4939942507433951
0.905696004684598,0.49207428643006157
0.5471097745044473,0.4994365030769814
0.5647785242351675,0.4988566328104145
0.9030734568064986,0.4984002924761326
0.8813167929790364,0.5157274943664588
0.8814115139372736,0.49686090125051835
0.9301798934519515,0.5110350628387095
0.8688195587556923,0.5033989413334488
0.8361145309602651,0.4592827823619446
0.9091056994885901,0.5237128521934629
0.8336752431801998,0.4521350406890225
0.7000156102039018,0.5002139364307425
0.8386083892786944,0.4224971227527221
0.7408058988469212,0.4999733482862242
0.8538465542010427,0.4988469246713109
0.8763311200417951,0.4732688189538063
0.6673534898199652,0.49914197225710927
0.8650669422986974,0.4562125638099488
0.9133985162131264,0.4828341763143019
0.8651783681578161,0.4815594984014848
0.876902364910972,0.4814125810021467
0.8947067293485511,0.5009882320260426
0.8562560905326417,0.4772736875504049
0.8637512576907238,0.47946093869608936
0.9129475124217584,0.5008912713690348
0.9041126774676265,0.4807431928020281
0.8329555041017618,0.4829536236713611
0.9107787218070307,0.518994036920975
0.7975586155127303,0.5003961549138524
0.8456265487210677,0.4704261954431061
0.6419940782611565,0.4994026401882234
0.951871006683142,0.4957178049471504
0.8995924583233008,0.48215932845847215
0.8070897303392544,0.7300988826125843
0.6811605610553314,0.283803987792142
0.8905343855127785,0.47194908369050026
0.9058120217605334,0.5218233270488232
0.8237209475551974,0.5026036162027991
0.8341439506549284,0.4482414517608136
0.8713212386999077,0.5058133002518914
0.5199734749660277,0.5003573882375774
0.8571365418561734,0.49976669299240145
0.8654129890102897,0.4680550647832418
0.924403708319459,0.5213860862923965
0.8786210217346421,0.49800212402021665
0.9240914027655458,0.48898958100481077
0.9105097445589327,0.5184689375835937
0.9360451744900737,0.4833091058323367
0.9289960188111543,0.48542189778432504
0.925977828094886,0.5133089347106956
0.6299696062161624,0.49977225848138257
0.8753049263849828,0.44536510105614874
0.8945760009678196,0.511536277823605
0.9272125885177805,0.5248446660862182
0.8765821924803675,0.5104115474823004
0.8645612572232748,0.5008339035265499
0.8952333330751188,0.5004745422894643
0.9295521505981404,0.4961613347593719
0.7985708222872013,0.4965606059802788
0.9330002096234851,0.5089911843794552
0.9168182196033041,0.47667383490971726
0.7147123492124694,0.4960997747036111
0.7524477725826286,0.5004273617552156
0.5586174508942434,0.5023319747299122
0.8427158822795293,0.4501945056780824
0.8654446792495039,0.5000100914170316
0.9370063175647279,0.5118786796576009
0.537789726864412,0.500576554214962
0.9548558385906243,0.5087016178344278
0.8635860298178586,0.48007610982181786
0.504123580761957,0.5003398984973964
0.9392406189724367,0.5102891661265535
0.8276002699491761,0.3638967951755203
0.8609037270128113,0.42601147511320936
0.921660299328062,0.4890806235321797
0.9266688528513833,0.5170193645057781
0.9285136760579069,0.49098156498712214
0.6179006135418664,0.5000055408991931
0.8608352530551755,0.47796167810666634
0.7066274562247596,0.49574651948396536
0.8996180911765981,0.7288690851195452
0.9066292595596818,0.5205903859072673
0.8743900553652473,0.48037143442089947
0.8401857425029711,0.4886494039624073
0.9394265767945511,0.4923111721321672
0.6233101942556534,0.5046925699823015
0.90336917245375,0.506466123223839
0.857076660921767,0.47700590911321056
0.7793503103899979,0.4992162497442306
0.9284612290042613,0.5226600846825598
0.8900663852165518,0.4993263121875192
0.9235016902196365,0.47776757376775997
0.8552825735359353,0.49520845415893083
0.8986390900175811,0.48049501336456957
0.9280456696004632,0.5058663131782271
0.9159041330070461,0.4852197781285784
0.7762112101469721,0.499251804332211
0.8981496970933296,0.5166163586044149
0.46876505388911033,0.499554472647867
0.9428641833463274,0.5175196967498527
0.9292503756686361,0.5004325462660578
0.8821862254664968,0.47723713404006907
0.47673042628530715,0.4991353639660482
0.949442188836102,0.4805339741943059
0.9119599426028824,0.4831565050409001
0.8919801041978368,0.4974259767994457
0.9448946867972418,0.49883249622378484
0.9005400175241514,0.5184229680082951
0.7839508546232947,0.49734420201314544
0.8306293260397415,0.49846107955314667
0.796157532163735,0.503077758159327
0.9385194843028103,0.4960448658386184
0.9515747556531251,0.4920644905707837
0.8848801558860205,0.4916813597346178
0.9218372575814189,0.5010804360796546
0.8476978788345343,0.4817644278350847
0.9054948647800312,0.47804429927772735
0.6510180978807899,0.4997817844401969
0.9165751913785423,0.48491367409135355
0.8725350508435343,0.4743662947648702
0.855832394674067,0.44317797763608785
0.84498942963381,0.4707962797986122
0.9670594056968116,0.502024134894832
0.9289072511473446,0.5045515323092519
0.9070890831335163,0.5114907826069928
0.8714593211552836,0.48735669865210934
0.8998418352110946,0.5246362518724828
0.8101216514535834,0.500021299668856
0.9293817103396824,0.4844133873530394
0.8579325704093774,0.4865814748160081
0.9332450687944498,0.5246587857742592
0.8920423261491308,0.4994177024773482
0.7289187462669577,0.5000777439499223
0.8489714392909679,0.45645940722379563
0.9110186344021849,0.5009028196434426
0.9096241864702197,0.5191394234582161
0.8835391069362912,0.4945890225474813
0.9261897557722336,0.5233340494952122
0.9457328169525567,0.4818455314697046
0.8964822112532173,0.49442113535774
0.6344407912291201,0.19008344312463576
0.6899757971727177,0.49930449524466597
0.8535992615846079,0.49083169995352544
0.6419757930105455,0.4997045069316108
0.8447692121682935,0.5089133877259027
0.7931934481937902,0.32695288932411903
0.8350438582279194,0.4725407317455494
0.8534491016968573,0.4215073070641562
0.9329240013954018,0.4814645287721774
0.9215858118234987,0.46895700153585673
0.9168896247790157,0.5001092654002931
0.8764457451592635,0.506459258731898
0.9352427116268272,0.4833035803417577
0.7327550816965869,0.4987036569757974
0.9418341802333696,0.5150616954653378
0.9286684930827398,0.5027334933832079
0.9376739237920193,0.5183681551162398
0.9500509416107256,0.5176673168235797
0.576961173775245,0.4995537846351818
0.9036212457694136,0.49515175605221673
0.9234130544369121,0.5134328743089158
0.6833704436054322,0.5037393000475324
0.8510092961041079,0.49943214341680936
0.5981657780802441,0.49970341954810477
0.712581105610298,0.49876656921385426
0.8569037732888329,0.49986106535369934
0.8075744928123436,0.30255449515484834
0.9064890906916236,0.5002319647773037
0.8599910531890114,0.4793118783238306
0.8584494318943927,0.4167282263485334
0.8837627938811259,0.5163128064778207
0.9429941414983736,0.5080126667595316
0.9523315264038577,0.5120824521012501
0.9082219904912688,0.4858190684377487
0.5684558349600808,0.4991447053692111
0.8635618466416708,0.4760242221003644
0.8935118870250491,0.4832208513738681
0.9292243491662888,0.504267865248033
0.6299039194544965,0.49973774886006395
0.9032951996596146,0.47524508150590933
0.9727874531296388,0.4937602068948432
0.8636555563601702,0.49321129431588967
0.931532700830039,0.4980323363611498
0.8272771787583039,0.4786918896248006
0.9388597476205007,0.49730958783304
0.948006792485113,0.4983589168481759
0.8547125710972421,0.4741240020715504
0.9312919906313539,0.5151879965038192
0.876587276209809,0.49169735599711106
0.7336200780755553,0.49987899522476986
0.9436936144420617,0.5004856502169599
0.8074108014635841,0.5003247046225351
0.8096700594954431,0.5006652456037552
0.9511641283250827,0.509487611578169
0.8572094932425246,0.42970144548966593
0.9288633081873003,0.49972331732660163
0.8629004169564984,0.49843404697216726
0.8935634924122873,0.47620643129648277
0.9298685085159439,0.49900204401942533
0.7815888714356347,0.5006379122875096
0.9491727551120355,0.5164890510959047
0.9293029857067001,0.49527882032083653
0.5267828979969083,0.4989856580561179
0.8696846327169885,0.4297729798901239
0.5548041880861778,0.10347037853751379
0.8884696958425418,0.5143482523904882
0.8800708176037244,0.5067717466851182
0.8995438564174695,0.4995556752647255
0.8388250430210076,0.42895232534072625
0.9051396683382582,0.5230633798820478
0.9331266158442648,0.5082832709777668
0.9397751044157503,0.49530195564863866
0.9089406466453339,0.4998873921285505
0.8607402669758597,0.47562079398511764
0.9341443270079,0.4980806942183496
0.9601418933588594,0.5004719402261502
0.8370150369183802,0.49535252940880364
0.8920928681268134,0.4999415094902306
0.8584878387716675,0.4697216815343035
0.9246104422140828,0.4782166667173229
0.6934044888753328,0.5002710145250578
0.8868100647808257,0.4864962440241218
0.85766678548336,0.42039957566119346
0.930067158501187,0.5229272257461742
0.9259063937464966,0.505097784018715
0.9393916479903778,0.5193450512613916
0.8861498396309643,0.49988709521638536
0.9389086745130218,0.4949139339275655
0.7353449803616265,0.28323816080400666
0.9608399506958927,0.49947514296810275
0.8869170844102228,0.47296829567861925
0.8481922007607721,0.46237227342174697
0.9090772533335865,0.52148542134413
0.6431981658614927,0.49648102410014483
0.8406621521286877,0.4757760064684999
0.8806986492881131,0.4758317111837077
0.8673494298210693,0.4996558388754165
0.9470153102593614,0.5040778611634479
0.9014221149651958,0.5037462951186368
0.9317916912373483,0.5195287859871864
0.8302355144814081,0.45867411045414375
0.9007788732057916,0.4980006867839544
0.7359204184710908,0.19161616433619827
0.5282207311072293,0.4996907710674259
0.8053453112613206,0.3914118480520919
0.9262129885113459,0.5083374562489297
0.8962218736420133,0.4766682733921731
0.881994949720279,0.4919074985896329
0.8684943654510688,0.4799340741413564
0.9409827204248401,0.5217664797645277
0.8225989560644301,0.4745788128310358
0.6724059598521868,0.4899459656940253
0.5371432638737039,0.49897723786903714
0.8839517016447388,0.4932803498038092
0.5561118346537148,0.5001282588659447
0.8551664141803417,0.4755775931353736
0.4954911883432698,0.4720803325703056
0.8479583583422621,0.47776800635671274
0.8996171118203091,0.4850140902160976
0.8891234739289298,0.47433577136331
0.8965502429734457,0.657636386639475
0.8960895225226816,0.5227501965292884
0.9464260377988472,0.48918238051759005
0.9234440209290129,0.48503752232346975
0.8149039550267667,0.3815482814664749
0.9071063234585682,0.4800340682688976
0.907062391889222,0.5042101373597263
0.8238049435533479,0.33768321804154605
0.8260260721110921,0.38791748828089545
0.8949908057895468,0.6688502481150465
0.8846020895499274,0.4972709594961321
0.9127048146081329,0.4937931870910004
0.9124592635155835,0.5146819669178327
0.8642257255945202,0.45437796093623817
0.8710670018567561,0.4740891819864257
0.880573532462912,0.5199613950359185
0.6688496581138302,0.5000507139035215
0.6720201419857879,0.4966727614903248
0.6874352349504691,0.20827697341457918
0.9426272731233025,0.4944257180710385
0.9093305979799866,0.5239628750602415
0.8569290251005914,0.42030966788483887
0.8690575411017212,0.47576031522077583
0.8770318478923883,0.4900612572560644
0.8504375335662233,0.42555194613635017
0.9304214097377674,0.48301709771663626
0.8465901478347786,0.48035354196068675
0.6761683548485589,0.5008026529276925
0.8800603304536087,0.4789054073187918
0.8653982785759584,0.48900047006517366
0.8767316128735374,0.48365088862600114
0.8824106324775803,0.48478874332112915
0.7232171313472435,0.5005010910856429
0.9051499749447559,0.5241563761562776
0.6698176996818066,0.49972852207029766
0.8593638368442186,0.5001193606520045
0.9375091163454108,0.49031148623792753
0.9292528621310943,0.5196584335342196
0.613493338684741,0.5002651901934446
0.8339760465731134,0.4722913927472167
0.828257969985526,0.468052629682654
0.8641005911411803,0.4682080631522363
0.8392727583949731,0.49578910020665684
0.923616408932213,0.5133133609103356
0.9474148722584901,0.5106759629711923
0.7060211760444755,0.5001280488118186
0.8644368035911614,0.46486321021995725
0.6984785644640394,0.4983521539824009
0.8422775578239673,0.40469627582700385
0.8582422438353807,0.4637127025633889
0.8172025648733168,0.499509798247855
0.9175302998999453,0.4899292845583122
0.6324488341090267,0.5024165230230633
0.8229588999404734,0.4825946333333136
0.9081267527954027,0.504124787701598
0.8390609497559629,0.4704056191498621
0.7821551405378357,0.3106514989180331
0.8971293853874455,0.48119731147791023
0.8950772846696389,0.4930448490230058
0.5283300567488771,0.4994557375642525
0.9432653365169302,0.513051491049464
0.8951381392401743,0.5229196177337403
0.7222910395344144,0.4989057241892401
0.928203931286447,0.4919200197974742
0.8742070746810444,0.4810275229162161
0.8776201816904307,0.48011360163106737
0.8950301921772672,0.503959461008543
0.8740343346088958,0.47445022387073005
0.8973249576289996,0.48430703633396366
0.900833371690628,0.4894776038008168
0.8535167862822699,0.4997101885556978
0.5191026542112059,0.4995279638518819
0.7334506593896348,0.5002509376046588
0.9153353297606366,0.5161840503380645
0.8159990970861046,0.5008295936884167
0.9040647461795925,0.5250309862024992
0.8730160922509512,0.5061627013338358
0.9010102642559493,0.5188594676543387
0.9224037419774285,0.513976413231061
0.8732190817270546,0.5018674408695338
0.92646950294828,0.47770725008633536
0.7894100072535464,0.43193357730866255
0.8449673069081436,0.49686509819438757
0.6507434196878037,0.5016400862019981
0.4991161804472037,0.4946111656631289
0.8571806963850571,0.4926939283037319
0.6838886284229418,0.5058939146518744
0.9192644340184433,0.5186441555397813
0.581334169740257,0.5068047977169751
0.9461061011646348,0.5059038857097314
0.8439717119731778,0.4998634060339312
0.9380854554787034,0.5093863635602394
0.8392357774007098,0.4553719752450163
0.8907302276876903,0.4690452483295826
0.9210511363677145,0.5160459419851396
0.9241740849384994,0.5161146400267826
0.8799481767856105,0.4682896862561589
0.9275816663657459,0.5111508114592117
0.9270308137346224,0.5439235295259247
0.9269759533437381,0.49770994037272187
0.9376370793918246,0.4926363284559844
0.8396448688487893,0.4881190989927051
0.8618557823922237,0.4940651762558763
0.8394049506439363,0.47397482774675714
0.9018878132858552,0.47630109918207963
0.920524247259781,0.5008312487411178
0.9305983582235073,0.5114255794821898
0.9277365037271245,0.4854453214430355
0.8555284276560675,0.460064998465452
0.9507149120802267,0.49194320567515143
0.9198737749415711,0.4967739262741134
0.9312104102147432,0.4886679251860866
0.8507467763036329,0.4846867078856217
0.8471026324709463,0.4932822265894762
0.8601734293358786,0.4589117380820548
0.9045523877312267,0.5026301632766209
0.7163675650728738,0.5001132247073948
0.811687110858671,0.3261643130710963
0.8430822877409252,0.417507872155222
0.9577914568915777,0.49735005345435884
0.8798548790316392,0.5215731664938044
0.6169925731406445,0.497421981135857
0.8757405565940445,0.47729319170934403
0.9320398758134105,0.5107318188866679
0.9158184563833683,0.5070930309062979
0.8487160406242931,0.45888499877673883
0.8913263222871459,0.37660312668548723
0.9020738500974039,0.4998073109972459
0.9357694645946177,0.4947506775546337
0.9482059069123281,0.5042158460392325
0.8804550435028775,0.4822502180810516
0.8690875874209623,0.5104593055870583
0.9392844334113062,0.5562136304293501
0.8964053184967129,0.5237003833811532
0.8931333426000474,0.509200909128266
0.7612861049121257,0.49693465954626975
0.491173944119707,0.4991888211235363
0.900017776459017,0.49254455070187075
0.8463867153153564,0.4865097019875942
0.8956362275386045,0.47377848345131085
0.9203514010759721,0.5238647630670545
0.8474689080475228,0.4438880945877373
0.8516146234167887,0.4760173277773963
0.46614653906317627,0.5004572403560215
0.9138605588600233,0.5252827071450422
0.9247523619972531,0.49780729498755344
0.5149547691394991,0.49971212685324345
0.8904595121031338,0.4824870267160894
0.8586702513341525,0.44487524387872557
0.9414344999142539,0.48526232957649995
0.8845330009788009,0.4328115940187478
0.6302465669139512,0.4970602038515096
0.9079238969208916,0.521115315373298
0.8920575970747724,0.46632507179910027
0.8199205639826945,0.4997327519029491
0.8753882388371044,0.48617941203371
0.9171113171336054,0.5181787084501053
0.9332472520692658,0.5128953451863465
0.8390593698491897,0.4920804010725399
0.8513934341089953,0.4699819146995897
0.7202083021596059,0.26695163369538394
0.8438274819839068,0.34840323955915437
0.8839504419819555,0.50288902558298
0.9274291726387729,0.48661219111333803
0.8915952555576024,0.48191863376738886
0.8703611958708461,0.46918755393191675
0.8941314777106986,0.49866504491732044
0.9370123641014976,0.5181626424130363
0.8834643941733412,0.4833025742369507
0.9256388804616426,0.4761935675550725
0.9182490588960911,0.5102296242957475
0.8516981354593155,0.49334414259679304
0.9545364803544774,0.5061042599632498
0.8522087063966366,0.5026326611299227
0.9406018375852332,0.5205217840988904
0.8978450026204701,0.5244876705009747
0.8934206383081209,0.4922732563311161
0.8671993572902001,0.4792921695819506
0.859643312203656,0.49196530564051877
0.6441268479791631,0.5000221592044496
0.9081122359787437,0.5009935361382626
0.902821468942921,0.502134980828535
0.8839114261726218,0.509499903826832
0.9441507789702983,0.5120804733230325
0.8582923977703139,0.48588217970741926
0.8761999456675035,0.5051130124273692
0.9159180228353652,0.5051893928567324
0.851161458327083,0.47345170044159846
0.909995299456325,0.4915176645924874
0.8600374742360279,0.4493757185154825
0.8861899546033347,0.5233099895529925
0.8023658862164555,0.5075253554965777
0.6329897976151325,0.5088706246445577
0.9392614874018286,0.4923508157416581
0.8704594846258986,0.5016236219474971
0.9043685496039198,0.47705686662172536
0.8444007230552593,0.47064718367012315
0.8675390019887657,0.4804975964613067
0.9037324137095353,0.47685678955961386
0.8532378062524404,0.47317030049916164
0.8919184830695952,0.4801263320082515
0.7496283579376262,0.32568906365117933
0.797749485072579,0.5001424057407112
0.6480704363850983,0.4994515716184336
0.8615171230156702,0.5196324403458153
0.8417670097951877,0.45801742752874824
0.9651180017770484,0.5023210361826542
0.8931037885890362,0.5092972297948776
0.6419885014732579,0.49963041928465024
0.8684761978529254,0.4860500880347171
0.8512332803380769,0.461496075758383
0.8994642618762965,0.5132511808374594
0.7835225827558097,0.4978570495689195
0.9332839997772534,0.5137611794187265
0.925204216651015,0.4777633062347326
0.8173692704313429,0.26624541456240014
0.4839951072960277,0.5002360089378164
0.8927880385473906,0.49658314723052643
0.9333826443290931,0.3288962218168716
0.9360671139635398,0.4909753725407503
0.8979631963270018,0.48098932709763
0.8314940139049474,0.47006295194926767
0.841146583215922,0.4616290972240828
0.9417539594944362,0.5146641257179715
0.8405793487028186,0.47366184851689064
0.8465518111732525,0.4578027733545328
0.9414484047504355,0.5074196544248039
0.8938338995936412,0.49247452471178066
0.904170605697526,0.4770794769234712
0.8535052974114955,0.45829073462110215
0.9034767157001217,0.4932889990392788
0.8126328078326108,0.4998836100862824
0.8687504211003226,0.47100431184275826
0.8977776479700255,0.5093418135983506
0.9121963175694254,0.5227455443671298
0.7538999699716996,0.4999075816420281
0.6566601197826052,0.49911960031350744
0.9290790927662085,0.4995213864300633
0.8463380083189092,0.46610109104435254
0.5931067340959351,0.49986601448990264
0.907503439614171,0.5006579228498024
0.7341814288736686,0.5000054099598648
0.49946846655829524,0.5002867611638633
0.9135152792911034,0.48746590101243864
0.89966085765553,0.5055941831664978
0.5375750122849501,0.4981135363239142
0.5122958051335008,0.49650281995560125
0.8470258716356815,0.499384410865176
0.8452041522426919,0.5008519134399624
0.7671090371770422,0.501184236888773
0.9301864254204285,0.4992741291868354
0.9375575674106704,0.48998691841089503
0.8880386861167479,0.47194506765780453
0.8510399156320618,0.4722306247179755
0.5581767854748788,0.4996983450247916
0.8840646526697932,0.49306597051610296
0.902375229689762,0.5616154176822672
0.8997070672337131,0.6138033382336353
0.8476471039976603,0.4542376516454756
0.8939053948790238,0.46676112975517237
0.8568775617625962,0.46972205890913415
0.8675278829665412,0.4720386580236964
0.8335605747598467,0.4485416945450481
0.8629117824518954,0.49949504362327585
0.8355824547650508,0.4672645960341201
0.9239786556505508,0.5112969019575622
0.7384513414420786,0.5007895380995316
0.9072164758389327,0.48572523868656503
0.9149601051876501,0.5113023607244471
0.8466041785029927,0.42135070358649046
0.8662757948295596,0.47986112813134874
0.903817286681541,0.48099862941045785
0.8582770450340969,0.5044030692698666
0.4939259715563533,0.4997369819533452
0.5378646371471619,0.5019194498131284
0.8814231259216219,0.5095794087622307
0.9063593976375519,0.49945391409149875
0.8508962283644259,0.47747696587409144
0.8533286320394882,0.4819441527106555
0.9470736032475111,0.4987146107045335
0.8476106197809056,0.4737878482105713
0.8542935547479882,0.46667327991716345
0.8767235913032041,0.4906702494973489
0.9694025601645497,0.5042788982797785
0.8002785957161992,0.49975755902372054
0.6515177066746316,0.5000944152249398
0.6194014012847981,0.5004446507822967
0.9257365658850196,0.4772178300237975
0.9280785862111544,0.500817240925804
0.9259579098697818,0.5229912735027754
0.9493231219240437,0.5038289598770789
0.8589907359897466,0.48359052042722206
0.8933599944988803,0.5240760163964387
0.886390047725123,0.5230355812374057
0.861653189724178,0.5008128947450898
0.6292323050039099,0.4994955452510142
0.9279923504253049,0.5078281191080027
0.5991993284212435,0.49981315481979655
0.8488803349927391,0.46853097327881527
0.8382226241134021,0.4312346736468001
0.9141053795118489,0.5140709138886379
0.8648597285330133,0.4573645286365036
0.9689803270042712,0.5052491626073541
0.9073156048309181,0.5082155327252271
0.8197080666818262,0.4574478411126758
0.8460869530343031,0.4762480221210043
0.8845405748363382,0.49632027425889175
0.9161945856464109,0.4770572064529516
0.9332273212453313,0.4782462455647576
0.9286452922687557,0.4957904484871373
0.9414163667347464,0.510698765054834
0.9301922412362709,0.4991984028192299
0.9282603229442847,0.49901167485883624
0.8172012621262472,0.49862245924853643
0.8462566703616987,0.4764277544805137
0.9016745081646032,0.5006479702567116
0.756520662370897,0.5000312242200206
0.8515501616252726,0.45865125910257337
0.4904389616467402,0.5070106633548264
0.9063953795532486,0.48404367757076044
0.8609499003969028,0.48161023034319195
0.9332884271924208,0.5008867939727306
0.8370237735395218,0.4951620462689944
0.8473088833391463,0.4862698689119286
0.8977184039644129,0.47602104636330234
0.9068006413481982,0.5217506856080211
0.871539885734514,0.4712467844206484
0.8630166234963904,0.4594877843563062
0.7643080101733511,0.49957977793480735
0.9273757422335245,0.48927337195373505
0.809049876381226,0.5000709415580643
0.7324332707397021,0.4991378675778547
0.8550207965695764,0.31337795484629566
0.8403006631528134,0.4757698102522918
0.899307858439804,0.4827354591929181
0.9084079751576997,0.48320676419619757
0.8441160498228426,0.4828411660874988
0.5779445144904843,0.49980360162823195
0.851352574660645,0.4686337124521149
0.9062816613566903,0.4905874834357919
0.9348422154547227,0.5021893312750332
0.5595091236940349,0.49857399187440876
0.46370474829764147,0.5000067728323139
0.9290563030312629,0.5227556427838533
0.5085469760390018,0.5163157556748292
0.9218707515880687,0.4768779611450405
0.9053395910130639,0.49106486576565933
0.9550011541138879,0.49297919638912974
0.8797720606468425,0.46548102995954543
0.8791952150906435,0.4984443912726553
0.8414588271450205,0.4766791273126094
0.8349628688307302,0.4881159312101107
0.8734474611393102,0.4745020656831768
0.8547343589737797,0.4826597069282797
0.7035722812714431,0.49983703522350237
0.8969420940894839,0.5109170269919595
0.6799125932638272,0.5043905351353155
0.9350591063494371,0.5157760313490224
0.6185148722242664,0.4975103046958662
0.9401651535442581,0.5307027132620071
0.9562335346729907,0.5071258742555433
0.8269190645134441,0.5005006172371635
0.9311752787108196,0.5142238217870978
0.8576831641139206,0.5123299850853716
0.931820935435774,0.48262134922553984
0.8469580904807543,0.4667462913811637
0.8445793298415953,0.49387083115239194
0.8387206051478093,0.5034695131825396
0.9278744757986335,0.48240248165352617
0.9014384184134087,0.4792890967060551
0.8958257790069961,0.5146544115938938
0.8364826739661111,0.4182429308751189
0.9126098477681326,0.5185282543143913
0.8710550396116559,0.48271827079458096
0.9319271531995996,0.4771646630056743
0.9136828501313958,0.4867837953024201
0.8715125028510387,0.4724351213180813
0.8484640660838688,0.4249579213127149
0.9431996425003699,0.5069856496895218
0.5391876567912534,0.49881685631933753
0.8893969749603978,0.4904288155238565
0.8625693304730953,0.4713315435179972
0.8661672986793413,0.4658440349009177
0.8250701881809779,0.4852523186241947
0.9232998464178089,0.48944070135600853
0.8684181878088796,0.48461933153988734
0.8946209384739955,0.5114822476898667
0.8984275585056971,0.47487244575702
0.8298254439557731,0.45516656518591714
0.9486305858425943,0.49427831065610983
0.9344475504878824,0.512211957177161
0.8691219480662293,0.4726120862428037
0.8919442389009055,0.4963349493002546
0.8561094411599135,0.4253973625831468
0.8633082339537697,0.46704264780507804
0.9145837959475767,0.49471486254697106
0.5797043696953665,0.5003662062471611
0.8755118545862428,0.4752864659590635
0.9433296413063682,0.5143552863692515
0.8763918980230108,0.4386381085912808
0.9505299574751097,0.5162282808738091
0.9324147319771512,0.4940634078915937
0.707087300916077,0.7549894162341052
0.9128723979387289,0.5174730628215326
0.8818763187266343,0.5043302750575024
0.9177880529300806,0.5222420166724738
0.8887312513975181,0.4913660185494334
0.8551364553656574,0.48326124195691167
0.9043233660910621,0.4909133898514252
0.874119240022776,0.4992703310436017
0.8317316543716063,0.45704636900323103
0.7137707529841786,0.4999783174474912
0.9028935522451358,0.5070134055422801
0.8858924771514769,0.49814656657129547
0.8212335555401182,0.4987937383965866
0.9173402055121392,0.48522812115233155
0.9315146813931956,0.4967094423144731
0.7261331639945074,0.4989088293642007
0.8655318622033108,0.5154718228399058
0.8996849044593803,0.4737943072405923
0.6797796244861415,0.2972748902145512
0.8602952501556155,0.5015258644753505
0.928645073360725,0.5238187192456194
0.9022222277337957,0.4837373462929683
0.9447554474284159,0.5158552892258585
0.8648058648379555,0.4761908252483138
0.8362135669692075,0.4816721070582358
0.8444610859744186,0.4577591116522594
0.914933625175723,0.5094214895168947
0.9096523318242458,0.5128072383256007
0.9299397239802893,0.5008648844278772
0.9363452082508104,0.5226955767645232
0.8322628364510114,0.47198003190766985
0.8587435525434362,0.49982945063532774
0.827048107249514,0.4972137038591064
0.8929305582121116,0.5063150990820642
0.9357382804581511,0.48030903266730907
0.919394620771842,0.5175949945927135
0.8601205596557393,0.5086026797845336
0.8920780976275253,0.4990521698496119
0.8051331155503731,0.292463018131479
0.8862079633824288,0.4730197957444398
0.8626580263195258,0.4835648350793569
0.8604084165022989,0.48046838919816154
0.8697073156999497,0.4667428018595404
0.9291735148456287,0.5023958787032974
0.9340153941388804,0.5175397401229057
0.9275622892196851,0.48179066586245267
0.8868223712301712,0.6850021026253129
0.9179590631222574,0.5208415525244342
0.84125106635039,0.48403564453706943
0.9429119807714477,0.5014315230685945
0.8777510417331813,0.501924554354728
0.9292486774898847,0.511890919126835
0.8430579910192538,0.5101647661700777
0.5391015898470802,0.5000288589413221
0.8866409488902334,0.507869000861353
0.890290091621241,0.40879061998763033
0.8877556159500302,0.47387840647458335
0.9244809299961662,0.48859992285563775
0.8660029759038199,0.45816581069521134
0.928268685260002,0.49563328079068586
0.9343056738436837,0.49406374240915363
0.9595277660930108,0.49354898344475395
0.8450530560158052,0.457893072011778
0.7682325698149619,0.8629238722451633
0.8467518673691901,0.474239596878672
0.9043673176737677,0.6141622498068633
0.8336773506387112,0.4626154457912864
0.8933634032326905,0.509331396625147
0.8789560736672687,0.4825153043055256
0.916545017923043,0.4841188305387118
0.9249327821007942,0.49945728864732497
0.797709618713147,0.5007200640617616
0.721692644011309,0.13971257131420656
0.48923491439428224,0.5000570377602822
0.8906622777778008,0.48062689468277325
0.8276012101535235,0.3736370678434991
0.8582334159790734,0.4253407917559091
0.6426701492617062,0.49769849521905574
0.9324751969584771,0.5001427876925243
0.9184903628055052,0.49233153856075046
0.5308760435585644,0.477459906638685
0.645941716490993,0.49933252548218493
0.9349640528247528,0.5047739960314866
0.8199567866187853,0.4782184468592578
0.8863908933379445,0.5236310994379348
0.9415653391664862,0.5005049302981955
0.6293085087391077,0.49923335802720975
0.8616885623398758,0.475825932482412
0.9317870457141123,0.5072508475551919
0.9192762419761022,0.4837075985059953
0.8347213225358456,0.4901236932360987
0.9402950071031142,0.5073594121374543
0.926536827789723,0.47775304057900986
0.8933915259068018,0.5038980477485423
0.9068936130098517,0.48324228225036125
0.8802116380856264,0.4777575276585203
0.6624378302724965,0.4998024147172863
0.8954756984280154,0.5162800190446104
0.8194687566492855,0.4999984028021594
0.8901535628629801,0.46998112119215685
0.4632289350353887,0.49893916333270893
0.8362357322347688,0.4836022559152786
0.7579527344844974,0.5002195886468876
0.8059129756123466,0.4995977715975531
0.9721480815727499,0.49325217951168876
0.8670276651555975,0.4722288290793837
0.4912202427717942,0.4989143888767018
0.8460145108861934,0.4775189222623314
0.9008015803560185,0.5202671932381694
0.8939592448686386,0.4997438024402898
0.8802052604578909,0.4993657831161909
0.9408212036060015,0.48177585901721676
0.8551975543753412,0.49904428335211853
0.6573872922914149,0.5001370896088619
0.9128168351356818,0.4497501357877168
0.8645944584015806,0.472492340699508
0.88080549317446,0.4832533001961023
0.8773693655544774,0.47388101420772694
0.8866512978106114,0.4784181083960991
0.8590148591592397,0.4701684326440871
0.9117893925043236,0.5005147617140675
0.9099644802589606,0.500161642246958
0.9134611322585162,0.47656285080441546
0.49113848497539686,0.49816287062838965
0.9136547404452712,0.48293016770691904
0.9169583569536499,0.5252256934421644
0.8834882399738853,0.5158886216513789
0.8771408872281052,0.4988327724517246
0.9384319123366338,0.5194231069030973
0.9505875745248932,0.4963913663398187
0.9063779618804417,0.4858786909023173
0.8755894991286486,0.4780837931146301
0.8654713083526584,0.47105819869203447
0.905738272444321,0.6325493744473552
0.8556277025432772,0.46641900599745073
0.9059137900661763,0.4929879955069407
0.9155859943676186,0.48977722108861166
0.8732513502419896,0.472134202480496
0.6328031749234238,0.4997055117686807
0.9243392731085214,0.47735099169252115
0.8536718077670729,0.4696488715547267
0.7386843110061929,0.4973684531363516
0.8893934899857906,0.5134957677825698
0.9160652547364521,0.49415772468509156
0.937563876605856,0.5202029448220543
0.6397868855328588,0.5000724800452561
0.8160358852516678,0.43842944867559813
0.8231436175585457,0.5010576227410379
0.9282161852067017,0.5044124089872164
0.9283250910330713,0.5118372877097321
0.6410998005274859,0.49951982138661855
0.9216709649758,0.49834224602952254
0.9258632402021347,0.48543009592985426
0.9367671229897392,0.4859048151175949
0.9243549719120643,0.4934059584050024
0.9303559233141205,0.5003028041149679
0.7018465633416021,0.5030999595093554
0.9353373227505561,0.5136060987757929
0.9189677537421236,0.4800408992245982
0.8624585247096992,0.5021891976648019
0.7847895617575564,0.35563938585231203
0.9164234645379024,0.5153866620081861
0.5955812270477719,0.5012464700166165
0.53028549577844,0.49979957063808134
0.9153143453474327,0.5091079280403386
0.8448970854038209,0.5017913706652799
0.9123072854659788,0.49924418549518657
0.4771665925220374,0.5000128438303472
0.8908149498587499,0.5148226381017025
0.9399332747879985,0.5178454476062425
0.9429349952053199,0.3345399860678555
0.8964290104447135,0.47612378744714523
0.911897817897134,0.4956573696582695
0.9219931074030683,0.5775990657465556
0.8700549115840004,0.45864167140144374
0.8635403868763276,0.45976440408056735
0.8552272705864705,0.4868952020615187
0.9016789384850392,0.5239289101758576
0.8745703456343241,0.49818647951082434
0.9370651155665384,0.4972802557825201
0.9231562742024039,0.4919789623431291
0.9104501561470293,0.5039740868278443
0.8644430430417085,0.4793746220559515
0.8818666323170747,0.4709105945456141
0.9133760749784264,0.5116725407857011
0.9376530715520932,0.4860312522662034
0.8641530924635394,0.48925992939658697
0.9140571929160036,0.5147304997480984
0.9098185828995249,0.4742988535479732
0.8826540677823296,0.5077859405715434
0.954059143126119,0.5117461446838172
0.9124026771150753,0.5066451384209361
0.9069425009465888,0.48726591041586975
0.9036978761694103,0.4812799201195873
0.8769518656997992,0.49337487409897496
0.8873407321316572,0.5083515803149887
0.887795411597968,0.48982849857417143
0.9078545670273721,0.5182182012304983
0.7864433761752472,0.8433166938042409
0.946134861096865,0.5132592132553903
0.9484118617582233,0.5230526493909703
0.8670758187629884,0.4987540623683685
0.7086470127926581,0.4987084043289053
0.9190421041587662,0.5254371202801905
0.8849684497545418,0.5059500631510724
0.8816877113106576,0.49722082856628746
0.8608347301113626,0.4638695432770769
0.6427861051373472,0.5000948081000525
0.8748175367899891,0.47035216995454343
0.5612314847535247,0.500999052827121
0.9278351473909705,0.5112855477196782
0.9281490992619668,0.4968504728057639
0.9015915479222651,0.49199124691324925
0.9103065114096368,0.477986452799752
0.8348376137464018,0.4736107563433092
0.8937244519901069,0.5025365495610087
0.8696529943040102,0.4886752338790697
0.8182247719226843,0.41263696498069113
0.926235979276778,0.5440656384075669
0.5471446650491175,0.5002779212584658
0.8703435826396015,0.5213396631415226
0.9301009028581042,0.5031793515128972
0.8956435691213849,0.4757210638510751
0.9189302273089996,0.48511630218162866
0.8597310520211392,0.47380892796815277
0.9302641842191528,0.5001279667632632
0.7228638627490591,0.16068850392440487
0.9418945211522887,0.508367467429324
0.753801382031954,0.4998991955424721
0.86303580225003,0.4756084519935617
0.8579920428954211,0.47870446338233935
0.8864625349675942,0.5048993908826671
0.8531405301325412,0.46726214867533905
0.8932649952061154,0.4611783060569789
0.4637063177524098,0.4996376790885551
0.6366901614350597,0.5005135322522226
0.9293467045360322,0.5014862235939841
0.8490056493306808,0.43379373486234973
0.8891061324213303,0.5014638984214103
0.6940610161525141,0.4995153317792435
0.9016551562021273,0.4246482269228087
0.9104386113372026,0.48812485440461517
0.9221103278453523,0.509105949333855
0.8843200032688013,0.4962320668571414
0.7793643255192799,0.4240127860293543
0.6482932341480598,0.49968360406842444
0.8814607409339721,0.4900773652682391
0.5833488226669237,0.49418857106863495
0.8676232170186766,0.4815454381144413
0.8635587396951635,0.501388763088681
0.6724146473433241,0.5002126546026384
0.9027608532564853,0.5237558471091784
0.9350938591368056,0.4779841512735258
0.6041380693177794,0.49581481613891276
0.8390720840480025,0.4989632252855927
0.6600679732951233,0.8504188395928578
0.7683336338050141,0.7431909481604312
0.901006277356017,0.5198169776824173
0.9000970134141968,0.49682452287738293
0.8445037681576126,0.49115772009716363
0.9102883746899746,0.49557126923001305
0.9309175774711664,0.4952492067046673
0.8808648501023233,0.5024358381058835
0.9211068806563631,0.49695738284286467
0.8782094858607326,0.4980082835633291
0.8924691540393319,0.5066936121186564
0.9631748475398267,0.5003586973576655
0.9479536499489786,0.48175816866522186
0.8551038116408007,0.5064625566860071
0.9366218719210333,0.48646129498895946
0.7919886715967634,0.3018831246827457
0.8686444995875751,0.48315654169741545
0.8272051223011709,0.4995540013283185
0.9098916381646079,0.5165812513534632
0.48949649601912165,0.4996728387716844
0.9594990730907296,0.5123138168279477
0.9372776966259533,0.4796491555583682
0.9333914004533233,0.5042562370677226
0.9537095158142526,0.5148923616298282
0.9285936287103227,0.5120814727032207
0.880053335145325,0.48233585325547473
0.8587291110699788,0.47401242634400254
0.9110718744213482,0.5064338840495652
0.9199835195783386,0.6070463312278394
0.9390057526534386,0.5058374949081157
0.6335174389380471,0.5012594591001975
0.904032596987514,0.4864080752612832
0.905289918113896,0.5240194029739875
0.9346649174650493,0.5015190083027082
0.8644533986729223,0.4724513439232922
0.5200283361276106,0.49973999459490764
0.6099052894812966,0.4998201680946987
0.9026364941673573,0.4859415139086305
0.9129453983173412,0.5217706971461707
0.8189059525478554,0.4489066123210932
0.6478129809504348,0.20627173673097593
0.9065594402508645,0.5001453128115283
0.7273757534833891,0.4985507361529156
0.9360670126624551,0.5152858870182117
0.7931720554165791,0.3485319569953119
0.9697549574818911,0.48553203232039177
0.9280821967617178,0.519794671896019
0.7075041783775515,0.5014136427011199
0.8785887711445937,0.48816926881542244
0.9470675684642305,0.4986196125666904
0.8748246732877079,0.4712723418362905
0.9250283751426338,0.4860850286496237
0.9278856213599906,0.5081767443879243
0.922027404944387,0.49792939100701783
0.9858017931768075,0.5031875405430224
0.5539588595304251,0.5081316584632869
0.5884533838693965,0.4998703081886139
0.8950349113525027,0.4772370600297502
0.46212001951994675,0.4995805947917077
0.7060757192800609,0.49970835323716667
0.885448790003865,0.5170936872402077
0.9021498544431111,0.47471194314046966
0.8592705847155031,0.48072081902648944
0.9115042987388945,0.48498120929652955
0.8302125792930319,0.4129563038365076
0.8836483492155769,0.500703137300593
0.859901250691345,0.4996244670173877
0.8534387102020493,0.3584423726291881
0.8481869720863008,0.47147096856980614
0.9294359770822753,0.49883962257909864
0.9277553694974539,0.48245459123012513
0.8524739428606709,0.4039724486971592
0.9102064248518047,0.5246414159070202
0.9170282627942717,0.5089638464587133
0.8352169149724884,0.4845081741915708
0.8998248724921744,0.4847573873548069
0.9346192918364042,0.4962638322142039
0.7303191006228131,0.28246586012278396
0.9424396586703405,0.5110057035677635
0.8211539933306655,0.499631092416216
0.8936341995681928,0.5192881014046691
0.8705079250315535,0.5106822008303546
0.8716566833118505,0.4755560244571097
0.9184355765478289,0.5220639032920711
0.9385565601885264,0.48094373670768226
0.9131280418703298,0.4834316710530685
0.6034086166998706,0.49844573316672613
0.9287885098705781,0.48273880396146246
0.9765596282029669,0.49692901471861545
0.9321063366459186,0.5220568574211611
0.8601670797265766,0.48099459896428903
0.8123075419400325,0.28317560974425393
0.7817310301001169,0.4913731453059139
0.8536911781118,0.5013813517433593
0.9199232617050066,0.5248530768255835
0.9110875851392313,0.5034763066840693
0.9085769103598269,0.47617586804212964
0.9566963012621883,0.4953821004367536
0.9335449410039304,0.4428986124030163
0.9081342895607535,0.5101172992599307
0.853324784362427,0.48679985025824135
0.8431257312778477,0.47726187590138996
0.5610818245592114,0.49985029169847456
0.4727624897119627,0.4995774664919902
0.8777954927318088,0.508703232624052
0.8940986456657625,0.49466948724312476
0.8105667897790824,0.2182294628131236
0.9370797644333035,0.4931705098073156
0.8928601162912023,0.4840155897059552
0.8177794599542347,0.5000934339885575
0.4767293380680772,0.49914596178565246
0.9008814051454719,0.5043376056105856
0.8211813998183549,0.4266384831805726
0.863537892832958,0.45523580710827677
0.8684893367021136,0.48842379227629995
0.5645148265819776,0.49977062425103685
0.896437841837821,0.476701711086439
0.899313095072138,0.488673344959827
0.8506209352045531,0.47760894089114
0.8796216636954352,0.49309266560493054
0.9287333398376428,0.5070372099987287
0.8567822787795156,0.4428163506677386
0.8657768384767974,0.48049417530457195
0.8596212622512497,0.5071198710339884
0.9117440795249471,0.5185831476034877
0.573746850216067,0.49961671383422634
0.8644045122708288,0.39762610017241057
0.8551835670028294,0.4769587234934123
0.9215248746230585,0.7098461488620749
0.9421685231947845,0.5199692798535431
0.5819121333546396,0.4982700372823169
0.9492250119697518,0.5067049117997166
0.6199425960462103,0.4997770214035761
0.9032502902985939,0.47990706210253375
0.8922630258224843,0.5094257229459949
0.9332100803458645,0.49821323972126286
0.8918646940604325,0.48835941091518087
0.9210372715913642,0.5151780694715422
0.9115121574283658,0.48422523982274696
0.8989612438708103,0.48261708018311816
0.9396703298515183,0.4949361419036547
0.7666237170306135,0.252735074073621
0.7221954601791003,0.4991852843647139
0.9334468746586274,0.4970365439876662
0.6561953058215119,0.500098960575261
0.7609717498935067,0.2770809113009678
0.8467842085831923,0.5038716331668613
0.8637098940933678,0.4673590668091041
0.8679722618373915,0.4647582762306667
0.9247465166305573,0.5119307387054768
0.7770098919606112,0.33358994847759804
0.8423568340241752,0.501414841682947
0.8626674015001832,0.4910019037973318
0.8947225163635559,0.502350793523631
0.8812824922566345,0.510499742814368
0.9329137536075787,0.49957898828911346
0.9154724735530702,0.5142415885370483
0.889354034611463,0.4780980798799664
0.8390921638491503,0.40366422774774535
0.896983439351501,0.4944351636785527
0.9490828007737595,0.49519847472477696
0.6259665838166258,0.5001172338284502
0.658969599376662,0.4992269965969967
0.843978000132735,0.4384381674197628
0.8812725849165531,0.5083132474299982
0.80008620873088,0.3671731679112573
0.9196464277215066,0.47915484427637395
0.9283355563860297,0.5153524899355276
0.8601029477870318,0.48216660154397933
0.8558452594278745,0.4967000431837072
0.9252048537468017,0.5143584396571842
0.7483072866146293,0.5054519998196209
0.8990156460800572,0.5088591009039914
0.8343783246477496,0.5002834741841615
0.9330817361178512,0.5134354784472442
0.9355166522279231,0.5000108533296511
0.8458456488303239,0.5007238081014381
0.936083411441083,0.5087852607103668
0.8612500616637337,0.47152074259934446
0.7603296424306658,0.4999743618547523
0.6867906183432222,0.2153816921807583
0.8915633260581237,0.5100136213579638
0.897217913390669,0.5229788409597104
0.8327314072849221,0.3883698100021622
0.6851859256583319,0.49870333487864377
0.9293012486695288,0.47983001078176146
0.8934004840916183,0.4827670507066371
0.9004972686269594,0.49429136827323567
0.9126445994370134,0.6931424991063414
0.704085935944057,0.49689541117090796
0.9115674174645259,0.48483119006696707
0.9077930332130701,0.5153713699654281
0.8472613745960206,0.4999396124133955
0.699297971337659,0.49879685886314246
0.7763785131284067,0.503311883951963
0.9252981244704912,0.5114961865000577
0.9283428434448939,0.519525403293581
0.7060714983600705,0.5012301208655104
0.8754267459220089,0.44651795455942844
0.49954365621258456,0.5004092576731848
0.8394967491224269,0.48067030005603095
0.8789445893221738,0.494661459550739
0.604332552517298,0.499576196418094
0.9092740892656281,0.49811099180433055
0.8322657470878785,0.46915833978277854
0.936347493515447,0.48719503217718135
0.9303899060837058,0.5010609666923009
0.8766142070424019,0.4647195298532205
0.7198817964383889,0.4972557775003083
0.8445054562385658,0.3700080780490414
0.4928042220435376,0.4981744472963048
0.8749100999851256,0.47903202986678617
0.8300928913771366,0.48576547054904856
0.9139949979324636,0.5193321303888166
0.9301252481503116,0.5043196874677909
0.848161067958302,0.4958596907861967
0.8496421105724278,0.5017343004242889
0.9067425339052946,0.44917826569997243
0.8472515034247727,0.48578584524076335
0.9244913662004981,0.4741247601574514
0.8917199967234004,0.4993952124472484
0.4885327215450604,0.5022251900747143
0.8881492520394128,0.48846127973103226
0.7485785190971261,0.28079181476640275
0.7057823632752445,0.5015937928024312
0.8783711568772218,0.44407003214927687
0.8894226708929408,0.5247324722557375
0.8414108644152789,0.4764102791626923
0.8685209159141858,0.4715438372201588
0.647387323506809,0.4995681360285101
0.9051766372436465,0.4900730174159851
0.787580185175522,0.48260014368898646
0.8790596962521395,0.48633905606131367
0.9011399845066181,0.536358701846055
0.828743384327808,0.4720069996764521
0.8623498704052244,0.4561575074932853
0.8340742650527441,0.43600252533923856
0.82286354628257,0.48756686804919197
0.9103691980508472,0.5050088016783131
0.7547603931552596,0.5075583177305215
0.865615790460803,0.47330418242914274
0.9378241582093141,0.5081667629359311
0.9552825062486705,0.5136414813768881
0.65472544034595,0.502343300340373
0.8710693583183937,0.48071076814493413
0.9339292876678507,0.5120288690705763
0.8413502455203481,0.4642060484190856
0.6673667097860839,0.5008683314627043
0.9288708435108779,0.5181027157477803
0.9273353541520135,0.5247932278099138
0.5676392109114488,0.5005146471151662
0.9185830713629084,0.5222911907611404
0.9148423607651448,0.522735497299951
0.9247733553295565,0.4755580575478869
0.861518980412869,0.5029350032172739
0.9015020233040087,0.395324798533392
0.8757671190674781,0.516856568963498
0.8537781991269506,0.5000473271162875
0.8896986879176518,0.48830338352315655
0.9038136453128944,0.48830676861867944
0.8626640337806533,0.4809191475327778
0.8633605944822291,0.4684007492791746
0.9451989968781517,0.5054674218563321
0.8789475905514953,0.47979981565224017
0.5646993336302281,0.4967258006433813
0.8876385298356426,0.5225676049976569
0.887958926741634,0.5241348152298191
0.912879224920607,0.4831097995821234
0.8339857131532571,0.5006927306014236
0.8638289840770392,0.4731773131547225
0.8878655857674473,0.5064791412223091
0.922801168243843,0.5463007191170938
0.544287358559302,0.1315886993990259
0.7824098856726664,0.16904236000857648
0.9389909274531165,0.491119948925449
0.8668081332578879,0.4965522955261295
0.9388427005098953,0.5129160403220746
0.9007615581551258,0.49238262527647303
0.8894364169671517,0.5008131860834075
0.961162637739782,0.5028378730266565
0.949860400168669,0.4886682099050469
0.8774909856840573,0.5206505681312611
0.5250126110074693,0.49972599207986756
0.9462482260598835,0.49813629780014457
0.879320858401516,0.4735986214042161
0.866898777606028,0.4815840286726404
0.8477479349648154,0.48691380404779794
0.518105960303494,0.4998076563488516
0.9282992660192242,0.5131706938565631
0.9157724722207297,0.5091470356148686
0.8673915051182877,0.46193728145617374
0.9243694073548658,0.4890819228625492
0.9219405272530579,0.5217301355456316
0.9242155791090656,0.5108000498123406
0.9171557436772282,0.5002689869727871
0.9266562883057914,0.5200903583339181
0.8518485490112163,0.42349289566382603
0.8957270958502681,0.5106111219140617
0.9420716720931452,0.48250132623774256
0.8882738870068951,0.4748916996927697
0.9020647042941092,0.47771277850045823
0.8507417104409417,0.41167404606561486
0.9998161685687728,0.4869224606777147
0.5096498829617885,0.4999438987243444
0.8793220721211401,0.49720900457895895
0.80237591481288,0.5024436904423625
0.9412397328060335,0.4813093174551098
0.9242147515867036,0.4937555092862121
0.9423653481774308,0.5068393064117608
0.845624558233728,0.4791287391296313
0.927020889334389,0.5192100106359285
0.8705793169051826,0.4575339200250665
0.9034245892587239,0.5140100099997572
0.8991927536812203,0.502213374285184
0.8409961653320331,0.5025608614879947
0.8652988942581825,0.45910032760097713
0.8287551042774357,0.4148286356273974
0.8757147784722419,0.5025589850875312
0.8989611495476244,0.5059995121860604
0.8865054227355695,0.47231814434952407
0.893039952920734,0.48883834959900674
0.5357544018170517,0.5003532494846578
0.9033852985762661,0.5232614607540383
0.9169936365170004,0.5003112373574041
0.8351202757713692,0.48042331941521904
0.8259358246269283,0.4998572409610164
0.8872066746725408,0.47850454937690634
0.9240756594064663,0.5214368699868936
0.6866472008501305,0.49957117931579564
0.8559545434402961,0.49315591606634973
0.5146746479635527,0.49751017308089857
0.8598360158098659,0.48557448010820725
0.8721024221781529,0.5085606784904204
0.871013492324578,0.4678153484341903
0.9083159068641986,0.4957743574579071
0.9057108447897173,0.5068454962886505
0.934939678505378,0.5079074290364559
0.9280312235918564,0.4937682876316083
0.8870228414087562,0.5215422323761396
0.9125680374785663,0.4978309142151284
0.8557115479612833,0.4763215426871026
0.6065621981104767,0.49936834475028463
0.9334877311441803,0.5194102290802531
0.8626164171426949,0.5055497825548011
0.9739959692373339,0.5091965167918817
0.8897233709879777,0.47585174312094997
0.7336843858344395,0.5001003788493318
0.7040285587930959,0.498348652035894
0.8882610066652148,0.5040060064021307
0.855479968429231,0.4779683721940585
0.5769588196049988,0.4994637540338803
0.7928538975772685,0.6633456596940703
0.8635091292938749,0.49006443459199955
0.6717995578241425,0.5070494302383104
0.8738742320816166,0.47074274669268407
0.8712461135449687,0.4577936831340723
0.8639827394075579,0.5136356026562977
0.7187766112155446,0.5027719762128576
0.9586916074464131,0.49626074933214914
0.936093800453826,0.5001114095096318
0.6669720275037953,0.4990694675162954
0.8791711951273053,0.4808648316842501
0.7775212254627939,0.5142413762606445
0.9203098616503893,0.5088075060990305
0.8938888911763025,0.5028409312033655
0.9362013076483526,0.5056039223406725
0.9290031383792763,0.4986120706394901
0.7068085844748506,0.5000666681721098
0.9275421163434567,0.49616754640999233
0.9469616580268754,0.4881746798726035
0.8340495191890591,0.4761205321322383
0.871655761976749,0.49981732246285776
0.9470407753737208,0.49894057868357317
0.8706998391398966,0.45634752488204156
0.905572960321319,0.5183773678803133
0.925889026869557,0.4859060627861573
0.8210421197923362,0.4988293984335673
0.8537658246779981,0.46976017362911415
0.9279881912422854,0.5198003981253322
0.8536651177193648,0.5002033261963457
0.8812232591754954,0.47661966998753397
0.9296401748746271,0.4979955010490516
0.8938924953629139,0.49851032795994643
0.5840626798364233,0.49973330965652535
0.9180492447237592,0.5016810626734916
0.8930024088038186,0.4772834087286281
0.7061937432853549,0.5000471016655034
0.8863667478994828,0.4745253055629738
0.9478157433280596,0.511218955950945
0.8741963433629636,0.49388913043522537
0.834656998868238,0.5002390673244822
0.7533141113547206,0.5005421129781646
0.8867521236900703,0.4891626313684374
0.9108059507256869,0.4974203003241747
0.85290282999424,0.4786535474983218
0.7343539505398704,0.4975236584894566
0.8309943983800898,0.48119524221418236
0.88069272909462,0.4787682333468175
0.873129618769565,0.4892089588591642
0.8735132355469881,0.4805104765108185
0.8542588513837022,0.5050950459357325
0.9131560272535486,0.6414173647526482
0.9115439847779474,0.5028974769154322
0.9252614484836785,0.4943267924079177
0.9288285205702682,0.49986635750401565
0.9277279308874821,0.4840961525700088
0.8671294827758054,0.5058511526854924
0.8333581125414804,0.4946678802190702
0.8836798557317317,0.4785345883695009
0.9123113586539324,0.5052953935535555
0.9081167670691743,0.515289799758298
0.9446332202794061,0.5103064722172943
0.8763273160472729,0.500329070818689
0.5954491178726805,0.49967492774932676
0.8777247388272417,0.4442652933628069
0.9531676686190852,0.5069106753628775
0.8550421250137705,0.4987425495765674
0.9086106008090891,0.5003495907449967
0.9311894375648757,0.4983814816737997
0.9061297559552046,0.5223150010167658
0.9216343251269059,0.5188221842922078
0.9305400823295835,0.4926751857465555
0.9281944366603574,0.5160750152953809
0.9292251111160551,0.4827464320143478
0.9392199843389106,0.4986629393425787
0.9312239192487581,0.5116801954745882
0.9016936932654019,0.6497353691918202
0.5692746164491389,0.4993522084059529
0.9221331079378279,0.539694505137707
0.829910149795176,0.4362901498986921
0.867920237574997,0.49954244575473816
0.785502234274756,0.29448085099796883
0.9123216388680614,0.5249450955922622
0.8176694918919737,0.5004785636502005
0.9429833310631928,0.5112171988886532
0.5151600306900784,0.48333800090959866
0.7374075204571138,0.4997516332723497
0.932958556382004,0.5194080372298199
0.8292454237325615,0.500689070374689
0.8854168354888344,0.48101593900867795
0.8676522750170188,0.4677559065584471
0.9140742023481736,0.5189972044897795
0.6615452117486796,0.18905992094682111
0.8767576258697845,0.49621289268143776
0.9285732970588285,0.5117868632854456
0.9248998188601454,0.47690104598794525
0.8704069796384774,0.4838186399656461
0.9310729126492495,0.511481967109856
0.6215337401690334,0.4983789019277388
0.8258695114658652,0.49883378258863725
0.8695422717183435,0.47953941240245246
0.9317803782530133,0.5207599848238517
0.8627099057398211,0.48709780407526887
0.8698248301040206,0.4880852996110781
0.9427581419206141,0.4919125680007014
0.8278563151163492,0.4860453606547619
0.9279769985889508,0.4874758319889305
0.9489915229667616,0.5106504707043138
0.9059830254395924,0.5240980811988719
0.9312719650838626,0.5041103749079318
0.94272427176281,0.504295252606722
0.8950741133011395,0.47407048555179104
0.8573033967036943,0.47276912064138377
0.9382024965981013,0.5107360868912854
0.8824482313427142,0.47568997300897975
0.9523379474572813,0.4867636292636385
0.9108571594619899,0.4781933282414571
0.9444500555720154,0.5133169970085023
0.9209722953406959,0.4929230428484781
0.9039241366209174,0.5091415705150889
0.8434508809616454,0.4973798035372459
0.8830642229241041,0.5087182953813402
0.7641004404557387,0.2879668556878655
0.9285124156911906,0.4936318072250115
0.7961434594025476,0.4989118676023798
0.9119240851672356,0.5002081572935387
0.9142959206955908,0.5233228149662349
0.8705778684956271,0.4936335114325636
0.8339647267021223,0.49965462895852925
0.8639334335271174,0.5156103336747053
0.6471705608324345,0.4952636653642974
0.6888059564515361,0.49964353449465837
0.9197757009269829,0.5040885243808644
0.8681293906289658,0.5078474514098268
0.9363396947664313,0.48461087350202287
0.8829985752843177,0.4898400825002905
0.8441958108716616,0.4802135380685056
0.8637945795767732,0.5149410777119241
0.7972395438980948,0.31746362398199685
0.9365848828656491,0.5094282491196278
0.8742419994818802,0.510435967792784
0.8582250512665848,0.5014231417076107
0.8706848932446698,0.4747614983630261
0.5065483498447467,0.4994637341876927
0.6814968745004064,0.2973265222488599
0.9289753404982394,0.5112889139393147
0.845593905939191,0.5041695973680079
0.9114121798454764,0.4908675872266365
0.9040368369451885,0.5195695506128645
0.9328487936264362,0.5186235359840233
0.4977450085355529,0.5020999624495086
0.9156606782576044,0.4891947645627062
0.73422256370933,0.5011927526484714
0.9045055793555652,0.5136839737313069
0.8768473213210738,0.4833174821299024
0.9262161935213196,0.48155053199448083
0.8966103532796075,0.7279243026923918
0.8586969407026204,0.47667484417633116
0.792957379319746,0.5020067156251521
0.9009850741404453,0.5221871032129285
0.893703032047538,0.5165764885407571
0.8800366894726585,0.48562791625432006
0.8623108862580058,0.4619222016074429
0.8401552841992828,0.4789305060656914
0.8746588696085607,0.5170539149730662
0.8682885130889573,0.4791234699894022
0.6622769550226334,0.5022871619226228
0.8700853803703424,0.4817945020258472
0.8355902417144971,0.4161095929886849
0.8748913371657892,0.4091970967002021
0.8197163673968443,0.45456664883622966
0.9444090598318524,0.4822094931441419
0.9279702048044943,0.49851930371997216
0.8740720146322134,0.4884223630825151
0.9057104903676666,0.4773373510052366
0.820490699878951,0.4409110067473897
0.9116701114674338,0.5047970091077858
0.8715007655409694,0.5006545468647394
0.9160563621125168,0.48977564398281975
0.8508135489687307,0.4956407254558311
0.9330070064224292,0.504545800156154
0.8613363539337047,0.4771918755663881
0.872527719176958,0.5238392912406742
0.9341451521377857,0.5251125663691756
0.870485339870712,0.4685075460682916
0.5673145634775676,0.49966927946646317
0.86674535910566,0.4395468910790329
0.8208624064171872,0.31814555230693237
0.9222269156502438,0.5046700480952772
0.47029479686847353,0.49901572330214744
0.5186898714145254,0.4997223522899291
0.9120204551191773,0.4749325348841043
0.9514625633968502,0.503597262417211
0.8713147734780733,0.4654035703358492
0.8824424933296917,0.4904219878515239
0.5994253646103623,0.06743280312532618
0.8464119054673768,0.47546837754123866
0.9075507074383227,0.5254082901063524
0.8958413027057701,0.4763124783335016
0.8534355583143026,0.4766924993568137
0.8433969255119291,0.4690075373481424
0.9282514525157068,0.5037716751749863
0.8296411378490305,0.3786000837269331
0.8541100510499433,0.4686282257801856
0.8660691051764904,0.47820599896510835
0.9510706827059747,0.5044725396333349
0.9663741509650388,0.512293303668396
0.9310482872071414,0.4941624479783907
0.8264551553685082,0.4369038796837705
0.8999974889612097,0.48384974948884113
0.9402375193768667,0.4933340041800576
0.8558531540391054,0.5047556179322531
0.8871769390336728,0.49132436651601114
0.9181169065920395,0.4914205406608255
0.8884500456857568,0.5054410036734099
0.7889837599215639,0.49186115542877257
0.9115340049548728,0.48565730889174463
0.9212225032282386,0.5248606614451639
0.8712699769889367,0.7444874010998901
0.9021223854101327,0.47711934027146735
0.7755378352928176,0.49829322357472994
0.8994631638409256,0.49781277257578754
0.9061746619160231,0.48736708684788865
0.9388806503001854,0.5019554516246353
0.9282829539585418,0.5006091270997518
0.6180014817800414,0.49952158166546157
0.9175665330606555,0.4995772129862907
0.6585664271398904,0.49668495863374434
0.7293043655964206,0.5006318579603364
0.9303252743704944,0.5076264462447276
0.8422560002925719,0.37745895963656295
0.8439868605792175,0.471647337481279
0.8784521674988246,0.4895307712527687
0.9264987977846266,0.5158819913182547
0.6985346283790747,0.49846900751548595
0.7211107985938312,0.49991213045460875
0.6375359504865143,0.49924758837854527
0.836310788712454,0.4802887050249381
0.9205171218027122,0.5214503400271925
0.9267698399006092,0.4998268780681498
0.9227807667725854,0.4819343103054084
0.9362623594764174,0.48337186001686255
0.8974001874178585,0.49440441149964937
0.7058931203877831,0.4936018899191257
0.9438238865153574,0.5186756812522711
0.8769264111751733,0.48954652637109847
0.8380260286069703,0.4898208776479367
0.9274793775054148,0.48810904062244276
0.8910575536701377,0.47806833701907353
0.8170873711372542,0.49894786752441467
0.8950293900330991,0.4928297488242051
0.9235056319317148,0.49886431123048164
0.950223448041051,0.48641118551019114
0.9065270374073844,0.5102508137435801
0.7936908657726026,0.49903265737641156
0.8854070892156507,0.4836941215415833
0.9341486916027936,0.5110841743044209
0.6273811448164515,0.5097280015903711
0.9279553683749096,0.507396751900715
0.6751586481234079,0.4994519181941744
0.933883387733159,0.5168687424418621
0.8825062888634583,0.5011610548000461
0.9307581823273741,0.5193029701833756
0.8982131230730853,0.5006432674057367
0.8680743815899246,0.5016271984261844
0.8396198112689071,0.4566887801335916
0.9309973997902368,0.5159438321575326
0.5069137276347879,0.498482540479946
0.7478092681148403,0.49919790043527823
0.8345306942974284,0.4573869219750901
0.8424285086930171,0.47481657519766246
0.8395583805862865,0.46665262634372345
0.9291701764973652,0.48716584623253145
0.9124954951510591,0.500188058474737
0.874900742990679,0.484866446393379
0.8058740661428034,0.35078816614315667
0.9271898768949731,0.5867105789292466
0.9221271127015596,0.48011650524205673
0.9162026125192375,0.4922081198335934
0.9498753763464968,0.4949941678293074
0.7723498230241344,0.2820803657848878
0.8495722538690136,0.47151624807768516
0.9080805677204113,0.5251688654890487
0.9061762575753013,0.4749009574788412
0.923796592571811,0.5149351629370126
0.6701681708908275,0.49262012790233
0.8831929016939704,0.4893721107183902
0.5523174273897747,0.49927899888808414
0.585885061187731,0.49930516545880604
0.9335488838983335,0.4876389956934032
0.9200953272146213,0.490738262127867
0.9305521641747573,0.5120980363163418
0.878793942277633,0.5074845861874234
0.8969801476864783,0.4945397089761609
0.8860005016355775,0.4726305479872808
0.9330107005926004,0.5150280943455626
0.9117229731033678,0.5141579802415732
0.662942807792203,0.195965028183818
0.923055172892187,0.5114993255014094
0.4671772262884459,0.5006892542559109
0.9135805242499737,0.4829905961376132
0.8997447098127769,0.4987269717652174
0.609609540209958,0.4997712009193203
0.9305835844645105,0.5092934903998863
0.8396644298125328,0.4827817172114335
0.531049981723095,0.4996306568214992
0.9316174396455654,0.4852951367751681
0.9175410611973251,0.5230253694614033
0.8755261310492377,0.5040003583027299
0.798068162988385,0.3110275408284845
0.9056522195760401,0.5003593307419626
0.8646925092353102,0.48167581288575007
0.8580904646133138,0.46609036570676265
0.902240831433361,0.47759711349129136
0.8571858038753941,0.5007157077571123
0.9084892180526013,0.5251429810340126
0.9052003654302612,0.49734913530240216
0.9315464231055904,0.49327623964503275
0.863671873021835,0.48272449468777495
0.5450899075835967,0.49908850618172945
0.9138617784971718,0.48260762146686964
0.6906449209607852,0.49982479818970826
0.8829913441720214,0.5000899294813634
0.9292312550655825,0.5150719211735725
0.9293475870244603,0.48106448980795524
0.8551745091917695,0.4761138416392248
0.8987009650886221,0.5085943028337448
0.8917885609621591,0.5111086388258195
0.5512622292476709,0.4948565643433803
0.9483548174153759,0.505033862151972
0.8613039757109776,0.4352939995593055
0.4746195088067524,0.4989284675407781
0.8703770285863341,0.48612801112699144
0.9305048440232447,0.4985580102102185
0.8560878369444096,0.4773573103128322
0.9296860489077632,0.5101326988997767
0.9034630959702072,0.4817697075118559
0.91660529807406,0.4917373323709433
0.8833881577071447,0.4670629673545579
0.9370678999870319,0.49081582924456924
0.6199943832949036,0.49821013187649715
0.9113005544246554,0.48894881142701263
0.8549073782635523,0.4390094914875779
0.8659957584279689,0.4923224966777008
0.9325665572004347,0.4830275223803294
0.8536860324997702,0.4812997293411347
0.8926988919050118,0.4986526938775631
0.8474298693416366,0.48546847602029514
0.9533867087670841,0.5003575007774334
0.7342664700926333,0.5003653851323169
0.9393420177261373,0.5179638780011953
0.8579098684235906,0.43394066775608003
0.9071974475398904,0.48460382826599535
0.8907711882613811,0.47477328247063694
0.9653441719701015,0.5016054102669282
0.942790730571521,0.50678215887881
0.9287340540320445,0.5105924128747339
0.8990707210101847,0.5248085267246149
0.557057590949004,0.4995346478905778
0.896793379795597,0.5104319343415491
0.6994946185152785,0.18681432551861793
0.8728173753668464,0.4980284340689608
0.9102504926588566,0.5187534598041197
0.946241834319216,0.5167080132384873
0.8674539037303131,0.41906664382507175
0.9273103420799897,0.49573379601920714
0.9082369119793213,0.4890895059529341
0.8459475766422178,0.49458804079596774
0.8063808512064476,0.35737929124129136
0.9287902322075601,0.5204533224317799
0.87590966317236,0.47258170943221345
0.9018682426158513,0.5228523161188389
0.8491617023274625,0.47545619745204054
0.5971346851481872,0.49999761521659253
0.7302441592416709,0.18009061742102972
0.8828619102143102,0.5092049792724876
0.8422321770317938,0.4595511188899426
0.8667683557409378,0.47594781123704644
0.6936455603819486,0.5034039794141096
0.5330548502495803,0.5013832325117944
0.8824392063987196,0.4743958986048088
0.9076841483463186,0.499006090839821
0.868897582815296,0.4822955491548371
0.895028738994655,0.5003154428898127
0.8960736188214131,0.5117948963296416
0.6943710860614556,0.2042235669406015
0.9338157382523131,0.5048388780720546
0.9184230110670647,0.5143257391477004
0.5945909716466113,0.0900455864983663
0.9349447258023621,0.4779752323698587
0.9357000033967919,0.5123482089675458
0.8262173331940665,0.4959508335451635
0.8121270272162626,0.37969965512133996
0.9719312802473794,0.5001653158665568
0.761140319564842,0.4990445998582253
0.8498998639598667,0.46783678745380486
0.8848152389251662,0.498900983329185
0.8098566493455059,0.5045116530430122
0.893986086787435,0.5052405421606089
0.8821611441985066,0.48861117303870566
0.6974900999289847,0.4987979034857163
0.8672579823731669,0.5093250759872382
0.9085025003207372,0.48637013821780817
0.9084808119622932,0.5241913436556385
0.8683502512400172,0.3474447235330158
0.9262381407683893,0.5168062657772469
0.8645898777272544,0.491927456678525
0.8201464280818521,0.49962756762822097
0.8790313131228066,0.4991041041124464
0.5119110175457158,0.49651598344212505
0.653652444030586,0.49793372674287584
0.9178980155471401,0.49732981087470196
0.9079406316771235,0.47991665069177114
0.9432760336128102,0.5106538519346264
0.8781974635517598,0.48146427771854583
0.8877600755069346,0.4681106808514471
0.9179701942832297,0.4773314892421851
0.9524225472796649,0.506919888603907
0.8828614114045071,0.49851050470920594
0.9261236019769488,0.5114504143521185
0.9321090580940768,0.5189430012136974
0.5377579027676984,0.5010015777828968
0.9006854907762997,0.4973211356515533
0.9251213131218845,0.5128151561717406
0.8842138502817236,0.4739531386759042
0.8696363628750885,0.47606472080398105
0.522996427566394,0.49953969347998134
0.8738424980300417,0.48348699203834905
0.6677825571845006,0.1516167767006803
0.9019078196065664,0.5070240598981958
0.9268457598246136,0.520203327035008
0.5616560769707576,0.49841663464281355
0.8545344363856173,0.46955285778475064
0.8386855104988135,0.44009790634258783
0.8755128080455055,0.46837153708833607
0.6000464924069293,0.500672485738844
0.9279083843191994,0.5103718434994102
0.9369124895085837,0.4944951658343182
0.8778005506009476,0.6958752922917835
0.9063353410765252,0.633122176607279
0.7677202630459162,0.5016712313683377
0.8899274534222956,0.5131138568152317
0.878657319295786,0.4966033555163703
0.9447045360295541,0.5009632243729185
0.9447652850000531,0.5093946449170521
0.942688609215119,0.48482847196661993
0.8984814239179455,0.4802127850270975
0.8615390077496223,0.47851802567838275
0.8841530561025042,0.4321167523284723
0.895499207246774,0.4631558598532863
0.7969788319635487,0.500042191025476
0.577529805841865,0.19151993213176144
0.9260535193520352,0.48567204570813266
0.931287403106885,0.5169970836622506
0.8598479610894871,0.47770183665759086
0.8514899281236885,0.49630246200331785
0.9550886973401659,0.5080557777294318
0.644848380667481,0.5024626783844817
0.8546089369925057,0.47623301504899723
0.8084806979923408,0.40185158589959696
0.8547829420875034,0.4708018593610833
0.8735858421247198,0.48010162487820074
0.5736207991119691,0.4999947598059049
0.8686073472297058,0.4963380698443628
0.8396727915092275,0.4742449984706319
0.8306358694648285,0.46621483681560266
0.8579945603493602,0.5040359461744245
0.4679380263616692,0.5010902491904307
0.8431102160355021,0.5002395303877722
0.8855628685889243,0.47561211625673855
0.8971197430944458,0.5213653558664716
0.9374892241152992,0.5021623442745096
0.9019751807649832,0.5162827957400014
0.9103658058383088,0.5055462026731847
0.9335477285729121,0.49756695060018885
0.7995194660980751,0.34905018301994045
0.9492672633350856,0.5063206273642016
0.8088029792885283,0.500157479528196
0.728170241870898,0.499669468702697
0.7634001313544654,0.2827965085799625
0.9415781782082742,0.48034949519218934
0.9111187119672884,0.4901508694317497
0.8710715823859372,0.4990726020809326
0.8829807675818255,0.4767908507145833
0.8819886964897602,0.5160085663381758
0.905757466986421,0.4796173892475846
0.9300997725335809,0.49515168085868916
0.8837543530327199,0.49531853111199947
0.827211778339421,0.49653289921083194
0.9073371328903314,0.4888285849447971
0.9229258945752146,0.48742445496357595
0.46537466307667313,0.4999657459801593
0.9014809724833116,0.49615867857771495
0.8916867207428187,0.5108119909994607
0.9278481328095682,0.5129994712171949
0.9271226289323805,0.5198344810519124
0.8691820976483606,0.498582185150454
0.8919375061999725,0.4930449342419054
0.914462521476542,0.515094610296146
0.8795987390302789,0.4915424834893381
0.9212290119385028,0.4858777280562279
0.9204997952384748,0.522705461364734
0.8637154804456597,0.4387644073939183
0.8852255272654823,0.5224793128672958
0.8875306390672302,0.4771825216422449
0.6332762026378459,0.49586820102941787
0.8455192745501803,0.4811351994586365
0.6495824523594482,0.5006001760047976
0.9524749581061362,0.5029539615365413
0.9143266018901088,0.511228570901868
0.9590051661624013,0.4925015815739866
0.8862360308762027,0.5099683984295996
0.9260711680938716,0.4730798941293335
0.9049904483386932,0.5220846893913565
0.9334044203980256,0.5027062646224051
0.7798478238414427,0.2784137332704617
0.8802958910813088,0.48763271788532714
0.7768835909363585,0.4994483029806647
0.9023901183677198,0.5010577267511225
0.655323382468708,0.5002028977279995
0.9446231540237204,0.5007925917938386
0.9315475945228268,0.49340691907210427
0.9264503433413429,0.5199256460445231
0.8929422859341245,0.4726363496472321
0.8945324725107544,0.5221846852090243
0.8954928382989511,0.5140160272625097
0.9089875141024992,0.5237345749861457
0.922866207211825,0.480976765174616
0.9065004379141779,0.47820341110972503
0.6840717006917612,0.2402949041245679
0.9091362686045328,0.5117580927109336
0.8988346325294081,0.49130989709676903
0.927391203948331,0.5031306829155447
0.8800698703988472,0.4842340024413811
0.9268585244807843,0.5116203978148206
0.8867491745873499,0.4951159530101582
0.9220682247842604,0.5160905024246025
0.904233527192204,0.4857610720963695
0.5237804900327894,0.5000793156818808
0.8755180857800169,0.49837798379996245
0.8525682328836969,0.489954607873842
0.9124374122514052,0.4932037493720624
0.8972172897438573,0.5231058013847631
0.8876690171447323,0.5035662158217138
0.891038957390297,0.5002910375931794
0.9107499738771925,0.49946630758329785
0.929529915686135,0.49486005207755757
0.8705385823106717,0.45773867394553647
0.8278081659534874,0.4260061999180166
0.5840422621323615,0.47929742697143035
0.6760011394945603,0.4997403819204563
0.8589936193516279,0.47545583802088975
0.904925224354618,0.5142952556479465
0.8966772940010875,0.4807841439604305
0.9328792252468637,0.49945597961507743
0.8971165595602315,0.5220389224040685
0.6145778359899513,0.4999943162679185
0.8947733207289328,0.49270546117782843
0.8493123723127571,0.4641032615792119
0.548268781969674,0.5014889612418035
0.8958335998897322,0.4757159212260671
0.9570361243352747,0.5127553971911125
0.8607010801525299,0.4748866572494097
0.9592331420225049,0.5072861888800887
0.5250470429595091,0.49897872410062866
0.8998175752187598,0.5233463801601008
0.651411192302515,0.197450628976452
0.9467954149849493,0.5028059463025667
0.874830619952286,0.5146058172009322
0.8766897189328962,0.47261577724385806
0.8463539949489371,0.48932784176657684
0.8930874860523741,0.49962971278810464
0.9044839395752953,0.5046092411223971
0.9064109375902418,0.4863770171264246
0.9439426507128619,0.48269991241895316
0.9148966304715637,0.5235972057734966
0.45872302881822474,0.49703005918448634
0.9154233961922943,0.4853135091241328
0.7208632136115153,0.5006718866409262
0.8220472153053604,0.41065742540183503
0.8820426070646252,0.47455307087750576
0.9171012412680419,0.48887472705235335
0.9027029591487952,0.48950230783933046
0.5920237291214719,0.4967839739614388
0.9037876260409896,0.48545328773846613
0.923902411506128,0.5080086446278423
0.5741062130161053,0.18426964163109333
0.9138165280087143,0.5022528912070544
0.9276307605431827,0.48895341285015775
0.46389295919003376,0.5010310700648295
0.81942889716017,0.41475084443730015
0.9075485203067051,0.5238896671513772
0.9118940930103261,0.4841876157807463
0.911929033216342,0.49997899398115814
0.9144849250330986,0.5215555520974042
0.921383857955173,0.501715996398621
0.8628814444785469,0.4198754096094284
0.9183332844699535,0.5069706696340042
0.904826887883496,0.4786740108189941
0.7626188974115427,0.5008092214772742
0.7521318182805286,0.49994488097676454
0.8619672402624364,0.4837867604181954
0.8757898539057464,0.4880124433523774
0.8798303708203001,0.49954857696319827
0.6238389289189842,0.5000154236070866
0.9485084296003509,0.4801854410866324
0.883029722816463,0.5212729422210919
0.8988021164173078,0.4781576917346205
0.7494275434845408,0.49434930186957454
0.7561066718696159,0.5009542637294867
0.6025503893783961,0.4993467635265365
0.5790596980925533,0.4998694471148343
0.8862647567275816,0.4927985005331424
0.9161151333353356,0.5136284431450343
0.7845959647202377,0.21393425960375395
0.645626271502271,0.5000723268577518
0.9352970796862983,0.4939805669973035
0.9463097696674081,0.483600722833217
0.9341566685963589,0.4860967090668601
0.9020156296730293,0.49803535349250905
0.9286534298367106,0.5019154411579458
0.9008924993617025,0.4952761432695379
0.9021078022861849,0.49675582579145655
0.6293238683195168,0.49806523350958865
0.49211874994065335,0.4988268130607299
0.9736358068522255,0.5047470967965275
0.9483309210057483,0.5132973275846012
0.9080104112376892,0.5240347132482038
0.9060729781774035,0.5657521938236492
0.8545363243906898,0.49996777245650004
0.9046817054251854,0.5213139219619533
0.8404072136081512,0.4747875065595318
0.8769041624418877,0.4766300022697864
0.8149597473105925,0.36089436692012317
0.84759242581064,0.4873167975593816
0.8809348360194789,0.5048400198535674
0.7553521396221097,0.22112371103470924
0.858648540377587,0.5112037641005611
0.9281850626654464,0.5176319961728701
0.8509617725550103,0.48032351182711136
0.8374555678585913,0.4698040267501661
0.9458457829104743,0.4970786689499016
0.9123791491333153,0.5000411330956239
0.48132457023722086,0.5041617395105535
0.9103216357716704,0.5241120115825528
0.8886765645871818,0.49716429130210127
0.8748004414027993,0.4870565645916444
0.8845323452444176,0.4764137507348795
0.9180416785661472,0.5129969660968355
0.8739712031828328,0.4600029377228086
0.9196070081015806,0.49011157691449525
0.9518295217294137,0.4811686109057922
0.9182493792235014,0.5212314613965631
0.8741146848587713,0.5190444802702756
0.5032060766836193,0.4980653776893199
0.8607636339520465,0.5032578141423397
0.9300989651704452,0.4829017349800624
0.9169130678315223,0.49878904701421173
0.8285094040286005,0.3305394949406438
0.8426531403033749,0.43288411993369014
0.9232028195097818,0.5198076270641747
0.9444735505358439,0.49925315637505957
0.8610449841977423,0.40975989167015303
0.5490535277228668,0.4978666216385488
0.8023653545243199,0.5004588457953685
0.9174684024398088,0.5170410018897915
0.9277574196575227,0.5173547099816821
0.8773521497060034,0.5215855438761829
0.86994377362584,0.4698369159736557
0.8988446026580943,0.48966564122742295
0.8511271260256037,0.479813279364797
0.8379799524440577,0.4077477301082057
0.933145932749005,0.5213359162941158
0.9433185733504899,0.4974999816255936
0.8399349364004763,0.4553473946902142
0.9206793490127287,0.497733913552267
0.9356631417577874,0.49645282975893784
0.8644602851807044,0.47795920327822367
0.8355937757119911,0.4184132642687585
0.8756355973486578,0.4699913560619206
0.9118204344989955,0.50769797434387
0.8032617471641801,0.29547169394873785
0.894076862837772,0.5078109414322948
0.9040047499563835,0.4716498296413277
0.8700079864461994,0.44119518253262124
0.8675102830164692,0.46648275054180394
0.8386217710814975,0.47733789745022487
0.9426068231155328,0.4926858958279614
0.8286277618763517,0.4868886217351093
0.9239477035862551,0.5124356434746878
0.943138760206188,0.487347557541861
0.8756503383400782,0.50621065601854
0.8927325194095986,0.4750247235939081
0.8967146703810169,0.47471123070922194
0.8920569453847925,0.4484032441691913
0.9307586464947092,0.5079933200073682
0.6670147359568046,0.49947660023355567
0.5547700692576083,0.499974428604555
0.8870441872223656,0.49955927638440245
0.9085694654185263,0.4999188403492295
0.9621807412498986,0.5006551709745602
0.9632151563815834,0.5008285594851324
0.9073240420551878,0.5248306904243156
0.8293300116861885,0.4888307042592078
0.8551274257558761,0.4990565613705195
0.5068975398695348,0.4985062332118238
0.886714086908384,0.5113299691323807
0.8420282543531645,0.4362841532892921
0.8893279171965401,0.4782228836444987
0.8996308818017877,0.5016341505946875
0.8538333908415332,0.49955302001037044
0.7773075168474796,0.5004432065728721
0.8741732898595154,0.4934804252524728
0.6573476360825778,0.5000670715232441
0.868339332150903,0.5160171165260841
0.9431002576802066,0.48589099021796134
0.7314680485125855,0.5009416255631615
0.9277655844625621,0.513245150839334
0.9259318259581804,0.516909748070701
0.8672549363787128,0.49983567585962463
0.9238486575304801,0.5102427015624129
0.5644101525060506,0.49792574604104084
0.9296719613186362,0.4893578769779981
0.8511492804643042,0.4856639814877346
0.872221824602622,0.5003600288660341
0.8918931238170027,0.4765207847746423
0.9094013182305264,0.49982659935291324
0.8558047439590695,0.5112114578977107
0.8315895941873659,0.4663261566354885
0.8388682526447866,0.47671991879814807
0.9099164450706976,0.5209108511565124
0.8774867976476188,0.47482174403835914
0.8455428435990855,0.5052125212742552
0.9240032095523332,0.4840284954780817
0.5813377174238535,0.5004991526669171
0.8623825619658538,0.47177788211147903
0.8301084919549802,0.4791318070055623
0.8762967222819036,0.4758542627281262
0.8393032813134713,0.47558036633630973
0.8731029872455585,0.461302798905359
0.8304732646153834,0.49570945858909393
0.9173284972574407,0.49628799158169773
0.9332448791413164,0.507422673459791
0.9330752476811635,0.5084894499549304
0.5528501753437599,0.9232684608070807
0.7880720684083036,0.49967846219952755
0.9106308451430082,0.5190856658068496
0.8633118763937105,0.5007369244289623
0.899446560859482,0.48162920211379434
0.9288339897932607,0.5191964501540577
0.8126485241469942,0.767614473526403
0.9265938185189722,0.4761017433262658
0.8905241190656504,0.4897388339556844
0.8402420876601064,0.4688882151562314
0.7824095977920571,0.4994326155815906
0.819339341043174,0.3730875190360906
0.7600187939324161,0.49999322702608134
0.964018411665784,0.3657906031441843
0.8333397695378053,0.48466370124253905
0.9012421382534905,0.52333176833298
0.9324450312588626,0.5094987681453224
0.8352900158904376,0.43990189512889105
0.936223977775043,0.4975850097814341
0.8737269889921198,0.45672870202637145
0.866425199554501,0.5121311686929227
0.8672263864935381,0.4984287134231012
0.8765196332352142,0.49253813124009127
0.586713899396494,0.49243726006347077
0.8623555352780028,0.4684976946660797
0.9462729327790194,0.49455819005343554
0.9193175057816101,0.4900575038806392
0.9056082780792607,0.4779124205982205
0.9064579335752938,0.5217099994528634
0.9751537015278391,0.533910441938289
0.835913491788364,0.48792931265084577
0.9303566808432422,0.5033599681275572
0.8248313434056653,0.50033828735197
0.9226681814298674,0.5171375381902045
0.536773103777325,0.5135671298199569
0.9289668632645753,0.5112645092652933
0.9027493543919567,0.5015257446064842
0.8943626677848944,0.49269641202812586
0.9196972234881269,0.5043311179020054
0.9223683430006537,0.4878755888983543
0.8433129696510051,0.4868517308960809
0.8790488209605688,0.5120431843390388
0.9247629819166698,0.49892241572206875
0.8885895653380544,0.4975819094553162
0.8600683305234427,0.4844844003487718
0.5531868293935387,0.5003057654558624
0.8741804579286587,0.4883651752496684
0.7497376779125201,0.13873445633404086
0.6161571162885529,0.49740524304430317
0.9334566348141321,0.5119682736119707
0.8749084303005403,0.493711473609643
0.8334780793593086,0.41846616339175335
0.9280199305898609,0.4994291551287712
0.8415682336038186,0.4736545047305701
0.8771824066811345,0.49046280216088994
0.8393084213237383,0.5019744223549497
0.9511240717245092,0.5004637481922681
0.9198729563128609,0.4839819101763595
0.5211110066488541,0.49981259673843287
0.8521308338389113,0.46791231638506325
0.8791347945123662,0.48172019604918215
0.8750869586088965,0.4734887133914013
0.949439364598716,0.49805644713345365
0.8369137752849909,0.4942793325708789
0.8456995955420477,0.5077033620695278
0.9309746176077367,0.47689157590316433
0.9332962456679568,0.48478029079903845
0.7859036306387364,0.49984501482679894
0.9080430455081454,0.47963173155686306
0.8518779135644248,0.4801469095127565
0.9357296427574465,0.48548982837529603
0.8426402176692269,0.4099589355345568
0.9062235699431147,0.5237950629538372
0.9105555954182931,0.6173437007372786
0.8242852625649711,0.45106850078114197
0.9067031990010903,0.48217510731740554
0.8543725495696243,0.4802801031942155
0.8420959686763896,0.3683014563677035
0.8660330625598787,0.4796243501553081
0.9118517428445743,0.5208420908817557
0.7662293074659888,0.49976647465666385
0.8283896506860113,0.5000969768771548
0.9256590050724953,0.47288643116342943
0.9506076043884506,0.5083886494424763
0.9554370636064418,0.4985748475887811
0.8685605562109034,0.4641402298861055
0.9043942024996827,0.4919439696008849
0.6935758754933982,0.5000014708857966
0.8862599928319232,0.4764663827808599
0.9230246482270502,0.49992064096983063
0.8535260917228911,0.47569622211382806
0.8489729210587114,0.4763693761147521
0.5858790848461605,0.4990884595171543
0.8381548556684788,0.47995410230321894
0.7669865206703752,0.49988172926301905
0.8478573970974757,0.4737129861860333
0.8873875954637598,0.486349278615066
0.9296998521359932,0.5096483807608796
0.8784030653078256,0.4549377009135707
0.8970251464922542,0.5138157672083442
0.9457266579844226,0.4956210958716155
0.8995949163943862,0.5058454991704261
0.908288784248536,0.48643799848038166
0.8571542700843204,0.4824955453018651
0.8910378962054417,0.5217273837501433
0.8483344759172626,0.5004856590813624
0.8843322526164259,0.495397875624646
0.8591757490172989,0.7236423148699069
0.8926532764665474,0.47211530991971495
0.9170740299560359,0.5251964364441779
0.9211583803382117,0.5225320162761953
0.9280110488866822,0.5076099050351507
0.9283191250135653,0.5101505720890687
0.8885205003829588,0.50983540112555
0.9234138913657359,0.4952323264631141
0.8591904115495834,0.5044737832985388
0.8636200688937492,0.47276311136883153
0.8091067858541703,0.4999881932410125
0.9343436040307362,0.5055059788589465
0.8463636263955306,0.37575283532762765
0.8154282770462824,0.34151009419954226
0.8747432170239955,0.5167642958640726
0.9249689483406429,0.505247744809287
0.926374758988292,0.5241014317573378
0.5349753379320342,0.500048146095113
0.887649638482726,0.48939115710679626
0.9159833838221232,0.5226043109680535
0.8587324324409555,0.4771526422405493
0.8841595105537443,0.4986580424553633
0.8935246057303903,0.4784216760855237
0.8392791686438221,0.5015610655211845
0.8899610886284088,0.47651848629367544
0.8467335320638096,0.4725388186223287
0.8320938058230098,0.36356125945467815
0.9510841033431146,0.49091448654538905
0.8916610281653824,0.5096724484949999
0.8620655861244081,0.513495961047951
0.9043085545957505,0.48065400772009037
0.865030268835761,0.5168417814609879
0.8435557865820495,0.40955721762434943
0.8407778073272754,0.470160498586284
0.49760458639311234,0.49999499973415096
0.8573776280629918,0.40521375861656644
0.8530728037952917,0.47584860847793575
0.7592990181985653,0.49464259347742295
0.8913934677845623,0.4945152348094394
0.8381452414969777,0.49939674304036763
0.9151051889110833,0.5086938294700583
0.8690395125135453,0.4913656851305384
0.9418449783282188,0.5208639860072604
0.9199708473049567,0.4825846686028486
0.8698740520329917,0.5005772287883825
0.8901143249301489,0.5240030898952758
0.8720412587010924,0.48862760661934157
0.8662720338799699,0.46754031874576324
0.9295868891459573,0.5105886000333019
0.8382339354856339,0.4701803149208876
0.7344560846863069,0.2105891439522789
0.7734421747790228,0.27242537610194584
0.8273963851676451,0.4400801584870248
0.8469114638037413,0.4811242965760739
0.8861991135115987,0.5241626770735542
0.5393768621607701,0.49802267925368787
0.8589755792400392,0.472359866368708
0.9322744667469156,0.48707253227255726
0.8477047788201024,0.430382082946404
0.8835966375688014,0.4758046667313744
0.9234219599351883,0.5137329800575154
0.9439423277443735,0.4834427699891206
0.9061599405491534,0.522344259152599
0.901908653569931,0.5219401713625904
0.8648198014936757,0.45825836279628906
0.6310474594781268,0.49583510733520286
0.7813739711968921,0.4890705358903068
0.7559910089718569,0.50021597276942
0.7704482535972992,0.3165561510928143
0.8999156640288035,0.48197080833711087
0.6944963939409342,0.4945741587443913
0.9047000638030847,0.48234028001203544
0.8450618735207067,0.47101180957183925
0.6152476713089413,0.500338547216379
0.8291839047722458,0.4744092032842338
0.8770157001907087,0.520311790745109
0.9302831746314262,0.4912293177540294
0.8934980257359331,0.4785418950154125
0.9342069755250358,0.4969498958589226
0.9153289185089618,0.5229999645126998
0.8836205457561912,0.5130015711982526
0.8709472721872472,0.4920662379783125
0.8744263946256231,0.42441301945134835
0.8653809883516411,0.47721746263723963
0.5643468510571402,0.49956689711608393
0.9778619950716221,0.5044929509360153
0.9525345274451734,0.48643042615813364
0.8556044480329288,0.48248322761256024
0.695715770515315,0.5019498075485614
0.8323455244676352,0.4892230923955154
0.9287400456400328,0.48625779958277493
0.9004020401135596,0.5056589786700716
0.897089290994326,0.48476007565690626
0.8635969889997526,0.4810397495351436
0.7884801919837676,0.5006676160429584
0.9264451897182344,0.45512149574198507
0.8731492070139045,0.47265080329532716
0.7799837516343933,0.4998269192111548
0.7641687110881179,0.4999130761407437
0.9508856263526526,0.5042183900595502
0.7975528411142392,0.5005366504148072
0.9274332179869039,0.4786155683893566
0.876849144664263,0.5203960243656168
0.8662679861152501,0.4796505316319967
0.7196209124059427,0.49958943260237937
0.5430765454078083,0.500889146442354
0.8413572422577295,0.49752875347049147
0.8920154102415905,0.49316628645438326
0.9285058802136108,0.5011365384705119
0.8761304570737586,0.5055766663332221
0.8328667182341185,0.47455510343548607
0.8886761292532264,0.5241855304752314
0.8681354230644857,0.47851324871137785
0.9410841606804405,0.49916459702100663
0.7370987723101438,0.24855627025843224
0.7782251297107158,0.15039660559198942
0.9384723090575319,0.5152841273690139
0.8955708545146213,0.4974107739178038
0.9242768097670293,0.48866245648765955
0.8768815216073067,0.5122257720037378
0.8953320310098288,0.5284299178291312
0.9317237704910635,0.504782728720123
0.5823249936059256,0.4994305167609106
0.5974920117585387,0.4995585771837069
0.9123785445490318,0.5186802663144431
0.841960831546873,0.49785547344552744
0.8531906877473685,0.45488018239292216
0.9252606657976994,0.500134617725545
0.8680877669963544,0.500135467947577
0.7214590215026147,0.21066901099722707
0.9135548657577718,0.4956094411742969
0.8982639849200769,0.4942629466711337
0.6727512068288676,0.2348309715560446
0.8306488129277527,0.45184699684615326
0.9435414742401196,0.5008252204129594
0.8597770137819746,0.4771535694099354
0.8978544833764117,0.5193107856331207
0.9685388951661646,0.5016493841699029
0.9083702674568657,0.5280879683218626
0.9287440817313324,0.5182464849477062
0.9390799473908855,0.4957092974382215
0.5805964398000258,0.49904255700981925
0.9189762446635492,0.5190638198817067
0.9250022012137993,0.5105653281237387
0.8192905595763651,0.33946618057057965
0.8948428765811194,0.5116871299472305
0.8764095250157686,0.46937126729524614
0.8530390841005995,0.5004858429785813
0.5831871510897555,0.4991836049338164
0.8742696530323748,0.42943710580622546
0.6934834786329125,0.49964180850986273
0.8782587269102835,0.5225802921569307
0.8853682659188027,0.4947274834195521
0.8638339926746865,0.45656299671046807
0.9449635699134616,0.5194980092210966
0.8915735314704647,0.5110710998188848
0.9182119641722603,0.5184289406258545
0.8705161041372174,0.439684730120934
0.970175499414534,0.5325186358986613
0.55857631855769,0.49974473101790706
0.8602662327481335,0.48836203646276033
0.8977858015814274,0.4816517315220619
0.8307104568907289,0.4802343613096549
0.9517724532502332,0.5082306896353695
0.8662664416105978,0.46646898289500593
0.6837785064377034,0.5005191191112447
0.931749885734353,0.5169044766221755
0.8833726751231827,0.46723400060251863
0.8725719522498387,0.5085438276035735
0.8958321724132483,0.512363738888948
0.8275335508321038,0.49796118792919364
0.6266212887587316,0.4993652205596274
0.8459846079319244,0.4821488316935274
0.5390315914502257,0.49972799765083276
0.8362248975727778,0.45412507659155166
0.851498358679655,0.48199533626193686
0.9050223591405798,0.5044955889420657
0.8758569230640165,0.4870229187001096
0.9154259867116976,0.4847323869762358
0.8576649062557309,0.43034585139219506
0.854966688955167,0.4834095739172823
0.9308331858358989,0.4987220761546321
0.8722448042828057,0.4612221296748658
0.6735615057827169,0.4999115093731178
0.6247194439124049,0.4966129265732109
0.8591385407400483,0.5116394193007967
0.8577283951832418,0.46871627249786857
0.8727269237923848,0.5010531762873646
0.6517697904750898,0.5010637690841582
0.8736384666097106,0.49533455257502423
0.8607509266803277,0.6233205962335379
0.884341710760568,0.4724179703787341
0.9281867500846311,0.5188864207830055
0.9180925013238332,0.5141248108576638
0.9316918625816533,0.49246629205388126
0.7807268801316243,0.7647560704588411
0.5955901196415787,0.49959763419835324
0.6693824150002987,0.5000776800957268
0.9040742399701766,0.5172726845158951
0.5523251234612311,0.49980564630421437
0.87055189204418,0.4760936797092651
0.9335984664383432,0.5015474815689598
0.8941043832067866,0.5216951306141139
0.8760850561076463,0.49037933862996996
0.7946428322464995,0.25431097778762607
0.9205764956569376,0.5134818331937061
0.9471045343891376,0.5087047708289419
0.9374959549090671,0.5094951777675351
0.8723993394219779,0.5014302336028954
0.9173950745429513,0.45877163130673604
0.6979522911742732,0.49905238316244704
0.8590273534444142,0.47766835315142225
0.9030085503522234,0.4982952159459581
0.9268960619048165,0.49965346434116403
0.8808323059085106,0.5074188668940862
0.8673156410500759,0.4812919304658736
0.6860208203267095,0.4992846041475727
0.9143785095389303,0.6455031222052947
0.8936488658353317,0.47441417051863755
0.8617037361879409,0.403742672550719
0.8925824792590459,0.5101449610921901
0.8727487894498211,0.5024205805495273
0.4731161820589316,0.4993739383455643
0.8458384446649008,0.4900589947821491
0.923345300230731,0.48203073409318536
0.855236690042692,0.4801612546720109
0.46612622248390884,0.5004068225698887
0.9099727898036796,0.5207678281308032
0.9286805302526416,0.5218738590484054
0.939754424134942,0.5208289487718832
0.762659210251047,0.49944358066621225
0.9147314746599168,0.488607611280671
0.8306493228728786,0.493756186373139
0.7016373667382634,0.4993112719708922
0.9219765840290879,0.5219728525553273
0.9280310258601168,0.5020864942621506
0.8620279002053938,0.45032572105759616
0.8967125411882358,0.5005307742754691
0.5897892658864603,0.47901652220931473
0.4621013736391722,0.9072302904186694
0.9139529621255122,0.5107474007111674
0.6460274437191929,0.4976858542520044
0.8506859614291618,0.47366500263425365
0.9281013548628165,0.48687943346501183
0.8327796823720965,0.4848324985712032
0.8858479438528049,0.47594597035266784
0.8859512500344573,0.5002889095018874
0.8808972225192027,0.5001882134817716
0.9285416788070813,0.5293621779774597
0.8818454780915872,0.4884883574661804
0.602151213312788,0.5006913156269088
0.9310052558495876,0.4881807168660655
0.9085330935691003,0.48631265165864407
0.8893522893165691,0.5244596172260487
0.9274080097910127,0.522649886597523
0.5809574738045828,0.49923738320612565
0.6239143442088391,0.4955416424035081
0.8704216800103523,0.4331207789684415
0.8742697493994291,0.4470210005693672
0.8535950323235132,0.500264350444128
0.5863519777961331,0.49960274543642846
0.9067568044968659,0.4836502707060687
0.8808725342881945,0.5078088494195699
0.5429926596570402,0.4999399933072537
0.9466631397137021,0.5184033450659984
0.9175772482148207,0.5206365609876586
0.6745594736516789,0.23086440077193343
0.7794566825258277,0.49989028716022826
0.8411691773475622,0.47685081634598087
0.8665768777754099,0.47998572457352545
0.8570272083940874,0.5046779568754235
0.8598073248898221,0.48330330314600195
0.8376857820384658,0.3242312183497966
0.9206253151823822,0.48244880418280356
0.9321123114877559,0.4937754546751987
0.9296770769803824,0.5122403023253863
0.8904910585135384,0.48884617769971583
0.8476928399225819,0.48285718815633094
0.9437829731001988,0.5067811682497585
0.8838588953358262,0.4790727450597588
0.9251233331895782,0.49275290713847175
0.7302296905307799,0.49948092344293055
0.5144943130979203,0.5010464682154945
0.9122087267795322,0.4887875632736244
0.9444467002551493,0.49941792130918283
0.5939620344872658,0.4996069721239549
0.8671475349756492,0.50982515392301
0.4737529494260069,0.4996867485280682
0.8694663708413981,0.49988356382788873
0.4994924685095468,0.500162927658496
0.9288886117626789,0.4990194031080665
0.9286155953085804,0.49521133159669845
0.8514867391418709,0.5061751357412049
0.9053949432850998,0.4975155376898386
0.9202748463925254,0.48504453666887876
0.8458339596369087,0.4765155203951211
0.7656086416170114,0.5003597669733939
0.9299739521552766,0.4917128784023376
0.8736956571215542,0.45383056587305515
0.8937547412319544,0.5082808817679214
0.7216415048940088,0.5001786262661363
0.8676103198011236,0.47825189461788287
0.9092005063804172,0.4765044579710276
0.9264687611727211,0.47900810402240457
0.8611114435066083,0.5118974101837264
0.896461193883786,0.5211509878597969
0.5921355875224618,0.49618884584205397
0.9376040544201845,0.5009089168962582
0.7299685005078796,0.5001311970323602
0.7142567228998175,0.5001506962490276
0.8938810951042501,0.5075402231424961
0.5085930146428114,0.5002668515345354
0.9328442803171466,0.49977494521380594
0.6632703528843835,0.5003627357315299
0.9536660068438718,0.5002051726937157
0.7909096080461746,0.49950057361916533
0.9107874323934373,0.5092569807705833
0.7423867018222972,0.2554950544496497
0.8697898489532272,0.4830034309725683
0.868430125654508,0.49455837299083283
0.9323329089415661,0.5173008485521974
0.932566287379478,0.5162500819993802
0.49159724031605107,0.5004188592913741
0.9313221990527061,0.523739492509682
0.8758116731975503,0.49986120143781804
0.8974678584654641,0.6716131581905087
0.8913353401392626,0.4867651745627618
0.861161178030754,0.4967726838893727
0.6994062518182365,0.5013272633583272
0.8599564735863344,0.5001498649647749
0.5863662345028031,0.49967197430075866
0.9192520510110669,0.48508987542239435
0.7740523931053545,0.4999375598130563
0.9033518904089537,0.5035070727372971
0.9126044081949678,0.5048028331430904
0.9383143479047906,0.5093852931427201
0.8735626730479875,0.4864437549393717
0.9359709757023266,0.5212186405583616
0.907324467907904,0.4811054799914435
0.9486282286224197,0.5070803840264735
0.9005067029772136,0.5058072535924509
0.7522914193109271,0.3228519719204446
0.7409422295230359,0.22467852786543002
0.8674095722365777,0.5042090534837342
0.8674951257331146,0.3994159290457551
0.5727647663393735,0.4981862712487358
0.5673464005682687,0.499595936726873
0.8565767275947487,0.4964893501264209
0.8630585798709539,0.47623044028927575
0.885876164143002,0.47396544213642955
0.8527757166689993,0.4823680704618228
0.49772772287485734,0.49918882215669697
0.8838808476896116,0.49054801474803805
0.8943538235881235,0.4765895963360864
0.9354853868936358,0.4995501113477261
0.6870228162347791,0.4994121545076807
0.9295512325703444,0.506070792094596
0.7522855194730219,0.5009560022768571
0.6929189753989586,0.5008810642021106
0.9296199128244145,0.5106515517474762
0.8830041756874722,0.5054410677478149
0.565164679753441,0.4998869162355585
0.8917315167576075,0.47226959547133796
0.8603254654035999,0.4751106984696548
0.9197447527934275,0.5185793748753158
0.9168006754675992,0.4953035859133694
0.45503066597040764,0.4963707262832283
0.9379553802920458,0.4789444020641961
0.6392995284870951,0.4998379349243547
0.843127525232773,0.43369861480973204
0.8467105508623594,0.4718042346333664
0.8875510151225736,0.5082783161315171
0.8771462032926489,0.500147259566986
0.7718468610504072,0.3051830734561297
0.95074330450282,0.5167847004697244
0.7076127209420754,0.49932024758976473
0.9325589939301941,0.5193230101102893
0.7581473023964717,0.49890563118990416
0.9497722201297474,0.4944421757965392
0.8588201423750371,0.4543523215033312
0.9291212493545065,0.5101718109711972
0.8425604402757279,0.47788872199198296
0.902013471066823,0.4969391657744512
0.8693310713569027,0.5119990733249469
0.8465317915134545,0.44717646235548325
0.6166798178527476,0.49394392519085056
0.8697162597299795,0.47753651524629986
0.888424890517507,0.4775782203094997
0.5360815887781891,0.499546617828097
0.9184548174387424,0.5312613594282483
0.8643039599434232,0.5145012170436731
0.8586386704595286,0.4736821110251184
0.7073829961543914,0.4267140744838541
0.9201600211983707,0.4855277166949194
0.7955169777121923,0.8143313506176588
0.9093932228706602,0.5220897420080991
0.8762572388761866,0.49641250311328483
0.9358424924121731,0.5130075844708761
0.9932401842961092,0.457091246357134
0.8463458517978384,0.45042159420424815
0.8817616392234726,0.4993259217090984
0.8579235975139547,0.430396641143271
0.5024141494204,0.49912672247209494
0.8783535598038559,0.4992554535961743
0.8586934877145125,0.47524801242078674
0.9202696783938078,0.5152054207391216
0.7697004900714659,0.4975924973645905
0.9366114952988922,0.4798687038842848
0.8756225437847642,0.47124154675944474
0.9238769433065857,0.4759498712672686
0.9391419138356012,0.507622896330694
0.8676197751764461,0.4942810627047063
0.9177133622803881,0.5214931005866418
0.8863638815381856,0.5134679529892751
0.7711114480293246,0.500119671373347
0.8655457753881599,0.48397796001208543
0.8979826830324953,0.4732006080036958
0.8766932415013495,0.48244931892805776
0.5398216031562986,0.05403674108580886
0.9037916752383163,0.48148476541234697
0.9435759205889938,0.5079983013844518
0.8443032918307054,0.4471334489254991
0.7568999363880381,0.49879476908496023
0.9309215636448969,0.4998223165789154
0.8395231344576283,0.44478909339743145
0.9080021175323586,0.4792786462069487
0.8810767137969565,0.5050556622771137
0.5413918946505238,0.49970690183830246
0.867579626734179,0.481450010639033
0.8376200220407161,0.49932711410906755
0.8100876888053115,0.3386494982489243
0.933342930677898,0.5138985166168993
0.9264531339572497,0.46684566320188525
0.7059729637513844,0.5006276944896606
0.8588754628929293,0.4936393592144207
0.8281162155743149,0.47916826029245796
0.5871343078607684,0.49972774701304523
0.9404916813543611,0.510799204462032
0.9467291163160664,0.5154116467041422
0.7886891852090557,0.34871128634419357
0.8903224312998311,0.5111295959530672
0.5302722150533117,0.4998128335874072
0.8962541913256084,0.5107959271412079
0.8933637313244446,0.48855326235309654
0.8569862545673691,0.471183140760974
0.8725002845469887,0.46455263607152086
0.8465345705787533,0.4990785877147498
0.9000916287511502,0.5004940847191648
0.9414964797721003,0.5103113052930844
0.8098637379320582,0.40269062696454644
0.8527018307026887,0.47637421296182075
0.8506129301330797,0.4983680931010245
0.5815658317431562,0.49457860551228644
0.800364759789549,0.5001787670986089
0.911633608015653,0.4843212186125919
0.511027592366045,0.4999142633400908
0.8273358681667544,0.4949631704367949
0.9309991361238023,0.5162568895765346
0.905960143901857,0.5120580907083834
0.8701891701560158,0.5004103428635551
0.8368675146367479,0.4923246971460908
0.8420395587821377,0.46179397214724227
0.9004319276300944,0.501918349447613
0.8508579627049794,0.4124734129181894
0.8673742585306979,0.4297510336722449
0.8058738919682452,0.4999806182861121
0.8881801436500774,0.492762397609286
0.8815134108647458,0.47590782916500307
0.9059605201070131,0.49300137412246425
0.8090840819505499,0.36926678842975497
0.5894267210042398,0.4997965725269704
0.9438388589744604,0.4856738077591939
0.5078272261994794,0.5014503783286979
0.5169464673737795,0.4966753512277183
0.8503944733431478,0.4861190671347264
0.8375257479509772,0.43571142876914937
0.8117842623191759,0.36409118631343984
0.932111445001358,0.49696496896072306
0.9219419157475646,0.4876172993342144
0.6492087743711206,0.49842329829860127
0.8963367397842004,0.4790817812254695
0.928141285607017,0.504159459767331
0.9367229265972601,0.566377847467406
0.8712762433952894,0.4834413020128777
0.6032381844589814,0.4989631396479062
0.9242898464077896,0.511303522858117
0.8682842693853626,0.4696245639156565
0.9192268889301023,0.4913838696212226
0.9429467337126571,0.5020612834282387
0.9043734879147465,0.5046103083316238
0.9237373575531267,0.5244577704897827
0.9075599906865992,0.47999741118482353
0.9004198577193261,0.506491409400232
0.8944015979219537,0.5152959256165611
0.9282913364321588,0.48214279070846533
0.7792746196157405,0.5001525058434111
0.9101813674270345,0.5224635458316731
0.8818976450803948,0.5218322592950433
0.549028028142238,0.4978773730067303
0.663068698978468,0.4998502245903138
0.7094700077511561,0.2116567587383128
0.8617709802685354,0.5149921583129984
0.8922995184451222,0.49496667848524994
0.941430900418585,0.5143956547847643
0.7678321730426065,0.4998613070622926
0.8390910001348751,0.4533202848979041
0.604661506305664,0.2408767553510911
0.8482806129209484,0.48317785479111597
0.5768137484400903,0.1351783882000065
0.6148782699046381,0.5002467320973564
0.9248837138653303,0.5137432273477541
0.8535478110424215,0.48784065540510424
0.9210079871623942,0.5237899893838003
0.9378850413709914,0.6877586165997807
0.5992059513020185,0.49989990447358584
0.8274458773751396,0.4381929139270151
0.8964472147857283,0.47545657067424574
0.6195840536939744,0.5008721865187024
0.9774538662462815,0.5044751520978361
0.5633582791880619,0.5005779363193068
0.4797527344249059,0.5031611505038486
0.8765895329655993,0.4993423462488833
0.8938714231396245,0.4789103038801692
0.8756214527673736,0.47405696750982745
0.904266097538649,0.5043710495734531
0.8442825640812694,0.4637952143107454
0.8866406100446396,0.4995296124916073
0.8448367979194304,0.34038687494751174
0.9273367645669133,0.5920454415710148
0.9105118619924624,0.5188382780109605
0.8706025041928958,0.45792263480523143
0.9294852719773183,0.5109726919123605
0.922455770259737,0.5174925839314944
0.8668751572988588,0.5020396092465857
0.9445106754602755,0.5055107337616039
0.874184742946443,0.49204884198639387
0.8429792513966481,0.501646942097908
0.9039458886585079,0.4798683196898192
0.9298542236585989,0.5037566736130356
0.9187198203833187,0.5006387721117037
0.9353795849401939,0.49910997437007865
0.9286110412022797,0.5104221497767109
0.8339455204438676,0.4606554057869629
0.8485150083460202,0.47200278759863307
0.9205821365234912,0.47258904174268096
0.9303550088673261,0.5011546341753212
0.9252673621398975,0.5045488961584411
0.7176744030708719,0.49773969103707005
0.9065827815139947,0.6326970643209026
0.9016542610786301,0.496353915397267
0.8398125267910233,0.4861366123350299
0.8635200390472426,0.47635455347803113
0.5686650380655902,0.4998737614117781
0.9070146512461137,0.48018688994716885
0.5933973213961808,0.15148540728531795
0.9241483387488001,0.5252602386836015
0.9033035578120753,0.4984518603208779
0.8387711772386631,0.4719856496367412
0.8966938575707903,0.5033603633321537
0.9359086353307915,0.503576633978058
0.9319779705725961,0.5214777922217833
0.9039418308613407,0.5202176972035425
0.8856553752529737,0.4757582707856492
0.8381647328234052,0.4844508594530483
0.8282687711142828,0.48436223135293455
0.9298650445777803,0.5045870940222399
0.8447712462285468,0.4799288639762721
0.865831516866769,0.446993527709605
0.8716260551318047,0.3866521982193559
0.9644794853740046,0.5012773788417989
0.914446203438253,0.5186454447241642
0.9214669775556654,0.49705816061911884
0.9241624454209676,0.5127103841722913
0.8588664990529675,0.46536335043149313
0.8555981662809377,0.5113291077378088
0.8087788774352,0.8396665550000462
0.9292584550618694,0.5126866735621692
0.9265948096716017,0.5161171040882238
0.6419833720496687,0.49930820434352635
0.8965008076876527,0.5242943977711196
0.8760500272480097,0.4858625445004591
0.8990075754965061,0.5016575662824336
0.8088411802737692,0.5003770879089253
0.9512112255278954,0.5086169183402154
0.9409008028120527,0.4820135345605704
0.9332165434040223,0.5444754604878127
0.8808375513267298,0.45844805005290923
0.8717660690351254,0.5082345894345176
0.5199878833560656,0.5003367975298706
0.9251742446747475,0.4924125118387983
0.88797836969174,0.4732669025258825
0.5780534434575356,0.4986906134334141
0.9597380039335566,0.48282428299039365
0.9271285431002818,0.5061171128759907
0.8934899304452748,0.4739371975023073
0.8782653487283343,0.49022787094609027
0.931778323022827,0.5093100717674323
0.9404967302837477,0.49187423395557206
0.9197108571564563,0.49102012836992787
0.9255275947390176,0.48918313696424676
0.9354058528667109,0.5005242876821795
0.8418949347125102,0.5031179708702969
0.9298679552880103,0.5007558538329921
0.8549974314455742,0.4804437044330547
0.6974462511250121,0.4882210244795384
0.8864730239384653,0.4727233333030187
0.952216522030501,0.499921572012862
0.6448555202956481,0.4994019986743502
0.960016988729059,0.49757063950240543
0.8254351566716216,0.4651806806166996
0.8661670557462771,0.47468917686899126
0.9008114078761771,0.47652522532451724
0.8759916971714081,0.4690420163219424
0.9323873298831538,0.49552357838650335
0.47227147614498155,0.5141348348120015
0.8921391782518835,0.4979636343766759
0.9491597550829716,0.5105906582710701
0.8458283751251718,0.4794972379554427
0.6776699029785864,0.49976425109836764
0.5836132523054174,0.4993960714061374
0.6508951871201973,0.49644076553456445
0.8734436834681066,0.5173378357939826
0.9060704837144768,0.4767640697694865
0.9167396366362024,0.485648681697001
0.8524704292386118,0.5050217930730332
0.881871781584632,0.5084213039081685
0.8903926387090402,0.523329007170251
0.6599397720398708,0.4999135715147091
0.8818023256676357,0.47407852274574835
0.9397567672093995,0.5030355789792853
0.9451008636852067,0.47857449080641057
0.926897630353595,0.48209747411873116
0.8114985921345904,0.3993565486965011
0.9174938094921017,0.5178269410445565
0.7321788729825497,0.49954919124924957
0.8482398456140783,0.4611304552210141
0.47721280493873397,0.49942747313604396
0.9628991775342168,0.501706224435758
0.9365833374243753,0.5201104147503045
0.6021501369594895,0.5006890385522905
0.8558927051168896,0.43929046830893975
0.9421318114418997,0.4918340578823277
0.8312605212624042,0.46881007571052574
0.9457313539969541,0.4912847319230437
0.8719373180162493,0.477867796814106
0.8644832762634875,0.4680578717226522
0.8669049721761428,0.4728196418212574
0.657831314914119,0.49936725936431436
0.9318282120943358,0.5035089030389711
0.9172000258421071,0.5034065194004794
0.9285936674683832,0.5181935109428186
0.4740316687844279,0.5006140191538276
0.9183345753898231,0.4923422746788837
0.8438516956865024,0.38257363575199854
0.9516089204541027,0.5018032428330489
0.9428738595936028,0.4931683595234144
0.8134405051664345,0.5000532528260153
0.9120698636614808,0.4986368386859888
0.9132526510049562,0.5215593423309433
0.8710843158659614,0.47910161839893667
0.7943232065839935,0.5001425853488931
0.870550711396907,0.45612623156279114
0.6885061406320035,0.49998813287180477
0.842822069032112,0.4831192509996825
0.9913872312173364,0.5003083590820484
0.6940063065666867,0.49959264808297
0.7839790099745286,0.5052673279776152
0.721506309031638,0.5035832407075824
0.7949046636539969,0.2933162790933914
0.7306714252801658,0.2722404508153241
0.8483826263737692,0.4845940330349742
0.8590763793888394,0.4597112085261118
0.9380292469932978,0.4970285248363869
0.9288788297555273,0.5220701896863995
0.8312710549865124,0.4174297962423772
0.8719316156541833,0.4564246455521774
0.5064110006973195,0.4999795556824278
0.8742147818517538,0.4985857089701011
0.8920982251175884,0.48011408776682946
0.9136613169174777,0.4964959003746513
0.8766442732244724,0.5167632984924108
0.8419803732772498,0.5012539133236015
0.6837379497094469,0.4999036310567181
0.9059979774537021,0.4936782280243962
0.8978698384743187,0.49947070785228503
0.5016015862448469,0.498350646085149
0.6828679246792827,0.5002400829531615
0.8917626896392672,0.4760724039011788
0.9261573700087782,0.5054350329819938
0.7201489827445959,0.5122389695566977
0.8933209262271419,0.48036813094754155
0.8875624825812796,0.5063698855435975
0.9106008493402957,0.47798262168055594
0.8651078267832816,0.7425879903714261
0.8973147799588097,0.5123344325204738
0.6099020386836186,0.49995108758549683
0.910076261693413,0.49524395519568554
0.9320334644138702,0.4764033202038876
0.917012148810103,0.6291682565699803
0.8774775808993291,0.4995005276385143
0.928115682649163,0.5176090402695258
0.903868318539773,0.4782384720415115
0.7173205626274206,0.5058414767694073
0.7194320240846749,0.49451080312693185
0.824930868259748,0.40015366559205445
0.6181764603979413,0.348031064746856
0.9054096329765768,0.4879136247742488
0.9096471685818273,0.5186891640994289
0.9157129495306374,0.5223152408769685
0.7845300723023731,0.3281315859557541
0.48973627550721216,0.4999470893823103
0.9103092807959374,0.48609241216428695
0.8825745863426493,0.482710774323148
0.8576991754105304,0.4802668674750479
0.886143955959275,0.49965296875359955
0.9296406418615313,0.4912001343147713
0.8777966605219663,0.5132149760670462
0.8751403545628175,0.4370439158065204
0.8965944441133993,0.4938783523226491
0.577817467084687,0.49856179398111317
0.8752286195650397,0.4943675878016071
0.9376732802020524,0.5205856514232815
0.8800535847768942,0.47791570333050737
0.8359358843763979,0.704063169025432
0.9337487764605115,0.508577238948326
0.923775993948053,0.520021648648024
0.8472688407444919,0.4675091158129037
0.832190926700709,0.457174008133597
0.9391438837056862,0.5054663576098619
0.8421577985273581,0.5010276304832815
0.8976432957759639,0.513272962923344
0.8925259869427439,0.4999765164558641
0.893153577099445,0.4897932921941105
0.8770301495655347,0.4641054086464849
0.911970161032103,0.49929483382873946
0.92812205888174,0.5133271122025407
0.873817082749071,0.47987587257365977
0.5613639711758387,0.4997722963867545
0.8733616320067263,0.48363069121849106
0.8052326064265791,0.7610182357420701
0.8846961055640024,0.4785373395093985
0.49918090245001734,0.49979503633184486
0.887479322414501,0.5240064708085148
0.9379989996083072,0.5156533050973207
0.8582304582222039,0.4487230261874699
0.9112707980522046,0.48515403858602796
0.7099614625717109,0.5004338534365821
0.6753703274969076,0.50067054185886
0.9462297224633928,0.5139061159191813
0.9093480073081905,0.4919525637426982
0.9097929410645296,0.5102477099444337
0.9266235920830044,0.5054386898999526
0.8984737228776756,0.5196605036175688
0.9443198596829757,0.5051994164580493
0.8300237866730211,0.44168723517347047
0.9280544556231727,0.4814546887078364
0.8993136447381653,0.522792898683223
0.8791639898772401,0.4925925313294663
0.9392931366328838,0.5063826047097247
0.9378343863879268,0.518959018968921
0.6965757749579791,0.5011461406058858
0.8878283132488258,0.5075879194127848
0.9410010534123636,0.5099977228033444
0.8777835114647206,0.5084708222156127
0.8514629123675781,0.5055197305776686
0.8608906035232607,0.44542415967892396
0.9238744281772471,0.5218154463897294
0.9501840003503322,0.49639153974252936
0.7948916146570327,0.48668832674546486
0.8829343750703595,0.4916601573489861
0.5339180848615894,0.5041489374367326
0.9129702640754254,0.4840576871247744
0.8625284339998379,0.48649814249722745
0.9194176482744388,0.4845795905401712
0.9403083855702127,0.6823382826438527
0.9172951361919499,0.5204149777086835
0.9291391661650568,0.4984373730071541
0.6798737148402266,0.5040845261944232
0.8582044896150469,0.45235056492843345
0.8813662932311923,0.4840375779745022
0.8797358710703833,0.49083331932849794
0.8787217611554228,0.4837144944414715
0.6768534726641093,0.23414241986419015
0.9136855285445886,0.487358485749412
0.8980619523312587,0.512856168796485
0.9276106507798616,0.5190537488781627
0.772257211688398,0.4987080069274361
0.7595166134220982,0.4996296967817477
0.8997613413869081,0.5246357340450931
0.9484557163783746,0.517512429599151
0.9187436552817925,0.5238052667381216
0.7311740371563153,0.4724018971818275
0.8956419050530847,0.5246471884248921
0.9252571068635831,0.5069191263831643
0.8591406755044164,0.47105738596744484
0.8088697805708351,0.23434646583460433
0.7906857582525497,0.3381693327361389
0.9160593563201822,0.49277640186094723
0.86425675329563,0.4951504507411364
0.8760232886528361,0.4895787743210037
0.773280197227864,0.8429545538729724
0.8279011260622567,0.47588858765076586
0.8241182247408365,0.4995768015153086
0.9282417597958637,0.5179065671364094
0.939235665100076,0.5187858417338391
0.9092645809195324,0.4944558587834581
0.9284403684908804,0.4857472458187606
0.8910687703843999,0.46548286765567787
0.8871200296608601,0.47119935380242406
0.5378779799470597,0.4999675903715438
0.8536613296095599,0.4809404732343556
0.6647862437728235,0.4998865683114195
0.9076909134822038,0.5011441138482959
0.9362267141540482,0.5016219148735117
0.8989120291224788,0.47984709005292653
0.7587467133899959,0.2789535722699545
0.9073526565026546,0.494516501784838
0.9272568966263708,0.5240815902938467
0.8439170146737069,0.47850432760330674
0.8640252997232527,0.4918421998156212
0.8940756047599581,0.5002384419042593
0.8742640881719397,0.48701802707893993
0.927486455637841,0.5242813445005073
0.9134248509536498,0.5197568559088355
0.8562547950486945,0.46047715958640056
0.8625125616713731,0.48965684947069
0.8806966718618718,0.4999679830819194
0.9290401706283555,0.5122323893827201
0.8707761438482886,0.46355070026282796
0.7236536872363717,0.5008429545008134
0.46413796822754666,0.4994686746755173
0.9209495225281034,0.5067708170459035
0.7032876702573665,0.5036400416582439
0.9079392673931863,0.5030997893162177
0.8156377492035223,0.34830489699066924
0.9277403784727021,0.48520847672817313
0.49532631148802114,0.5000018130584052
0.8634840098764442,0.44217256285826123
0.8662544362314117,0.4799901657949528
0.8669724160857745,0.48967623888709183
0.8675245234138681,0.488675392295901
0.7088052336282286,0.26761804860309896
0.8551115365129855,0.444285570353596
0.8447747169011153,0.5000707187080194
0.9339553632896427,0.48801496534594707
0.6539593648202945,0.5014575216908149
0.9335322426043896,0.5086063294475555
0.9260224932374317,0.5090039136994183
0.7015380268722737,0.5007764767966763
0.941967496150285,0.5194980619544161
0.8506945016890282,0.47362476960524413
0.8922732010628021,0.475778341458968
0.8704257541286071,0.4861415670693814
0.9102556667442274,0.5253127934037484
0.6689723131500218,0.5006302862047449
0.8923652727181246,0.49321331950484254
0.8963088138774392,0.5228363029609429
0.799384664973197,0.2543830270351035
0.7530286650404137,0.498394474780291
0.9200814367682089,0.4788683199782583
0.7703697961937644,0.49966172553436927
0.8782542509848175,0.4883647852287345
0.520878866707019,0.5107948458518078
0.7252579042681004,0.5073474775474671
0.9471644270393245,0.5106638802522847
0.7197237618933936,0.4994166522566224
0.9316414228200367,0.48770885774654665
0.8728068251200287,0.4818139061627612
0.8957188630379426,0.4833527129483971
0.8492705795954898,0.48774611098421256
0.8580325496498951,0.4864696408325925
0.8812650968837813,0.5212464039275877
0.712595467802455,0.49996940735894385
0.8924993644258246,0.472261244891272
0.5229943126698123,0.4995436043339709
0.9477527458387116,0.5164088725811512
0.8804219327668201,0.4777206304424323
0.8604811464532924,0.5012880044412251
0.8456668230969628,0.4691985254884544
0.9118947881052333,0.4732927777992099
0.8341053886189154,0.46919579816424517
0.7351595109159739,0.4989239961136197
0.9097734327345668,0.47964522535044646
0.833055276343592,0.3277071160943236
0.9327094804309153,0.5174939802661439
0.8717886856374175,0.4223266338165168
0.8626702373118161,0.5101136064563999
0.8663034701632004,0.5053819195940229
0.9279674199536616,0.5019142384182802
0.8678421304695169,0.4707790874811642
0.8641229515707398,0.4466081647963749
0.8578389700359376,0.5134419334774825
0.8641448701442963,0.4923837715368168
0.8804189260776286,0.4658948962384471
0.9438668725332175,0.5064266744998387
0.9262762642130903,0.5072607416676574
0.8981840362418398,0.47668465452766384
0.9179498117529823,0.5370056847841695
0.699134468980237,0.49926782648398244
0.5870193105210155,0.498735040135838
0.7246699712313569,0.5008090478808558
0.9156367502963081,0.49367031143459733
0.8689775707836276,0.4933716124455768
0.8603934452996844,0.5155055477804751
0.8856001023638091,0.5173672684704178
0.873476604905199,0.49489624822430744
0.8810517352625703,0.4974819781380139
0.9520105452368304,0.49872794919526875
0.9361534404616696,0.5230075381928745
0.836982468460978,0.49203769907729555
0.934750215844264,0.4945557747708211
0.8725396627052684,0.4542606806064624
0.9295550653122427,0.5036457776222243
0.8751614633588909,0.4667247277615517
0.8847715903866639,0.4751325045339671
0.9195945635927572,0.4999266059258054
0.9070025331502345,0.49085317424165553
0.9189939707537158,0.5202051734722658
0.8851887447070701,0.8009994303975754
0.8458365954557521,0.5007772768408139
0.8541754899355677,0.5094231599247399
0.7232684062092167,0.5011142160977504
0.8847372908762511,0.4924876372364872
0.8433622814051427,0.4896007059868786
0.849573500592456,0.47879048002756774
0.8182508118039105,0.3162649615445322
0.929717526903857,0.4995949230589769
0.9016791857318639,0.5189189457324435
0.7975144226112725,0.4995033772964885
0.952091549931319,0.5008233477856334
0.8376261885175589,0.4406269323251989
0.7968664126566973,0.30066850441119264
0.8643679837250051,0.4743159754290648
0.8273498023735714,0.4020386557370478
0.9054836874994072,0.49381751703697613
0.9328557584194858,0.4994171158052072
0.8414831124684989,0.48672879900496624
0.5065043375528417,0.47540792062171155
0.8970634525819466,0.49838175866295026
0.934753579450463,0.5117045044383536
0.8612889063955762,0.4812473645282113
0.9418925851485911,0.48600212666188747
0.9379207755436649,0.510477624953726
0.8977767604173679,0.6535163415579254
0.9650134058406143,0.5010876119660554
0.8735285407267067,0.48918218874850083
0.8917348754987532,0.4996167905077535
0.922581706492116,0.5189919609290455
0.8603671765107854,0.477032611337059
0.8224440894331732,0.48072894489907747
0.9288981112921354,0.5162366992272828
0.8862513261871854,0.4772035543188123
0.8020176079155554,0.48073226745457065
0.770335044852523,0.7328985855407691
0.4787095495808134,0.46427222969837273
0.9077995009938302,0.4790369811365329
0.8620066734697822,0.4898087341800035
0.8987425308558885,0.4767754868493395
0.5781172412838216,0.49838251436820474
0.8563349091749652,0.4886770842487214
0.8451792310412688,0.5006063977571897
0.8811220651986893,0.49084938661960664
0.8623259733167317,0.4734942962144278
0.936446596133525,0.5225691919493783
0.8844125967349297,0.4863597922939629
0.5782447349850108,0.4985937959248255
0.9383888586353779,0.48610725304108643
0.8417317672746678,0.4489052440920491
0.934021283407672,0.4919904796871496
0.9389247208769891,0.5108142897035912
0.9239628380579387,0.5114629993554494
0.8562995502143962,0.42619324562984306
0.8370705901268667,0.42893312870773936
0.713270645594315,0.4992651105582419
0.8557008998457515,0.46847045732913895
0.9184362533370208,0.5217767906499775
0.8148803293718597,0.5021829194478485
0.8624984566762037,0.5215883514477974
0.8857211010791552,0.5132932622639015
0.8832447828127467,0.5017489390360729
0.9303977874723739,0.4959935396708904
0.48719004318794223,0.4982423709086997
0.8984669123746971,0.4996372630957222
0.779575245020438,0.5117094843968286
0.8714004132365611,0.4758934662798483
0.7596228925972968,0.2930844211258572
0.9280087021527554,0.515012418306427
0.50858817760231,0.4965898088361146
0.8943903048890989,0.4916602206402278
0.9008485543983766,0.51852215652385
0.9120836115993977,0.4834681516351692
0.8213328739306042,0.49947751101554905
0.5935045426618812,0.5006166558204953
0.8511291167603268,0.5049518168151333
0.9254897030126115,0.4975575691756727
0.7321200906463674,0.4998936133840983
0.9057398534828449,0.4874644156206147
0.863543730852804,0.47364925483879244
0.870427479271308,0.4817094818346773
0.9302287906228949,0.5130462567230134
0.9297043690342205,0.5175622893616502
0.8835073897640953,0.49494402285809946
0.8663319945995969,0.48275492758599026
0.9428746074542105,0.49231765705913955
0.928573063608438,0.5191231903163642
0.8694076503088918,0.5094688433168437
0.9210296843360632,0.49904251700837327
0.7971322314735068,0.49935198645321566
0.8970876508188882,0.4773292215505284
0.9461447188137204,0.5174631739911894
0.9059606848459972,0.4995879340354432
0.7521041961498809,0.24775403803110668
0.9353660202307973,0.5071905232597308
0.9260829153639634,0.5223989580367229
0.8466256138362048,0.4482587829029978
0.8970312778631805,0.5079734551820297
0.9181095114298367,0.5048032955048292
0.9136039846782741,0.5221589330294394
0.8462040698206588,0.47920897938516016
0.9213976862571027,0.48098334155719275
0.8717773973023865,0.48032789550470817
0.8375980635707505,0.4995299748556242
0.8907734283493431,0.4824502763353781
0.8678383217900014,0.4888034503422117
0.8876857736059087,0.4875499995545829
0.8716327908185957,0.482142107152917
0.8702367687108112,0.4768152666764371
0.7190375744200073,0.499787854992387
0.8765390123307975,0.4845649643797297
0.8606330247281837,0.515802344770026
0.8361874941712741,0.48294481251030336
0.6263813881818369,0.4992073793909587
0.9173176235189135,0.4807523348318912
0.9135007682914487,0.5193913450077186
0.6948561975700149,0.1359958955469585
0.9293066939854786,0.49570188059861864
0.9556321159096912,0.501959056974601
0.8368351436739465,0.49952350392781286
0.8960069376634295,0.49579380120322897
0.541361129474508,0.49928821611831514
0.9091305720458045,0.49340104698094484
0.8946217823776006,0.4915011994592443
0.8603993312856717,0.45569330868860414
0.8987517860802529,0.48159992951478797
0.9293950619278328,0.49180404698946906
0.7083811380370796,0.49988014058222957
0.8438006451455484,0.4784965034298801
0.5015674360491126,0.4984759895725276
0.8744824987217337,0.5011889372697288
0.8842484104883861,0.521316986683161
0.9207077079808068,0.48839540901012685
0.7656036700029711,0.5001909969232261
0.4734914650378414,0.49615780238267976
0.5943681192249529,0.49727119669490216
0.9309704514956508,0.4937173041416015
0.9263380169589628,0.5178715059048244
0.8386043138115862,0.5013555601820091
0.7649594776217299,0.4994959217482467
0.5625521760248098,0.5000231674925377
0.8464023371920226,0.46946074693567186
0.928980040793704,0.49082090940010364
0.8317525467658382,0.45490606778148124
0.9040100490098122,0.48592493378342755
0.9112674717721951,0.491521026369892
0.924999241451328,0.5205316655687262
0.8521342598466305,0.4897628991731908
0.8184426767438886,0.4014259912114404
0.9325682456057516,0.50583237081538
0.9182708490068487,0.46813991170068775
0.8495796812065712,0.5007781974094104
0.8471981810747783,0.47314392346928374
0.872314555445699,0.5002608419513365
0.5294245003763777,0.4952210849671609
0.9032972689213898,0.48704542728422456
0.5489341366215318,0.4980353480902085
0.9424933022162753,0.5075581715344004
0.8895134774922144,0.506606243627037
0.9317547302941735,0.4866559379669377
0.8654634048242154,0.4696052016253494
0.5545539159103998,0.5016948939817322
0.5643415437647016,0.5006845118404983
0.7615831019137513,0.5018575816236313
0.9278426122699737,0.4871635269940572
0.4690454027521172,0.499821400184244
0.8586824327007686,0.40351476861368984
0.9428534277785687,0.4812243197737125
0.873326222744449,0.48376206217861345
0.8490427120270281,0.48390404711405866
0.9285439437298364,0.5550525284533242
0.8314989348604869,0.48897164581607616
0.8119022035159186,0.5004809917202652
0.9233674206177739,0.4927224497969314
0.588100230887698,0.500151318074444
0.9197073399736333,0.5032717630089312
0.9178157922142527,0.5169773386283074
0.9328322703918095,0.5066554244015787
0.9255535348897783,0.48444478997924595
0.9296394084044469,0.5007156372003442
0.9424398283715467,0.48877838898406556
0.9540133076938304,0.4956750486360119
0.8703426807640798,0.4644584563667939
0.9317341082428134,0.48578468674786635
0.9295398653603577,0.4881172382760388
0.8798352175438324,0.5131199618893599
0.9192140256281842,0.5003957178771883
0.9226983773427291,0.5709306660904734
0.8454261567893986,0.47282642377403955
0.7198724716620475,0.263285316881983
0.8780192832798148,0.493926978389257
0.8640857057532912,0.48086463994752615
0.9285671076089466,0.5162640063850519
0.7333726494214126,0.5000441479838854
0.8520806414650248,0.4824422138732388
0.9188174410825005,0.4913124846115724
0.9035904771317769,0.512936670843648
0.505220453710832,0.4985962054956247
0.9313132941331753,0.5174407581334766
0.9029298448293746,0.5034314955006653
0.9266440651256781,0.5199068003949209
0.8793952075207327,0.5060970038791432
0.9336488192110911,0.5009804244665345
0.7115492744427946,0.49977905072500306
0.9206298208276903,0.4995376478715407
0.9288745305995005,0.5024249161239823
0.9183890631270292,0.49063537245240757
0.9091193948509885,0.486595671654659
0.4729864863862023,0.49898122996801486
0.9453073282269862,0.5005598856135433
0.8689038093498928,0.4598907238325635
0.9068723414471991,0.5227396130298011
0.9286455877259756,0.49307773136906247
0.5234681689697416,0.5030442443265375
0.9091099377041203,0.5153962868173317
0.9314349953337198,0.4985974868142383
0.8965873279703369,0.5016249407420067
0.7362640583792639,0.8518103702723564
0.9265966895999965,0.5117157184345916
0.9111316589720768,0.48666091349742313
0.9363699000741985,0.512726603104866
0.8822721928189858,0.4906546436061617
0.8692321360519436,0.48256886505490504
0.8715139296103059,0.5133393034845214
0.8140467469053008,0.35857396734970215
0.8765672375186344,0.4862449638291244
0.8303424301515048,0.4102880422459021
0.9409856519103559,0.507285910748153
0.9132487008884149,0.4940330948421007
0.9134335641529634,0.5217638367883455
0.9488733275638412,0.5078170797266458
0.877596546854349,0.4938572895238551
0.8709841388068474,0.48341678964033724
0.7280116446244635,0.500568888660196
0.8285757816271948,0.5006927875807603
0.914367267657826,0.5172917741162062
0.8646918999475224,0.5097302397264885
0.8568096568301439,0.3945205136156181
0.8748819717788683,0.4746108605547523
0.5857022312826758,0.5002193895897642
0.9435455174977438,0.5190970905041576
0.7448847420065248,0.32644160151986906
0.8829837535707099,0.47127853150516963
0.8483690225631598,0.37296669751033396
0.9421162002240667,0.4988901228562208
0.8937434845083679,0.499569602172006
0.6761387746110813,0.5008854066632471
0.9318445848293457,0.4869588259061759
0.8352888809791094,0.40489601902580624
0.8448086660974521,0.4488071362635951
0.8853748441792133,0.4744824541982045
0.8782564002001156,0.5049980319561019
0.88388526524691,0.4700749157176616
0.8688555813492433,0.47242469125462466
0.8440719226779796,0.4678514034981891
0.859444547379524,0.500269489584954
0.8563586280870088,0.4792289829137073
0.8467543250991771,0.4749818172126191
0.868045211873478,0.47947687978944714
0.8328607741322238,0.4868966871707705
0.8307760752831829,0.48310196464226374
0.9289620235164203,0.5192238760658582
0.96184902604561,0.4953727888819335
0.9443286428264427,0.5053939723771605
0.9287604007771808,0.4959438748326536
0.9349093125747012,0.5056875103069673
0.8646837356350465,0.4701511651366888
0.9269281718973332,0.5048198815058875
0.8605334968883804,0.46235097988144797
0.8791189375642883,0.47828990837952057
0.7794013532742229,0.4996064802321509
0.8398874998856436,0.44196418554485706
0.6472771297526969,0.49690439417454674
0.8961807053187221,0.5060079437637669
0.913920268444449,0.4745273447287668
0.896953367547769,0.4766141126134594
0.8806584083914009,0.4727798439310179
0.949994992361642,0.4807252696765142
0.8535956099938693,0.4209953376779136
0.9284710917188793,0.5141673054712201
0.9404647691031169,0.5015944758246291
0.6219724159771431,0.49780289802289823
0.9295252367875207,0.5098344393189149
0.9035862208202472,0.4804408694276919
0.8305821793405447,0.4681264528632011
0.8336835771945248,0.4748745855581703
0.6645934793137089,0.5001451412996355
0.9317642167155458,0.4947784290015125
0.9023911488889671,0.4854560933667437
0.9583552026749904,0.4934972343083012
0.9189233496444148,0.4910259044608227
0.540134620476964,0.4999015378430478
0.9142046789658886,0.5141807946890589
0.9319794791889018,0.5104702069086139
0.8490221444363665,0.46146099930513235
0.8558425788365087,0.42344851192856603
0.4894307399703494,0.4897259988485237
0.9040844424561958,0.47666258296492203
0.9643107294812461,0.5002988807370642
0.5846157237763379,0.5025094748283315
0.9210160009540571,0.5232492555321959
0.9210724171779447,0.4862136747422723
0.9317814003192436,0.5019942130199528
0.8038917742475078,0.4112346049059673
0.8672115503049523,0.516231553230189
0.8967104827116651,0.4945337781068977
0.9542198823114117,0.48233648673193563
0.8910383886941498,0.5237521068041084
0.8395002513188523,0.4802125421723626
0.917368150715435,0.500833413200255
0.9346453560205124,0.5078135943776583
0.892904438836244,0.49282297715561907
0.8490501483429848,0.4676992905294586
0.9357194167765841,0.5118798943914307
0.7996953793228715,0.2750769814308358
0.9022182961259502,0.5005776625925883
0.945265699662565,0.49900116677367135
0.9555691368940071,0.4940534707114197
0.9421490960317567,0.48320481217217354
0.6015574991724204,0.4995275813798423
0.8838981464569831,0.4726756702177037
0.8790483003302412,0.46954147804025376
0.9121081141992232,0.5238685115621576
0.8679038477264059,0.49911688805295085
0.8652711610274052,0.5074929508451332
0.9497341369497401,0.5004284271807412
0.9373023746791234,0.5766314210624329
0.716492596344266,0.4997909137054708
0.8789946485292983,0.47849413513576855
0.8623157470352643,0.5032797075015345
0.9283616550623413,0.48354250073893085
0.9291247542249003,0.4992405034740866
0.6301562117484868,0.5004099293941269
0.8892612368280406,0.5246407228106433
0.8715356849001482,0.47058322470273845
0.6549598991979009,0.49802399079106213
0.8908883923216476,0.5123363575296881
0.7555967106476226,0.2853604475354951
0.9187513812626704,0.5245230789267122
0.9462247836821805,0.5175070665311476
0.940828409800242,0.5014883780703674
0.8535961890104226,0.4136555397187706
0.5088766203624168,0.4987405675825996
0.7569063002384638,0.49923315000716767
0.9253256589937551,0.47910940312746997
0.8490669710737997,0.4786329979337851
0.8744486442401262,0.48972049603233503
0.9116737124218295,0.5161114592848071
0.8450254132153456,0.4810787906882238
0.920145346741253,0.4992992729794794
0.938295508569877,0.5119717387418308
0.9217839633302103,0.5004820137379631
0.9232965548266135,0.5240902772829222
0.9234987576230168,0.4994926051205584
0.8480955667408914,0.4697804153346891
0.5876090000006727,0.5003890292016089
0.7624990029917676,0.5007710230233908
0.852428369330938,0.503313658167019
0.9056492033838757,0.49441801595291635
0.8289997268448845,0.4056511221180845
0.8762365866487094,0.465232388322587
0.5877667129008667,0.4994132866446226
0.9239266674698468,0.4880360644672717
0.894853987056716,0.47840173464453356
0.8964282380176729,0.4780368456454792
0.9068214595752708,0.5107747719578657
0.8735155742813052,0.5080744463165253
0.668027096345018,0.49914684412778815
0.5752371351200213,0.49946685368219484
0.7600330847245046,0.5005253230048754
0.8503447819156366,0.49947981069098296
0.9163238414594878,0.48879875074465057
0.937440606154631,0.48516638949971197
0.5402759687200354,0.5036648178674333
0.8870553794842206,0.5049153889386151
0.7274248474925081,0.5000831024889888
0.8412621524184705,0.4219591820651191
0.8715501469959328,0.514928244061815
0.682844509762841,0.5000454973560358
0.9614270693307786,0.4968698849170603
0.8937731125000379,0.32972729974960335
0.8496481138092962,0.47438161448771615
0.8895277512277331,0.5137957644237943
0.9312207277369369,0.5154917476006525
0.9313354413463977,0.49260638181880884
0.9280948499417093,0.49358666875508855
0.7977365487928368,0.5007971043012006
0.9143859447751596,0.4755943480948349
0.8361397237393176,0.4478474060823703
0.7936193129157828,0.5657289085922603
0.6906579643272339,0.49997007864309273
0.4931814828123096,0.5006256624999945
0.8727991624591733,0.49437756064274196
0.8917876515896723,0.47458223521598536
0.9286509439061785,0.5344484309368729
0.8474603870349111,0.4999889317486989
0.8708766985057533,0.48695179223635915
0.824698437538276,0.5001364610781851
0.4740266456984816,0.500505038603204
0.962719368108,0.4972594865350772
0.827393309050497,0.3238604505524294
0.6263894501028946,0.49929760690298625
0.8831317926996842,0.4814205894441568
0.7518254865960184,0.4532873336623355
0.7989921908783542,0.4983111137389687
0.9080342321011434,0.49222873235716963
0.9277007103417079,0.4850880878213337
0.8237813616508685,0.33048837802139014
0.8804806869287269,0.47928559470662696
0.7561193913399543,0.49633813863363563
0.858536806356355,0.47505409439607366
0.8436947784226434,0.4779434781948061
0.8271367606339535,0.48831161356404384
0.8952975554602987,0.49207942090513496
0.9315660784144348,0.4948778915567798
0.8320068838879433,0.4992509468796354
0.7533625956845601,0.500364267011005
0.9084662907931806,0.5179107934053826
0.9041648996238971,0.5164172822024752
0.89372755258589,0.5150537105771551
0.6639784765405257,0.4999699798207805
0.8217974666089634,0.42041493077610465
0.8373103081183739,0.45676955783612894
0.9458124913949137,0.487713909847022
0.8915950111274482,0.500085998742832
0.9277546897664066,0.5173239367185973
0.8650038219065637,0.516997044335435
0.8281730350847991,0.4997358061913929
0.8947449283914664,0.4771270753426532
0.8612095073998232,0.497007728890687
0.931446700182562,0.4982595511307488
0.8859359025515998,0.5142110239206461
0.7523094605617135,0.5005719317525797
0.480406015279473,0.4997895773217298
0.9492711309710955,0.47432477218069646
0.8296123697221579,0.4872262739254142
0.7988596492316903,0.38043853302455605
0.8376378832982554,0.48320368967235255
0.9721186720737904,0.4920444701349775
0.6651018561780445,0.5009790689421019
0.8450977627893654,0.4647303569522232
0.8740777871602603,0.4677354434378592
0.893911507907131,0.5000473985623521
0.9402826354083771,0.3878434516898336
0.9119953421466298,0.47703008882325715
0.8329371495227321,0.41766101395787497
0.8949373924752282,0.49241463780085126
0.9057786620808508,0.522587809778606
0.5338515070338262,0.5009925063583772
0.934395032600956,0.5044207056858102
0.8362549874943077,0.4973761176111319
0.9122077524959143,0.49654457781559075
0.8741847858706058,0.4766342426255349
0.8795022993345432,0.47523499369011923
0.8631652110164276,0.5147906299355824
0.6017075308108332,0.4999456341232946
0.8637112252417625,0.5031396908986319
0.8978875648376816,0.5195473169671274
0.9202575267757016,0.4820411142475071
0.9203715631791136,0.5207330389644892
0.8675457764287928,0.46652979702924124
0.9120582842673751,0.5213936040605566
0.7518403792845045,0.49897942283634056
0.8774638396097287,0.5042495930741464
0.5085063922699682,0.49950782281316336
0.8789502065937556,0.48137124025713923
0.8868638915326731,0.5041789570542992
0.8680240729236907,0.5000703291690666
0.9264216515213661,0.524372421547894
0.9285325008238239,0.5103698449489635
0.7059037332412662,0.5000010808866612
0.8459257556540865,0.48784652919574256
0.9132307505379829,0.49576747495470314
0.9330200020939259,0.501564263826239
0.9428442633966312,0.4964205589022846
0.9377849356077945,0.5064183673516717
0.7883260538745595,0.5003351365567993
0.8968245491551132,0.5138810832002643
0.9056799788980087,0.483878437772338
0.9125908293868401,0.5230919199762373
0.911318739922629,0.5214552210641006
0.9275167977782444,0.519795868614529
0.925694900453518,0.5006174442614257
0.9049148797467819,0.5170566919340764
0.9514052963754779,0.5131067379443217
0.9297146438719294,0.5240247039282346
0.8879023039074674,0.5080286931874952
0.9345762713019768,0.5115497374835932
0.9234928885115026,0.5208451192686667
0.8621659334370441,0.47042066675995364
0.846897061708147,0.5015417595986565
0.9143304453706085,0.4893503138851084
0.6688327079376241,0.49935256954328594
0.9278800333016646,0.509582436489074
0.9184570488614282,0.4805971940963412
0.9294228342881021,0.4831915466338927
0.9374709875372459,0.5130983476335031
0.8971793056648117,0.5002231599200697
0.8919130199038399,0.5096544950005306
0.9093947413271625,0.5155858418502837
0.5530430039676716,0.4996201365580419
0.46193890929429793,0.4999578834467512
0.8949615118104366,0.5224584846968058
0.9329774120023098,0.48379160062560667
0.9419982000036585,0.47984284963589485
0.8234670680347076,0.4977411908485625
0.8738886515704141,0.4360452103865564
0.9285982058626223,0.48357797356911164
0.8418911411378006,0.49397821758058674
0.9073225338767135,0.5117188211239089
0.9304146813436434,0.47699972687233605
0.6853678810379648,0.4997242338736866
0.927697911964163,0.5238015782033314
0.9015692654919869,0.5081431276831182
0.8458618987868536,0.5004784882039836
0.7311428510055558,0.2412301726917936
0.5002849366455837,0.4972348196975993
0.5203291563713198,0.49914788428445045
0.754010878273206,0.499997050668751
0.9311659347697631,0.5116572175083897
0.9009536468892412,0.5114368118177733
0.8690202535202769,0.47949178450317737
0.5269153510619989,0.5000574273848347
0.8856030734315039,0.5120770828908027
0.9369595714634205,0.5095157880478168
0.8370869423671858,0.4920578690038812
0.9331213997589227,0.522597845607589
0.8754812297654003,0.4789223198770607
0.525949420252639,0.4998312211508756
0.8627224614391358,0.4861753639171911
0.7534219606688832,0.5011499184295581
0.616189650335059,0.49956001719098736
0.9105775126745568,0.4872209322374892
0.9210834966716299,0.4866485505300728
0.934546123833949,0.5127414325241263
0.911634948923696,0.515662165893447
0.9063037393381195,0.5217687978634182
0.8658538371638647,0.4982699648872338
0.839678727605198,0.46842660000255354
0.9311530932766231,0.4995640205667464
0.9152055847574613,0.47402341241299906
0.9306296725883372,0.4837909415054831
0.8123245051393229,0.4119364853361825
0.7066325702960463,0.5002883951891877
0.9074283926398358,0.5229197645917837
0.6241272442065262,0.5003461628891803
0.8997434990798348,0.5102819976538704
0.49468401112102744,0.5003088081763746
0.9375992713522208,0.5042883985560902
0.7381543291621775,0.49870408238813363
0.8797344823956059,0.5069418773079489
0.9762449794859835,0.5019890148940963
0.8274473555974805,0.4622932663936703
0.86925567400767,0.5052636964005
0.8632792700442475,0.5010690838695695
0.9149158695153797,0.4977447802654729
0.6299683384964598,0.49955589091813013
0.8628174230727973,0.5151149960355764
0.8924102967089758,0.5147778791751126
0.5492279982810642,0.49865218159104147
0.6901054665532111,0.49977568002881456
0.9441117208365127,0.5161261748997684
0.892029321558637,0.5096511669894364
0.947409565156508,0.5076277244215406
0.8613515494090821,0.4590214336449559
0.9367006640153794,0.5173498898471534
0.8627159167495335,0.4932674148145624
0.8768905452620628,0.4628103081589654
0.9229534448671831,0.4869265842838046
0.6867995572095579,0.4999106526745261
0.6658907891613473,0.49917861359950955
0.5606560257077515,0.49893146201660477
0.9002715833314026,0.5095867807865467
0.5831894082471795,0.13218402182093103
0.9079588642188234,0.47878194065287766
0.9312473599347914,0.5164218406591093
0.7541140788181392,0.49928981578274273
0.925127318248009,0.508981762505614
0.9073107476411452,0.4772698977224695
0.8796453099172359,0.49393206122485617
0.8747488023886854,0.4822184228153984
0.9183702243364487,0.5144627362445099
0.6435710924529163,0.49841616164793007
0.8642919862804064,0.5144082332991076
0.7701693466779678,0.49971083456967386
0.8935278269191584,0.49910951876548837
0.8857753787181732,0.49905551046382146
0.5553088902348089,0.4995671973779037
0.9368584432294728,0.48533629276104917
0.9255937726323279,0.514349734742779
0.9206137079358573,0.515015357981119
0.773957713976785,0.5036623439084388
0.8912991022335877,0.5245846046050596
0.8999306980907473,0.47278818797595434
0.9365474199218022,0.5176664309940695
0.8809250314371345,0.497362130567249
0.8685436432215556,0.49946919502306264
0.8526811621564439,0.48588748441386675
0.7533608858038514,0.5006712604264879
0.8857538209770298,0.47306409429836915
0.7273572795917873,0.4983600149026863
0.7036643792196144,0.49928905139901564
0.818779122221813,0.27868007448738175
0.8741960192132958,0.522273096308781
0.8930194526190169,0.5239657345868486
0.5981909616260166,0.5005506063490573
0.9069551219330827,0.4754675897289864
0.8635171960499266,0.49452976140820154
0.7093407820609845,0.2019706688475098
0.8473625955862076,0.4794502681235626
0.9240144243767286,0.5141002520014297
0.8614546345876652,0.5077549250399248
0.9289675228831396,0.5013708210284906
0.8647007364381177,0.4869196031420846
0.6873494551390515,0.4992140505865733
0.920556482081119,0.4940454843405823
0.8535863223054876,0.47587036779112235
0.9240413748869858,0.5202190241293561
0.8812695577050431,0.49951343101524004
0.8214974702646336,0.49973738666472534
0.7992071430907861,0.5009864419082862
0.948408422016034,0.4824857634481697
0.6973000172588344,0.4993058388288075
0.8528058511379193,0.48986047615588796
0.9282595581386754,0.5099921055647455
0.6905236259918323,0.8821846412489773
0.637288599966952,0.4992119676202428
0.8394994177467452,0.46669310496467786
0.5298228875825062,0.4997067700427872
0.6872367439245941,0.22290165774066262
0.8846473751120276,0.47483047295182784
0.8414874188153167,0.47445980800203513
0.9143042176296601,0.5229737116056783
0.9191158180984224,0.5305233843556515
0.8868099011961678,0.4771775210376442
0.8052305445658248,0.48829620245512106
0.9471047288927027,0.5136725432506412
0.8196287858525493,0.33322040533820285
0.823176700487475,0.5005459082218491
0.9246731261216341,0.5093958732674417
0.8995927390476313,0.5199416010359494
0.4624174099412546,0.500189421301256
0.4971928702679642,0.49966768744392015
0.8745384927057245,0.47478131361446446
0.9358493974654275,0.48132505137548764
0.6658214509408409,0.499173551022654
0.8124404582090278,0.4070723296484919
0.8834374034730303,0.47991627003335935
0.9249516861577292,0.47630132922782215
0.8092450450389302,0.25198931355089804
0.8917523924267281,0.4967397790398084
0.8916069319954946,0.4790297442956561
0.8668513557334936,0.4998315169305414
0.9193909890468808,0.517710309032104
0.945341713114261,0.48085547968808046
0.7799739188665846,0.3061275164073395
0.8141355893877876,0.5000596244217765
0.6156272510189938,0.49962866914408094
0.868587904656326,0.4832294709003785
0.49512220418357505,0.5000995997704899
0.8501778098820241,0.4765429420472949
0.793021160284624,0.5012150214066671
0.8565635414161987,0.47059748248374567
0.8590156860910017,0.5001052563581385
0.8633188426729772,0.4911048237722695
0.8610547689344039,0.4994318853069074
0.8346504988736605,0.44359532990112416
0.9255890931274429,0.5155922562899249
0.5112743959317813,0.49605424413607324
0.8490790344358103,0.4141890394166284
0.852903140903509,0.4736342321798464
0.9368010358770825,0.5012834054088042
0.8894259378271006,0.49106523909145783
0.8537681744804114,0.4998753875172633
0.9119152315719039,0.5793574185416297
0.7831706594357437,0.49779636916453673
0.8836244199672657,0.490805198997654
0.8514730200894769,0.4716520887951802
0.8904228535988414,0.505925577350925
0.896939164345335,0.4729487581357339
0.7106217780085093,0.5011616769506373
0.6405938184345823,0.2033630922586806
0.9231469257937049,0.5214361173209284
0.8140659663692904,0.4999897003311921
0.669803035746715,0.49968770500627624
0.8675205108850594,0.47417489756570064
0.8590536927178138,0.4085832782331543
0.940903953396623,0.49988355994584005
0.5750479935788119,0.499513598014269
0.8276570996347254,0.49858409106709883
0.8782603020717823,0.48944014732404295
0.5389592234076893,0.4992274556180459
0.8505352226629989,0.4872996308481025
0.9087832441676182,0.5227004031315065
0.8469394755907862,0.49522383088004
0.8453699598244635,0.4995874830586474
0.8482759414803196,0.49976009171902475
0.8836613845743717,0.5009997174352155
0.9407228760123463,0.5044128904728513
0.8401202818713569,0.45541430928766746
0.8473310573418973,0.49790281655891816
0.5375263896275395,0.498416673638608
0.8862045494129079,0.4763690892040914
0.8840007533742307,0.4737862709690765
0.9015985960715586,0.4877300912134412
0.8313554280224754,0.44114965925238775
0.6130394803583191,0.497452482444317
0.7247280291274649,0.4913131357988993
0.9354052204086774,0.4977239926653259
0.8512666208752881,0.4957693138966492
0.9008589890317353,0.5026575906146552
0.9276946793973111,0.5045639665690085
0.856738711224154,0.5137321284040551
0.9413663529967897,0.4787611040424219
0.9635166685900589,0.5069457110164598
0.8558103327779252,0.47548166979457085
0.8527517861054554,0.5047690950766155
0.9466304269023259,0.5166840375153702
0.9288805536535767,0.4871507219580902
0.9203151992136944,0.5054706897357456
0.9416299512820205,0.5005965005334737
0.927134455049812,0.4830669176318163
0.9018426733430562,0.5231975774112942
0.9309751373717637,0.5093121728164572
0.92057381032871,0.5187692572869965
0.8800988474916165,0.23450117790874137
0.8856695756605819,0.521832039544693
0.8756952374132206,0.46547375100986743
0.8806345143075779,0.49021290630529996
0.7250725824411834,0.5005424466342917
0.8503490825659334,0.4582797510527742
0.947050717073171,0.48198892721784503
0.9179030828472012,0.4837264108477679
0.881531771881523,0.49394712448895356
0.8616489894898651,0.4993372110909318
0.7791324689694052,0.5010346721772841
0.849315894276649,0.49965933375562466
0.6441240670313657,0.49945737220009
0.9400349735212261,0.517224142336835
0.8623163288299964,0.5033479581241721
0.8511608784113653,0.4483807461425479
0.8316329706505003,0.5007797265813014
0.7796568411327089,0.3483236949847066
0.9161208677076569,0.48452870736095954
0.8965903482255708,0.5118365371051015
0.9261911305896731,0.5126760436641323
0.83893984007387,0.4974603269406753
0.9394070802378158,0.5072900707712429
0.8942466164571141,0.5120828604165979
0.6017241526205133,0.4999170840792745
0.9305105174975672,0.4947939044281954
0.8792250579247562,0.4757598588334784
0.6350619796500543,0.5007372464810892
0.5945937549159486,0.5006175201327392
0.90757018825143,0.6270963136391089
0.5377005303309296,0.5105285400565869
0.8261287021846533,0.4400113130080188
0.8372340116313752,0.5007242780223433
0.8962240819240972,0.49196416795101544
0.9007136149786875,0.5051492675630229
0.8769278265655087,0.47482436641780074
0.9020320381292556,0.526415613113738
0.861599697301058,0.49786167095564143
0.873491613907752,0.4768018958939283
0.8683513758310446,0.4964702662129164
0.8588874654766179,0.4822809498433671
0.9083175320140549,0.48333051025717794
0.9275286689919776,0.49504401356849714
0.8645843808303044,0.4781804725898672
0.6252743639791359,0.5008269743240367
0.6671032117558668,0.49410869415411734
0.9293907090182929,0.49357808451846874
0.9281948398360986,0.49960892828338194
0.46822829108775876,0.5009266242562028
0.8626978006152732,0.49860157699806207
0.8999792571751685,0.47502098159606637
0.9029923491699086,0.4793065638475788
0.6497864503414057,0.7464296144234426
0.7926975955228883,0.2666080471666689
0.9160040061317745,0.4923207661004597
0.8683473324522444,0.475804143630375
0.8866061572760146,0.49926228352602975
0.9161776934144603,0.48524061708522126
0.5124331578520065,0.4998173603957433
0.9321940263044834,0.49565308192930174
0.9065137523806619,0.41070307036902987
0.8694057642225993,0.5018938273729491
0.9499402362533378,0.48085849830423505
0.8927840787561203,0.4995518668566458
0.9686153610360981,0.6202893388194319
0.8912618257404338,0.49556142987609586
0.850811010820127,0.38052690186921606
0.8721920718643008,0.4947013955781738
0.9189348363760192,0.48094132375189547
0.9024918372812153,0.51742069298491
0.9408876374360511,0.500675377353555
0.9069123599166035,0.5198511027216507
0.820254311682391,0.4929300583927726
0.8936280757736957,0.5152122326270422
0.8451260548222758,0.4665127094755249
0.8869308131652627,0.5243873605154847
0.9474510930332476,0.48815171829126036
0.8839034524868352,0.47683083216213973
0.8864600922497473,0.49550459145563447
0.8847099567367274,0.39298232989799065
0.6752211164423164,0.4994311142941745
0.8225798811577981,0.4581866756057248
0.8565638614711227,0.49259349181226125
0.8548268659870971,0.4244775505198948
0.8504008745124553,0.499934639867591
0.9259685685410788,0.5005918437018674
0.544776995752078,0.49953305985098245
0.8689723436183023,0.47496643336478755
0.8398897684626787,0.4858241310073197
0.9175850967241397,0.5007860715221663
0.8966660085785252,0.46802914569723036
0.7910856490794057,0.28302038261182894
0.468703468610766,0.49970163319314803
0.8565808708622442,0.42360858095845055
0.8792904985004051,0.4406131590226815
0.8631430036995991,0.42867402389934206
0.6999030572526104,0.4997737764628175
0.8306831942675967,0.485105498977548
0.935487357794484,0.49649792866057924
0.9032689253566801,0.583442206560776
0.4771624268070711,0.5000767734150128
0.9275304124272593,0.4819886719387252
0.8312355527807561,0.46446655601045544
0.8796821089417465,0.4727327694061993
0.8753013823448961,0.46119010662209964
0.8371795539283524,0.4883976748844442
0.9196783889091005,0.5251275591822021
0.9273334961817088,0.5172226415514882
0.8621937580961028,0.46378609420255806
0.8455516517357538,0.47901856155538125
0.826756606205432,0.4443427731898388
0.7077385794281598,0.5018058642655967
0.9034557198324586,0.5251827585246398
0.6551793281272955,0.4998686846542914
0.8780756294618954,0.5003262133420272
0.9234528015627725,0.5084249717247038
0.930902333714015,0.4820193290911711
0.8938518995316388,0.5229955254074636
0.6473909299739399,0.4890094658292847
0.7453107211226129,0.4998379103308583
0.8655163162564605,0.4750579952266724
0.8982105619456187,0.47114617858984265
0.47737386052254266,0.4991009910876891
0.9515867707897536,0.5173134594673986
0.8982897115162981,0.4877177517514621
0.9175768735987864,0.47860938881015214
0.9588568214860822,0.49512162719576225
0.8635533297590483,0.4760997227136088
0.8613108649712338,0.48150604979349504
0.604526038872551,0.49837085503348016
0.8798881257092594,0.46122131074459016
0.8954032157041436,0.5006531189330299
0.8763218756078951,0.486986802466971
0.6465640997598943,0.5026373818227029
0.8574212451778738,0.47009206606630005
0.8483348712997876,0.47734796066237506
0.8537124633760679,0.4971254406177353
0.9092149635638993,0.5934249672649651
0.8619393171088943,0.47211547518440466
0.9543740054411711,0.48500556645002624
0.9370681596429489,0.5046264747803662
0.8653784038166235,0.5060372127231824
0.8755599709800788,0.49976005920721894
0.7808016194633158,0.501513863690968
0.9345247012427895,0.5001123257148137
0.8244635455444469,0.46582929900341735
0.882139378647169,0.48404348607600284
0.916690103883323,0.5177815958748679
0.9330782979560759,0.5072548781375831
0.7385695008796667,0.5000991259860716
0.8542091678843837,0.45043166975800225
0.8462344001650197,0.46953495248798044
0.9287337047460056,0.5129351233725239
0.5681811445846371,0.49985106147158875
0.8688965773867474,0.4976488967729127
0.8594740024004843,0.4766576139801548
0.888283937568177,0.5085735686780486
0.846373337979091,0.4514588232255764
0.8548334915813343,0.49517917196867656
0.8895443390956221,0.4858526926166601
0.6249423755928167,0.5006239133747282
0.9283300548817331,0.500365280353132
0.8493335065292622,0.4787834739077784
0.9285224061713189,0.5045484752534273
0.5608468153080514,0.5006195261217956
0.9428150411572859,0.49461136530833205
0.9479639938778472,0.4952689206184708
0.8154596262187849,0.41117464310721186
0.7756231695549147,0.29939217079563446
0.8273027880850219,0.4854646942064049
0.8516163256224817,0.5128198133345018
0.864847061205952,0.46454997809150456
0.9366817809891435,0.5023379881545849
0.7988268343746832,0.3138100662415969
0.9296026649151141,0.4854001802179387
0.8575674431724455,0.39641395294646303
0.8844978823722582,0.5150087848743153
0.8501826981603067,0.3880567952067113
0.9410851104115753,0.4780327275612018
0.9145719847695887,0.487757927742945
0.9134024198874755,0.49585367102327715
0.8767236120737386,0.42156103185405275
0.7636315366289159,0.4997145936723352
0.8795915568979713,0.5066330077493535
0.5987646881626101,0.5008329808082629
0.9333067982164022,0.48432288566935133
0.9361694773516474,0.5083540412872072
0.8313106051364496,0.4823866424775532
0.8838948801286587,0.4779584854682141
0.6872423279533462,0.4964066081189414
0.6514200533141418,0.4993894438373801
0.7342339326697163,0.2619265124125434
0.9042261545413215,0.5044260237478271
0.8874903864982722,0.5217585385566713
0.8788886456070273,0.6011644613365765
0.9005456041676041,0.4949354445645352
0.850717068198834,0.3802773437599008
0.6917712453982442,0.4985108255730246
0.869051143229378,0.4643020449173453
0.8278174988763791,0.5000663994544174
0.9299726062269131,0.4980605660670339
0.7198528746198689,0.29914642949524384
0.8672556487311598,0.5117318496638553
0.6623730681931306,0.49865878084425175
0.948925087514829,0.6061652476152588
0.8577864457161608,0.4750928243414775
0.8200023360254016,0.4951146455938167
0.8626276995835778,0.42833094729210636
0.929750573503771,0.5146274137223714
0.8594180651342854,0.41019292334450774
0.9028352347259332,0.5067378972094717
0.8728719859116624,0.5143746311847063
0.8865377745966879,0.5151813965022468
0.9337098267275488,0.4982396726314537
0.8953341029325752,0.4777723281845366
0.8988126682226477,0.4756135229395648
0.8319453880922747,0.48033045003356156
0.750716735505262,0.49946667457985433
0.9335283140279036,0.49005154300075676
0.49537483606743393,0.4998534475666453
0.8458769330105103,0.48798570132054186
0.9194686607491656,0.4864553788464635
0.8795072319354136,0.47404425414645834
0.9237758164007683,0.5195971623297563
0.8507751224214009,0.4812702685430522
0.8886422251993705,0.4743306459418871
0.8228906782620331,0.3866966971976335
0.8889750104494134,0.5033639952859779
0.9164594544591959,0.5084235383149686
0.8601213485921503,0.46087651049038036
0.9295745972914304,0.49895557841465554
0.7842548951177774,0.2711696534753103
0.9397307200476825,0.4972703652322509
0.8446559313195179,0.4759492968479942
0.8261163658814799,0.4427432499847454
0.8376819219116847,0.4858642615544437
0.8144603327016524,0.6701436162447987
0.5012830685111516,0.49208399652990725
0.8426685661853355,0.4381662374444645
0.8886540998337045,0.474013789972582
0.9743853750780314,0.5001667647806365
0.9303970015246699,0.5018520170318358
0.8376957133382621,0.500225653554801
0.9265668815182662,0.5112308797233986
0.9332899809383653,0.5025989994526071
0.7137948150967748,0.24907059244270552
0.5860628438510094,0.5013938809620134
0.6070339079301728,0.49958430459612274
0.8568601475414014,0.5253968010787167
0.8253462136390625,0.3332622143819558
0.49798663764460493,0.502285535543008
0.7003108705427726,0.50094556554107
0.871930335608739,0.4624719912936518
0.7035178982360794,0.49940083953900605
0.9111990718925329,0.5188844447977243
0.8865560120807987,0.5010328203086285
0.5357299258362687,0.4897104681778635
0.8473343879412218,0.439044532108597
0.8502181562251248,0.4702489998796072
0.8454448788947966,0.47390024039416473
0.9133158962802899,0.49637243259299807
0.8766680331547407,0.4964010706662467
0.8408081867778998,0.4416515513424967
0.7953012194388605,0.40541581625435014
0.9119753168818021,0.48803211862684936
0.8958358241433289,0.4729084691957698
0.8613683137691289,0.47706349991272623
0.9022470006443188,0.5074335149010706
0.8500814443611411,0.40017984747919333
0.82018106920392,0.5001038105993239
0.9285431934786372,0.5186164186511292
0.8970909472038341,0.5097184322071253
0.8416501639954174,0.4718815546847412
0.9139983884347951,0.47689869093334813
0.8594185349447765,0.5158998676944588
0.8484427111043639,0.49364903709179614
0.8890784458036245,0.482746182162453
0.9188849917039561,0.5168863993266984
0.9418829819192622,0.49018711394797604
0.8922272225714349,0.47484259045732924
0.9466199563213096,0.5024534418102043
0.8913116653374792,0.5228617658599931
0.9164041307288847,0.5186699968623063
0.9011862816290361,0.5154147601228023
0.9245558430730758,0.4780733152528461
0.8801148476054322,0.4737995299611548
0.9000564076914203,0.4742731420888192
0.8908345457786304,0.5002851655475302
0.9102183348886363,0.5126406075939641
0.931897310700861,0.5120675320879701
0.9544626632281795,0.4937202375447325
0.8774045780783735,0.44649795072086174
0.5939082070892879,0.49994537298105834
0.899181300071311,0.5244614615858808
0.8673819863011007,0.4756248694209208
0.9324695149158104,0.5206407881727567
0.7479014259204027,0.2708851225451706
0.8521112589807994,0.42790386091126376
0.8989473577785844,0.47661294654752207
0.9519254576338714,0.48875633855207584
0.6135272778517666,0.5002023801457854
0.8954710421178365,0.5133978611837455
0.9207990211388954,0.49974087324759214
0.7143624290625386,0.4999085178176428
0.9041886493074585,0.4724120909874321
0.8463728396209784,0.4603514911234519
0.9060336284402308,0.4985234389949775
0.9524713765177021,0.48634402998276244
0.9490609427386834,0.4996424351769173
0.8593392315269652,0.46814209674267776
0.8607684472145065,0.43451238053387553
0.7800193033053413,0.5008191292565412
0.8633735010838088,0.5146594535263278
0.45678220193864505,0.48945412094015983
0.9317408689241119,0.5115025844525692
0.5703600285211785,0.4988399498033458
0.8975474478663944,0.47720657456087784
0.8795341621077604,0.4738154325201554
0.5931033439825848,0.5000864186344512
0.9197502739975751,0.4904954528274249
0.8775040124422808,0.4758575633665653
0.899963868215,0.48584024773851253
0.9287322836073831,0.5010670484663855
0.9290855222392459,0.49938316738620536
0.8468953959384382,0.5076228886315952
0.8626162017691151,0.47527985147031343
0.609867049043777,0.5007098710164177
0.8999948133816877,0.5175403764274314
0.8843428705645335,0.4502165441791866
0.9066700974771928,0.4807564285115306
0.8701614105243463,0.47424990396977956
0.9032267334127387,0.4745028022035993
0.645301154712453,0.4987508370429708
0.9449035339752303,0.5035420213081138
0.6493928472810765,0.4997831462793374
0.5738571478003894,0.4984634855458206
0.9006387191272166,0.48658208269744807
0.7191381036250912,0.49686913931199167
0.7313096245531958,0.5000440958115003
0.4177014525602618,0.8538482324533201
0.9020361156733094,0.482176449859817
0.4586045438486229,0.4972255047120935
0.854804444881901,0.4233111370354985
0.4754434025303112,0.4996881235423151
0.7237919773747361,0.4949229651962978
0.851498030238548,0.502872022529406
0.9081531030167718,0.48734383900084705
0.9052796450629594,0.5229890959147175
0.8389793286492399,0.4389453717368079
0.8759106339104903,0.48627541452092493
0.6436098346861596,0.49848917328335246
0.9407361882941268,0.5075533897849198
0.883660271532877,0.7122657164317158
0.7362241968840664,0.4990661602805889
0.9175433130994519,0.4943310549401899
0.7438726284049149,0.5000979134677918
0.6971251770630749,0.50027791806314
0.9259323734564489,0.5047877529548341
0.8671056063482687,0.38383132592114083
0.8643350369871231,0.38911164598854453
0.8926286068414182,0.4732106021284304
0.9073779082717549,0.5073479628146226
0.8878227955542133,0.4812260978123073
0.9259496173142657,0.4781596560324396
0.87864419364887,0.4857865042770061
0.8476617272189579,0.5090846141894533
0.9034535978815452,0.5215344780270705
0.6436686806291614,0.49846610888221443
0.8719110828920078,0.4824006313145936
0.9248705653896321,0.5225323843521248
0.9424378657166805,0.5052124949839643
0.8789355267665175,0.4565372063008255
0.8880666922749983,0.4741519922216405
0.8872476061644283,0.5222533508734506
0.945524104086324,0.508424700839022
0.8731869801783986,0.7144121940636435
0.914166389699268,0.4749541226397171
0.8715318075957911,0.47288590886012244
0.895267194900458,0.5254199694697992
0.8434454586513326,0.4960511573336227
0.8921763182876927,0.5248684134128232
0.9297772751001927,0.5133985965660445
0.7333905822334035,0.499786648791811
0.9579734475520469,0.49130501641461294
0.904958881956258,0.4793741662017876
0.8447045509276252,0.5000324606331357
0.8505737910921431,0.47071040067201786
0.9117615483547818,0.5040511145044172
0.8693352262410057,0.4736546417833984
0.9257806897972257,0.5239077793666496
0.5121333261072675,0.4998927269087665
0.793469077708157,0.4994348298722788
0.8178874970922453,0.37165803445016965
0.8728490990245588,0.5015890126316217
0.92121409576462,0.5162562145761225
0.8485254252562457,0.4768381217826109
0.8847872125533838,0.4836170285959773
0.8758490503085787,0.5057489318178805
0.9022819481653843,0.5222862510698411
0.8885934908689187,0.5223802035365804
0.866299816215944,0.4976774429803851
0.9305259819446505,0.49897489675564155
0.8838090284382769,0.4770180493897149
0.808946801715408,0.4999250399348272
0.6929163971919894,0.500391895995831
0.6313266068613985,0.12349434723545105
0.9288242487604659,0.517619078040859
0.8778764226356716,0.5014424941899815
0.6037226926621435,0.4983702684348904
0.8881242892130644,0.5169626411734696
0.9097332397130218,0.4960482470637939
0.8408285331221935,0.4661667316455238
0.4955652025972655,0.49987597791404115
0.9314679957021655,0.5097795235119106
0.8803205316294735,0.47725888689281953
0.8391387841124318,0.4223718947343404
0.8547710811066707,0.49342147548875653
0.705684544084939,0.5003443977905063
0.8206715459939117,0.4922164109597249
0.9010284572418417,0.49232537134813215
0.508840052254684,0.49886590801518677
0.9194839596600259,0.4935151853821831
0.8865761172789262,0.47880776893674815
0.8302803455403801,0.49918672453550017
0.8310250081251301,0.4393518131206547
0.924296077796307,0.49076591503140904
0.7424270269818656,0.498157859073165
0.6085619341090669,0.4993417454133371
0.9030788771945482,0.518690808484277
0.9401601687316595,0.48326685798392155
0.8235045166112671,0.43288433835196694
0.8750335148205644,0.48621564818842705
0.5097532005925848,0.5007844831644944
0.48715579786609725,0.4962872202837395
0.8940607991952964,0.4784616067767453
0.7814867466426048,0.24042997251453874
0.8878813330495852,0.5003864742608628
0.7123481083509595,0.49405125030721303
0.7861629238243809,0.29843422661505253
0.8890671628976857,0.4993385922945957
0.5840175229386432,0.4997943340626888
0.7538277760554914,0.5000362449571406
0.6939937241683282,0.19416887304850228
0.8682773912208772,0.4963374793045699
0.8656199264900131,0.4861138403555009
0.9288895775392857,0.5053465768979015
0.5348376443234517,0.4975159039246289
0.8477945227996023,0.4891798162162798
0.9164941067713599,0.5095383363254725
0.6513870957258419,0.49922344361045656
0.9420639622266899,0.48302906371782756
0.7981453424806398,0.5115379573025822
0.5530794028393777,0.49953153074700474
0.870700170555901,0.48126626115878
0.9326916064246729,0.5084040201967809
0.9193956693600616,0.4763859584246851
0.504877940587739,0.4987028759833473
0.6218509578291882,0.4995078240601593
0.9290600351602483,0.5125934657145294
0.9356518423645511,0.48600646050758894
0.8848452482463596,0.4980694925339848
0.7979452073174929,0.4996761056855185
0.8354013378202825,0.5006615290905889
0.9611048392564936,0.49303929355120446
0.7987539159764004,0.263401135700836
0.86986736608335,0.504092856501617
0.8824140847870918,0.49059627816969353
0.8485432020506132,0.4856864753044679
0.7964453548473056,0.5000459168210426
0.90117763745862,0.5114021697354653
0.8634664837852006,0.4750815056957892
0.9208392893856077,0.5087902081815681
0.9556016068018898,0.35270739225685
0.6073678438341175,0.15669721679304321
0.9391312439907262,0.4999215728774241
0.9188541201796663,0.5205126753310101
0.8722532460341746,0.48677566243169546
0.6833233125706292,0.5016854847571602
0.9322303244406589,0.4839265795069829
0.9244534582861077,0.5064070734557083
0.7975031824320795,0.3444048464936915
0.8792106218472733,0.4962265237064485
0.6980030689358003,0.5010051914517394
0.8785026703888731,0.42006290876687935
0.8729739171496269,0.47363383791228186
0.9401435808610648,0.5059671943512455
0.8433407722221489,0.47293218906992757
0.8757956044829207,0.49822116345523626
0.8411030202012995,0.4793487353952652
0.9314832352127276,0.49966169704416985
0.8614277664172914,0.5011462155075976
0.8130300825071138,0.49989470436113365
0.7011288977148178,0.5154138450272538
0.8208720058136518,0.38400374578881497
0.8187064722945234,0.4271784016351327
0.9091654862198235,0.4857649081610697
0.9207855002818095,0.5167534500534942
0.8483497485546947,0.4828178898547252
0.7807831280287063,0.4998283799741361
0.9479688022364291,0.5187823764402737
0.706523756303883,0.4934066270051134
0.857095430545245,0.48160609647516356
0.8998843838608581,0.524955266803599
0.8024071537327344,0.5004359669575703
0.8864418114720116,0.506435089994209
0.610629663489168,0.20930549234808588
0.8937569072553901,0.48008044368080915
0.9155254870832211,0.493607468286652
0.7700521075994743,0.5000701198137785
0.8412446269999528,0.46532562903600383
0.7214963878324402,0.5002565436882958
0.8775679960182348,0.4737561520370044
0.5404286590570665,0.4999941472664192
0.8531572910397195,0.4994672219679301
0.8859334390424165,0.5006831347265499
0.8775759175352498,0.4743947875006415
0.8859723620897428,0.4778017029503821
0.9198739146230199,0.5231135564166172
0.7257172616839913,0.5002746959761754
0.9172253560530683,0.517775536916362
0.8476023517689605,0.479049324480237
0.9495442419880695,0.49716644367989904
0.6346946890194536,0.49927603190836706
0.931270326940763,0.5116183609069385
0.9029679750935196,0.48691491117956565
0.8366754605132856,0.5107712425922811
0.5927865902635849,0.5015863496141092
0.9303508849839204,0.5157882873482293
0.8664437007216252,0.47402613710346997
0.9319957769232459,0.4966907210301127
0.9307424155799351,0.5153387754903549
0.8758216670307137,0.46962365154387176
0.8410736475898366,0.47718847410207754
0.8743006569367742,0.4729632857346933
0.47286858772188783,0.49924921643683134
0.7343440865853168,0.5004689254119576
0.8922689346678853,0.49976266065854613
0.9063607073345625,0.5177863623140252
0.5119971752003951,0.4984099163742489
0.7061280835268694,0.4996585614696925
0.872083763524373,0.47260529731239703
0.8299608683443986,0.4751283828694882
0.6651058783528687,0.4996579708290603
0.6722280576043755,0.49951247828635514
0.8895432899849642,0.5038129280300402
0.9571746441416444,0.4924191749762891
0.948349117451335,0.49458973402393436
0.8699020200464158,0.5053100969849977
0.6519043268590794,0.48935773926960124
0.8053734325223498,0.4992335467495212
0.8555141354391855,0.3848800232112341
0.8424888179041121,0.4581234678760917
0.8549626410478415,0.47733512046771737
0.89531504058897,0.47836820681382713
0.9446753724277712,0.5102007133576173
0.8955445069399491,0.5125316505737962
0.8657940926989061,0.4909345920893925
0.8430277392317963,0.46685842669526806
0.9281972528188652,0.4970748500147374
0.8703778891257774,0.5168641016484377
0.9323673107040062,0.4969972875866353
0.8897323242956088,0.4605296249935657
0.9102510928234745,0.4874339794875408
0.8459766754016127,0.42090608452806016
0.477469771582093,0.500312767604681
0.9298057461273446,0.49756601135534456
0.9277981367676169,0.4880458893293696
0.5188349902364475,0.5032086939728927
0.8947689939481669,0.48971702047121934
0.873952446859696,0.4758408342900202
0.6272261764673557,0.5005184046596108
0.8711525267775735,0.4973801572276361
0.8370853379421406,0.4761239780185839
0.6871988592085242,0.954176490055128
0.8451378625627036,0.4731316443106948
0.8313009864089884,0.3392691735379491
0.9313188778095587,0.5167262114068435
0.927546175046138,0.48155865761583067
0.8883382833920694,0.4754851982932151
0.9427012782062194,0.49487424324934637
0.8905944901660745,0.49350304438581627
0.8951369144691941,0.4754682096461736
0.927935456057795,0.49306662081108005
0.8594141512768297,0.47587688139002715
0.8584230313546103,0.4827030729773681
0.9379116806595317,0.5080195655463385
0.8304635102036572,0.49959352805694685
0.9258657185643636,0.5094643542471113
0.910041225555708,0.7731982877482724
0.9510050517156052,0.4936814677600475
0.8706905183240955,0.4872169217806991
0.859806275743729,0.4997626371701942
0.7481788921769059,0.5056149318782833
0.888023228608052,0.47686864672494095
0.8807279937562851,0.4871430577563156
0.8484506125853677,0.4700916508271702
0.9253749981488347,0.5137677959565069
0.8405734727998122,0.44456014326504223
0.8591304683308093,0.46559588074974234
0.9195387974551351,0.5097401214266625
0.8729911984399423,0.48097478427626106
0.8332834359883947,0.4560976538651209
0.8682524371398681,0.49520574122073335
0.9086858755890019,0.5241503098905518
0.8154275899038674,0.4358679311932744
0.8824430871558695,0.48539699924619234
0.7941868545047296,0.29398217769389134
0.7195549736491129,0.49976295416638483
0.8668951407462357,0.4754156347284868
0.8571062620502474,0.4995044912329458
0.8577960298670309,0.48161539839691186
0.5796672078869035,0.5000991727977779
0.9112954851248687,0.47281783611012984
0.9193839547570992,0.48919793412565976
0.938960355402422,0.5090638354689823
0.9017400545316451,0.49850958956963587
0.733646161795563,0.5001375904904231
0.8619344569605725,0.44949872322112877
0.9248202893944577,0.47546030046840787
0.9227008492109939,0.5145003267596041
0.9408338448995728,0.5202132318625784
0.8945111403105622,0.4845016578126548
0.8563520166151068,0.4753159905303049
0.8987434567676527,0.5166163549595496
0.9007506507106764,0.4780612557859808
0.9042280053709508,0.5213374859310964
0.7394815048454093,0.5000065203110606
0.888134362410901,0.5201893187124438
0.8669872978988713,0.4732446383803167
0.5256204781478264,0.4999928425302103
0.9215045619922666,0.4985408858962721
0.8818074953750583,0.4992885518647959
0.888567791491946,0.5037438293328046
0.894542060813561,0.612768576333544
0.8649666399346145,0.4768238872723016
0.819213358044052,0.4549008209087747
0.9403380827828323,0.4904489023529566
0.8691173401485277,0.5102206137347034
0.9410932053709213,0.48283921914055455
0.5675560536814397,0.5000906225741371
0.8660130150747659,0.5016094207359566
0.9103302398639953,0.5194330093728643
0.8713331187430845,0.4418510573367773
0.8569022653061247,0.4807365427545929
0.841747858701626,0.5004460973295305
0.8917241555851332,0.4744718548416471
0.9445982934846477,0.5043954394027549
0.8452439774845475,0.4785364575498966
0.8488982040142687,0.4831898214283525
0.5374653243578466,0.5002858335411883
0.9536108865087789,0.48987928353986043
0.8730261408241018,0.49457177897266313
0.868749605584391,0.502642763197044
0.9034897927162614,0.4842807322988723
0.8581954768997133,0.4993893132593197
0.9056454969109675,0.5122752956194343
0.8948877672513824,0.5115686258851558
0.9141983146666215,0.5140877595189819
0.8271044666930496,0.4839693026869586
0.8859112113316394,0.4735057356340343
0.8845010757651277,0.5046422898836306
0.9274933477764717,0.5231558138816589
0.9115494701966091,0.5028628036806998
0.8633653073544247,0.499602678683475
0.8708618125725963,0.4510912610066293
0.61706785221882,0.4974121773564964
0.91552761174852,0.5061285649624667
0.8581996665870094,0.4819617734141931
0.8671222897998032,0.5002506430268008
0.850926169440718,0.49396481748712645
0.8802601193099766,0.5006762660949529
0.8915698004654313,0.46271212457010646
0.5242531589155858,0.5011740396547107
0.7967507487997441,0.49973144097092564
0.7741046829419584,0.4998902247956666
0.8674465099272228,0.4866812251971654
0.8395727995386493,0.5005572616122518
0.8060915483193771,0.5005785402406858
0.8920997454122466,0.4993335427080562
0.8687886835431512,0.48939175701911003
0.9319172491397893,0.5019738636161319
0.9283658674926676,0.5007352571321569
0.837410007293092,0.4774841979015969
0.839463676809322,0.49895528777421433
0.8923428524714856,0.5244847615774615
0.9004305603727909,0.4740125112727986
0.9280406700292994,0.4918879014342593
0.9323880785264634,0.5040366096545673
0.8568575129573828,0.780621515384847
0.9349476599776834,0.510716389247152
0.8673419181210905,0.6417847708604109
0.8627236076104692,0.45260446015451233
0.9353059076666566,0.5023279045578379
0.97678916955555,0.48793518549351805
0.9055675198380904,0.5218138966903834
0.9320809802861267,0.4946486888196283
0.9382290822303117,0.520601193697807
0.7600397047536326,0.5000759968668697
0.8779705126701505,0.49903263864623554
0.856675900363806,0.4795346447906588
0.7723599940382702,0.49984994853217135
0.8003018280031973,0.4812500941380086
0.943132349618713,0.4811031785363135
0.8945667064784464,0.49193398791211373
0.8628977622501497,0.7227892724053686
0.5112642851097994,0.49924599790059143
0.8751858087776769,0.5127627099029917
0.9278490895784974,0.49017514510991567
0.8935204359886659,0.4779988694663055
0.7411127604103904,0.5003430871210082
0.9278892775219774,0.4867411559890625
0.9077148580969493,0.4856402888513412
0.47993976843640307,0.49973908333650463
0.8516137443173888,0.49203436905890713
0.8476095613276668,0.42898977899509333
0.799710964270429,0.5056816003975263
0.4862869158944053,0.49972787789238277
0.6517490409458908,0.4992500537745417
0.9236640778603233,0.4977936025794563
0.5785178474732046,0.4974650379016748
0.8812944679122969,0.5057715226075106
0.8393978781955391,0.47510950131014457
0.8875534249591952,0.4782404059725556
0.8577626531947383,0.49886182112627836
0.8401128957097661,0.5065174547014852
0.8845434266611314,0.49756413954210155
0.8891499406614436,0.4947426002211776
0.4771641760645449,0.5000993173439775
0.7301254192098305,0.5148764245689866
0.831792706891215,0.474737070746792
0.9461962516862323,0.49323493465699086
0.8313959020472947,0.4147641539837392
0.9094996713837653,0.47796720097072076
0.6446958213841766,0.5001576881043107
0.8695615751936658,0.5114951807895644
0.5601214505862671,0.4990932256726781
0.86715913484533,0.45510874696058445
0.8586214134411364,0.3877844651323742
0.8651981461175133,0.4733506201083002
0.8990564343379343,0.48764201877400226
0.9351915705513474,0.5044797563115003
0.9033976766628343,0.5148388513342512
0.6737621015128712,0.49984236814325084
0.944782738619191,0.4959402252426438
0.9304890532062028,0.5007696585380185
0.9215337474417546,0.5249118638343464
0.8382766573880871,0.49875213188985157
0.4934799071897894,0.5020577986777123
0.8743106894993857,0.487190920884322
0.9093648195126037,0.48666157523146314
0.9279700773175628,0.5033397469850485
0.8782817930286797,0.5230155298184066
0.8648788665289926,0.4656256936410478
0.7164956581980986,0.49960542756846243
0.9196152121095713,0.48980708602725775
0.813310058265923,0.49973826941980576
0.9170373464295822,0.5193668351534944
0.8932606368027078,0.5074415452044785
0.8674316305804092,0.5017491518392813
0.9278306188465151,0.4990713936303316
0.7831876843385702,0.3091288839807465
0.912289977333939,0.4973241090236546
0.9185413727537786,0.5006191621291923
0.892879404860351,0.5190732560515006
0.9231394069199239,0.4846015052861766
0.7344683368177786,0.4992188307250355
0.9024963459575586,0.5008572546449641
0.6393856732697157,0.4927504960492999
0.8964483891361854,0.48149279841159137
0.858083998777179,0.5048927058481687
0.9394684234493977,0.4788545296238186
0.8955924039555032,0.48373437457164625
0.9266831088099978,0.49267730249461583
0.9174303557789345,0.5016870731952651
0.9737926263051093,0.5005043086864078
0.886233797372121,0.5218436025183922
0.9366446639310078,0.49410788971178166
0.776283494978572,0.5000565348074938
0.483310164404569,0.49642681541862643
0.8260612726010969,0.496556327958133
0.4926539141072352,0.4986551711901622
0.9190232062966018,0.5194685382156956
0.9217735373988221,0.5238683319282849
0.8572222783028651,0.4717509455472984
0.5994772771358847,0.49975792802119895
0.8503416336966279,0.4999868679473409
0.8577687290453366,0.49997529688130976
0.9194122954820516,0.48471510560943426
0.878003834641903,0.44726916330561034
0.8608022663276341,0.4974035553688057
0.6112759744120133,0.4982227087203802
0.9362856666700803,0.5147322451074836
0.8442836495084919,0.4903875367818886
0.5141887748925174,0.5020824319687612
0.8491548489080529,0.5044779215176401
0.8527588081628799,0.4989904130574336
0.930582952828658,0.48836696012619757
0.9303822402644505,0.5014521854920281
0.9022969667526244,0.49642304601768333
0.8746962234159155,0.4937111036358222
0.893257951452799,0.4954866194661593
0.9790269818203379,0.4850741843378181
0.8683540135145611,0.4783778226902118
0.9104786687388867,0.4877610929522997
0.7085928575078356,0.5000097743034538
0.9481487986782575,0.5171697223149478
0.9402242180196649,0.4798655170792497
0.8087296071798883,0.3303276733743018
0.8992081777724988,0.5089966306328463
0.936730503126469,0.5088040555504308
0.9291257277656785,0.4980931137296396
0.8437011822919775,0.7652215758162368
0.9470670441400824,0.5006869264372807
0.8613312871415508,0.47643391358529996
0.84465256587935,0.44041696142131337
0.828030655382388,0.47591136360333847
0.9257577528393492,0.4766142803826203
0.908794069666314,0.5003573253652847
0.8099463695043203,0.35590292799155204
0.8646004340108726,0.458252517755312
0.896071991032898,0.4901557003037927
0.9064447480159299,0.48389179052588727
0.9279437851359884,0.5094425850594588
0.9275923045836694,0.5174092735967437
0.9300572261626681,0.49299824484886967
0.876731397063447,0.4750180018922774
0.7193435176649885,0.4993385436628228
0.9127084529987028,0.4806213718445915
0.9250929410458535,0.5009392462729018
0.8446048008758342,0.4889949676098139
0.9036182895937384,0.4842927498219407
0.8263775125589987,0.7659289428434211
0.9604167817094051,0.5366218667123213
0.6441114359793225,0.5001349828662107
0.8953736682759402,0.4999976606285451
0.5020902505367763,0.07419494130639415
0.7531512265588678,0.2816828802762937
0.9583175745114123,0.504686678128047
0.9500883393247755,0.5346966638849951
0.875415973295486,0.49121414748412195
0.9287122129844121,0.4706897291901943
0.8856368173429604,0.457004161193434
0.9154341094982605,0.5005229743253209
0.7829086629320141,0.49839628090082927
0.8760170629328698,0.4094817593476181
0.9218108727518161,0.5155762691950537
0.9293353084336644,0.4953840580325964
0.9053126768559199,0.47535853004079487
0.7000577888006975,0.4992365975884677
0.9502268445923331,0.5046277655130413
0.8689742532882148,0.4775635929248054
0.8878572135881955,0.5057506967738938
0.9149234657633041,0.5232122250722783
0.9396304434327635,0.49029703443673356
0.9093931415348182,0.5162432599706529
0.48211218846336135,0.49961809616902825
0.885976031776522,0.48157465898352686
0.9414790591362885,0.5019665848459104
0.7807714877390386,0.501550197953705
0.9173803511760259,0.4770444020708373
0.8739525603049927,0.47539899658133317
0.9232968907102779,0.5118305055149382
0.928351733609851,0.4830963209515697
0.8343508831937136,0.4803497625522963
0.5110342589029967,0.4999343467956605
0.9158532971335471,0.48937912165502234
0.8652731755063128,0.46069272204018635
0.844803123470904,0.4597996897644927
0.875241553599733,0.4939841805558762
0.9412967211901342,0.5053266788875835
0.93361598974114,0.5254982645035801
0.9051640007486209,0.48024566125912393
0.9279163263405508,0.48967476240302527
0.6030554250713756,0.4998933191259816
0.9311626846282394,0.48483296167832013
0.8931739235948798,0.47486166258372076
0.880050867623401,0.4739642363434196
0.955955453916564,0.48106201623213946
0.8918679714670568,0.47180878865659887
0.7590823893414822,0.3009042613157112
0.8707796950554014,0.4648322108301826
0.8850679421703821,0.4762886776597425
0.9288593590666274,0.5252499591238422
0.8458407282276523,0.4762606555368354
0.9359418854480406,0.48848029274246696
0.8674524269992766,0.5073566059036092
0.8428905597029257,0.45831071864070966
0.5718136079410857,0.4816822266455536
0.9219715520498777,0.5146002042211268
0.6652132182020882,0.49977550867441595
0.9246482114142425,0.5115720867014315
0.558601280769935,0.49967617487747507
0.8950205707141892,0.4751790840004918
0.9457520650798941,0.5147930570923416
0.9631945535631075,0.4959661236797894
0.8959331182604812,0.48295729882959854
0.8829269862131806,0.47896039239873944
0.864142978066661,0.4776494511545924
0.9136256193517875,0.5162560280372113
0.8689219987118094,0.47244474779392853
0.9030970566497194,0.45653502476253555
0.7020842335463152,0.23740974535996817
0.7775889545021302,0.29386683207766373
0.9248846165582993,0.5123210498612276
0.5958662445581963,0.5043096080482089
0.6624712871402987,0.49862796870411824
0.8998333171137274,0.5107000330344006
0.8352239583287326,0.409913973325459
0.8105907218887913,0.26287896667123617
0.9276455826914018,0.48351473028406783
0.9219224379507449,0.5253778981415737
0.8920983953225876,0.5009424349882671
0.7695871977168739,0.2991577856939399
0.8394546565926693,0.49006580919962855
0.8381125736347829,0.4907596900195603
0.852694797503133,0.4611085607369797
0.6887960933597886,0.5000005028762249
0.8813586835412328,0.5078837721770216
0.8764787051079007,0.47438290360346486
0.7967761692512296,0.5104558731742806
0.9331264077891535,0.5004392383126528
0.9115632161904208,0.6034626193148236
0.5964009584838177,0.5008142644398428
0.9122333058282488,0.6175922714248225
0.87022349875535,0.4760996699145267
0.9091462800571477,0.48913795303597446
0.8627188948395037,0.4958781728245505
0.8689462027782904,0.5099864611948288
0.9407346566291837,0.5049853454878436
0.9108953755894736,0.478967731116883
0.7247405490707157,0.49136065780482036
0.9012088722118403,0.4960183415990261
0.8593402797224431,0.49336879037226167
0.8396787260654583,0.4719411413705422
0.6026671395900934,0.5007265766078481
0.8420309276737639,0.4675415015242254
0.8779932789335909,0.48887185731055693
0.9443408086300344,0.48389644826984207
0.9616869349214452,0.487157657792943
0.8657204342954414,0.47225170129894906
0.5045642920739781,0.49908098206645457
0.9001662416613108,0.49989610578933324
0.6420977550960643,0.5002875572817381
0.8781518867400375,0.46993776608373394
0.857004138459526,0.4747798681947275
0.9132088333212189,0.506878983845825
0.6640732018642272,0.5002433614726286
0.8580764814451858,0.49145796308686196
0.882415910881396,0.5437645687423937
0.5168174318861636,0.49981590325094
0.7867851608429066,0.500593325265687
0.8846530416024727,0.49252324353787336
0.8769424361850978,0.486133326993368
0.92415484372293,0.5162473114433924
0.881634047787193,0.4370882544434724
0.9308428098880024,0.519616853091757
0.9047132198883887,0.4795359880172849
0.4762707932743277,0.5010600557333024
0.8696661911172228,0.5230980035827925
0.7164170542128446,0.5008362696815393
0.4942931142091248,0.495808819478351
0.7653652058544674,0.49967958936182383
0.6180041167106086,0.4995454885443615
0.8801763024917383,0.48808197154143473
0.9282020904992848,0.5115606365567111
0.8622482566520435,0.4427321463013625
0.8921192654444612,0.47768195472375796
0.8259628172455429,0.498172668199245
0.9426771951356776,0.4979932153005849
0.9148234725616092,0.4993437448324102
0.9158647088520846,0.5215488444244428
0.906965217408169,0.4833219362811901
0.9291366027905396,0.5106881380371823
0.8749298347796027,0.46864788039892613
0.8884287948194927,0.4849134133918195
0.7959031619775336,0.49913456614299434
0.8729003253754393,0.4674263976944306
0.8035497984212241,0.5003983853549119
0.8191943379964092,0.37051607505870887
0.9510447447894778,0.5063608503793218
0.8501221391174816,0.48604280038162834
0.8596940183178827,0.49053784717470134
0.9130510910433522,0.5995653174512746
0.6880812818238432,0.4988026931671539
0.8369044113409858,0.7024789490081995
0.934529774716381,0.5008215652145853
0.9035000625959091,0.4231168604186466
0.9169382998643281,0.47589334170142994
0.8836797256246466,0.512417631839575
0.9119292053413834,0.4993846696748531
0.9216267403427242,0.5160640245743746
0.8692570284475797,0.48637990713282075
0.9346442314133319,0.5189893766846124
0.7326425969392782,0.5001055953533428
0.874117114511505,0.4951222973791642
0.8720067930972318,0.3808642435328689
0.8606174940562124,0.7170065235359208
0.877561715900864,0.4427721093337168
0.8698903801228441,0.48338182140871344
0.8464164917287477,0.490830348323028
0.8377583474308071,0.4082516568375554
0.9044466807070455,0.5146599239049067
0.7578272152666368,0.859698334401362
0.8654164712227161,0.49588045197774616
0.9262641002735639,0.46692319379757263
0.8613657130421384,0.4813496237893811
0.8707657419716364,0.5158584779056438
0.8419308916697774,0.4710067374204049
0.8396927260114022,0.47998750588869127
0.8806669021340701,0.5240744562414957
0.9038129660190357,0.5803862529435205
0.879280709630841,0.4778174874251562
0.8317062654134428,0.42850969642798437
0.8339563757762091,0.4593198331517912
0.7530732116256945,0.20665101380774925
0.8726654580238429,0.5122194907895524
0.8442033602391417,0.5007372437713804
0.8986333569284206,0.5196564825785176
0.6421734447531433,0.49955231271575673
0.8885685167535262,0.5245013972336849
0.9043639430247974,0.47576258499575214
0.6419659417948343,0.49954176782450194
0.9209456263318723,0.5862425244317784
0.7137770829254064,0.8205285445196273
0.8444974901779039,0.44491409476049204
0.8336137469529414,0.4799280700029004
0.8494611704424453,0.47657506703795716
0.8976549797884357,0.516747822227944
0.846677183585989,0.48568903067323727
0.8576740080756334,0.4752575452022388
0.8967808260683776,0.4933811161025036
0.9149275886919599,0.5082878934825263
0.6737716717953188,0.11738742479963005
0.9489861043097879,0.49416311354455117
0.5258296459769453,0.5033797274874883
0.8787925503177663,0.4876501688818836
0.8358237188462089,0.4832645640499871
0.8702105197841219,0.4852954895573393
0.8516278618420872,0.4571181263751516
0.8985595300579958,0.48152972953434464
0.8709977263937041,0.47808160468512145
0.9291070016852951,0.5169969729157681
0.7529147805595351,0.4992412477493377
0.5453344210190005,0.49983246898220457
0.857907046257055,0.5060920612518368
0.8391644077810128,0.4334956846809853
0.873198680971801,0.47189355271399364
0.8557469865247572,0.44184011972348813
0.9279809874731337,0.5120462157704363
0.5302884367209351,0.4998162136371485
0.851958853953428,0.503176791177145
0.8373539141995312,0.33264777401410706
0.8952836557860586,0.5178801093625927
0.8844322185389769,0.4753979295072833
0.8948305362852094,0.4749117149391711
0.9264315714934016,0.4967100204281934
0.8610405939511545,0.4729215951783939
0.8905982980944607,0.4804347807183406
0.8134871868425735,0.2982125324561479
0.9021896324362936,0.4858616370285342
0.9171258271340724,0.4437058403138565
0.9271051318096302,0.5202936119797503
0.6999864125374123,0.5047566511305935
0.9189070425982,0.5231761671677007
0.9224356563487601,0.5078006519950962
0.8815197338801128,0.49494239225630654
0.8937804450595869,0.440085118005574
0.8993252347372955,0.753352840014658
0.7836800518008206,0.2732862596132668
0.8706459321883263,0.4924514865557303
0.7040542256993212,0.49701053152478314
0.9166912745770603,0.4764616812366959
0.8766519992709904,0.47130836762582556
0.8794559893913185,0.5017073474076287
0.9284016393183052,0.4982338819979249
0.5075272705979517,0.830688713136388
0.9123624222686546,0.5238075359989621
0.9369711992914787,0.4870021064948406
0.8656151976661364,0.48547074231795523
0.9418880224197839,0.5001941181751144
0.9058757872282845,0.5180872540901829
0.8853939207643687,0.521146565706142
0.5657736900061243,0.49917500481017985
0.6320101248433202,0.4991988316368625
0.9387754716324792,0.47834081253846195
0.8856317489955683,0.48406624081499067
0.706782660868069,0.26270676637570045
0.9284510404488464,0.510095414530646
0.6138071677819912,0.503190036217252
0.9285392292274678,0.5134815530178011
0.6793095119009678,0.500008035729689
0.9211837723685288,0.5247840324000154
0.934495897305369,0.4827406451514146
0.8364136304418899,0.4826668835204763
0.8577503183568895,0.4852761795089054
0.89960570484536,0.5245787471275924
0.8592823263414306,0.500896614757892
0.9247909074963674,0.4991038743393204
0.7067941838624588,0.5001470563028746
0.8455437724482899,0.47303411989709454
0.8717534656584316,0.5082320448148095
0.872045892047612,0.4683807589856998
0.9536031772144329,0.5051305006443371
0.8358078868608586,0.48175371261479116
0.8840421830114558,0.47681283918881906
0.9358161586615718,0.5047516783388957
0.8839171090613394,0.47889700500917093
0.923417650097361,0.5207837312407193
0.6266547725211655,0.5000047044510938
0.8924351565823586,0.4881284509883188
0.8915037760377551,0.4841460898555155
0.8532530150616332,0.45343406819747134
0.8156916708417442,0.3859625507434716
0.8725847180686604,0.49860379493209384
0.8767839999774413,0.48605542706928084
0.8952760430138879,0.4907335687574712
0.9226770815421568,0.477575760508865
0.8236618779032272,0.4020386902043862
0.8749351027652945,0.4992229080706959
0.8725895026338921,0.4992391118568621
0.9236625425628987,0.5129508810358236
0.7630715203333988,0.5028236608988048
0.8309865939583356,0.48875060330301034
0.9480871121252681,0.4863959193751116
0.8933625526331226,0.48690801733666983
0.9677925498811566,0.498094080525856
0.5400761564520316,0.5005087803653613
0.886949243075581,0.5119459948845793
0.5097638981944339,0.5008238328788264
0.8269737472871844,0.37102768190370444
0.8462054024243408,0.49879450726180463
0.9179917738599519,0.5227822411601647
0.9019938589774487,0.494078576657917
0.8532823288686107,0.49926979823825257
0.9448928198466212,0.490177075518075
0.8650513081796659,0.5007338719160276
0.9051263798656974,0.48793349195486074
0.47716931740463947,0.49937796593753786
0.9392221963240954,0.48090176407014457
0.9233700912076624,0.511011568803731
0.9142064327802416,0.5151097250042362
0.8720631819472149,0.47861219091131896
0.9326984956485616,0.5081653574072553
0.8967409460504915,0.4009547609301598
0.928883593299317,0.4902707366872658
0.9353355916226487,0.4800239944150653
0.9384101419012583,0.5171779664891551
0.8761193476760307,0.4775575013835371
0.835626124492181,0.499349076806964
0.5684922033523855,0.49908370461106344
0.5259048051673872,0.5034842952604611
0.9241715851671535,0.4784457806682679
0.826444452830042,0.4109474656262794
0.9269319961780493,0.5208374309180193
0.6003464134113499,0.501387011138255
0.716357363675535,0.8705611450537083
0.8868297572552046,0.3035282018841352
0.8289719386243346,0.4821477685353956
0.8725332632135289,0.49041404413860246
0.9569071447564652,0.482337485949196
0.9285470385036481,0.4824403119521249
0.9384205742628962,0.507793231313813
0.9415296253437149,0.5178249730131952
0.7994841432854617,0.4984729710150836
0.849219607380618,0.47688990299741996
0.8657947685220369,0.4965793770434214
0.9064482744374154,0.4934720258325629
0.928512037233657,0.4951078077094983
0.873527047408247,0.4803265954723421
0.8390661835246406,0.4511721078675781
0.9048839984732926,0.48380580096873077
0.8482768388204494,0.446657637305416
0.864788958078232,0.4979750224139753
0.848824941395357,0.4655404252196262
0.4604656749315893,0.5022986874201698
0.9137265293292078,0.4969248523161487
0.8647638292661237,0.5006393050426072
0.987818287051671,0.39416802214851804
0.9329848287962053,0.4917532165323233
0.8454051954016519,0.46060015690727746
0.8623329925509491,0.504141813024494
0.8668443290067205,0.5081793946688324
0.8924804550859857,0.4995475415871212
0.5834786495120123,0.4990571650279439
0.5564114713999998,0.49994870962254073
0.92445467778972,0.496108736962487
0.776827664083509,0.49918933294235956
0.7843527329723845,0.3844774133006536
0.9298589693410501,0.5011988775707614
0.8658619769116989,0.49943253600621346
0.9282687918984687,0.4914596564787371
0.92873339306605,0.4911722772586662
0.89187140503668,0.45353283195687966
0.47586593155106616,0.5017004713650799
0.8841129390095742,0.47404093492940647
0.8385281766609849,0.430180469978513
0.9220155039076967,0.5015708146282892
0.9395569588928585,0.5037507796590858
0.7856356493156731,0.49629850698955597
0.6476876036735006,0.49587725147125666
0.9463604091049365,0.49594143613814373
0.9043181057851919,0.5096789008226656
0.8669641295236643,0.474341855578384
0.5994512581446686,0.4996720112960942
0.9399860466478968,0.49368765145802135
0.8415370699392453,0.3490324038909053
0.8902439731087353,0.5121669265163633
0.5863979294047654,0.5043274895131571
0.9103847470871524,0.4999600574132789
0.9627596595913517,0.503309394608392
0.9565331879688652,0.48972968176230036
0.8780515874572425,0.5086866288489615
0.8446058552426481,0.4661484916973288
0.7422215617212241,0.5000717582661356
0.957992510102402,0.49849252724604326
0.9410719571813165,0.5095245846775377
0.832596625281927,0.500014630313576
0.7984331940559221,0.27459747528166334
0.8352598518137231,0.5019505624804788
0.9482175359176618,0.5059663275646281
0.8393123910780613,0.4840396828268174
0.905223469562496,0.5102407991876098
0.9293025037000964,0.5031927089157587
0.8513140147519997,0.48016101058835897
0.9490198321058021,0.6400479592804929
0.9382439254594181,0.5081265639282653
0.8996548177141592,0.5154399683370178
0.9309852123311235,0.5207356001756692
0.9239140276800832,0.5000302799728356
0.6350511328306572,0.4991570944761517
0.5684727258142799,0.49688487777489854
0.9165434537374919,0.6219566183313348
0.9094304455251945,0.6728682653632221
0.8986774516904719,0.47449557107100027
0.48789572260496983,0.4975242299587197
0.8934937918894565,0.5065112790669182
0.7709200149240378,0.42488509590428974
0.8765860896730631,0.4618030115964492
0.8320985594397636,0.5006743994486124
0.8497210719723425,0.47665137654043044
0.9028873592446265,0.47246951964700773
0.9145178661029351,0.47649720200989204
0.879855769419458,0.4896436789173746
0.6963779004257783,0.4977448229536583
0.9221137406393038,0.5175439478964623
0.8676371544786454,0.5103787354522837
0.8522360422257669,0.48282436386066363
0.8641472637626091,0.4626444983665103
0.5679406793063682,0.48089625716741635
0.8887931877572717,0.47473741649327056
0.8440349738254329,0.4418262131450408
0.6536877469555193,0.49884453696071496
0.6467745581786468,0.49980222317879847
0.5564244066312388,0.5000233779689841
0.9242866093988629,0.484696432288488
0.8707673059355763,0.4966837424357614
0.9117028010254504,0.5197540507558113
0.7942780383273518,0.3289752777380449
0.797780049437716,0.6112877057875468
0.8599290494331104,0.3881415428894044
0.7638979131457808,0.25787450841936455
0.8571821706500908,0.4979654073178799
0.9289646259055564,0.4691435545042561
0.860763994983951,0.47513552625654176
0.914714262131614,0.47363198793807404
0.8471317700479875,0.6519509648789608
0.9263173264638119,0.48013770974260606
0.651364351573442,0.4997884436873901
0.9775536741215975,0.4952847378271623
0.7975780311042808,0.4996870159201542
0.8513613996935318,0.42446069737430275
0.8763809281319632,0.4925454698065887
0.9211852558569955,0.5207613067700078
0.9273116011457097,0.4743982409555935
0.8617369975402938,0.4812986299521398
0.8934239316916404,0.46976646829399993
0.8230865760001711,0.3608463618912317
0.8470331588947327,0.48000971422794003
0.649414755872709,0.500705405164291
0.8638943966166437,0.5049907358851211
0.8374479896888454,0.3452555242639769
0.8302534600296565,0.4997569396210761
0.8759036484982925,0.4776854958925096
0.8873784245630414,0.478251227138706
0.8341290039703027,0.4834905337359604
0.87523117846527,0.47608858819146394
0.8542770952983578,0.4807135101539748
0.9193974370967787,0.4854709329186695
0.9044155484434502,0.48153973325830884
0.7225169198682178,0.50262294933124
0.9297563973527883,0.5000813016057054
0.6482543854718388,0.498213325134
0.8555170482336077,0.5002632809872154
0.8975779017658833,0.5226954551590819
0.9278564113978818,0.509542196698151
0.9000127364461004,0.48277788128501276
0.4904471323872657,0.5012416434978165
0.562053625352016,0.49979551433562736
0.8699994457035668,0.4350129829435595
0.9268644457867341,0.49887204915230493
