0.2412109,0.3046875
0.5683594,0.4677734
0.3530273,0.6777344
0.3754883,0.4711914
0.4550781,0.3833008
0.2915039,0.6875
0.5605469,0.2470703
0.3720703,0
0.6220703,0.4941406
0.4580078,0.5200195
0.5874023,0.7368164
0.3964844,0.03076172
0.421875,0.2177734
0.3569336,0.8569336
0.5458984,0
0.4814453,0.4223633
0.6943359,0.2768555
0.4882812,0.2670898
0.5307617,0
0.3666992,0.4985352
0.2548828,0.590332
0.1357422,0.7456055
0.6171875,0.234375
0.7490234,0.2543945
0.4311523,0.1567383
0.6196289,0.6064453
0.4599609,0.3964844
0.7646484,0.5610352
0.5458984,0.6152344
0.6132812,0.2973633
0.6845703,0.5795898
0.1645508,0.6455078
0.3837891,0.265625
0.7509766,0.5458984
0.4277344,0.4970703
0.6098633,0.3935547
0.359375,0.3779297
0.3696289,0.1865234
0.2001953,0.2900391
0.4960938,0.6977539
0.4101562,0.3051758
0.2548828,0.6225586
0.4169922,0.4438477
0.2124023,0
0.515625,0.2519531
0.2407227,0.2866211
0.5566406,0.4116211
0.4887695,0.8286133
0.550293,0.2241211
0.6416016,0.9780273
0.612793,0.09619141
0.3149414,0.5673828
0.472168,0.2192383
0.5429688,0.8227539
0.3911133,0.777832
0.3417969,0.7612305
0.5361328,0.3022461
0.3745117,0.6977539
0.6088867,0.3129883
0.6142578,0.1704102
0.2324219,0.1245117
0.3447266,0.2607422
0.3447266,0.6499023
0.4873047,0.07128906
0.3413086,0.8666992
0.9091797,0.4033203
0.2094727,0.6191406
0.4311523,0.6845703
0.1357422,0.2993164
0.6845703,0.4467773
0.5253906,0.08886719
0.4609375,0.3491211
0.612793,0.6914062
0.3881836,0.3706055
0.534668,0.8896484
0.3461914,1.000488
0.6953125,0.3173828
0.5629883,0.3359375
0.3828125,0.5625
0.6982422,0.7910156
0.2758789,0.1801758
0.3007812,0.972168
0.512207,0.2880859
0.5854492,0.7324219
0.46875,0.5117188
0.6010742,0.706543
0.4257812,0.6806641
0.1416016,0.8955078
0.1865234,0.3540039
0.3969727,0.1762695
0.2949219,0.8608398
0.4023438,0.1811523
0.3681641,0.550293
0.378418,0.046875
0.3339844,0.2397461
0.3261719,0.2490234
0.3398438,0.4433594
0.5898438,0.4619141
0.3208008,0.3603516
0.3613281,0.2900391
0.5634766,0.4750977
0.5712891,0.9916992
0.3828125,0.3959961
0.4033203,0.2177734
0.5302734,0.4907227
0.5546875,0.07470703
0.5048828,0
0.4580078,0.1982422
0.6279297,0.7543945
0.6674805,0.6625977
0.3613281,0.2949219
0.5273438,0.9384766
0.6948242,0.6699219
0.621582,0.7519531
0.4702148,0.6645508
0.5380859,1.000488
0.3686523,0.3662109
0.6132812,0.3930664
0.4360352,0.480957
0.5117188,0.7592773
0.3227539,0
0.2509766,0.480957
0.1347656,0.4130859
0.605957,0.5600586
0.1665039,0.7358398
0.3603516,0.5053711
0.3461914,0.5654297
0.4155273,0.2509766
0.1767578,0.9121094
0.4619141,0.4980469
0.1206055,0.4648438
0.1132812,0.831543
0.6816406,0.1479492
0.4111328,0.7324219
0.3374023,0.1645508
0.6186523,0.4238281
0.3686523,1
0.2670898,0.4423828
0.4106445,0.1835938
0.4379883,0.3227539
0.1342773,0.7524414
0.2749023,1.000488
0.3769531,0.8789062
0.6625977,0.5966797
0.3769531,0.6503906
0.3862305,0.4321289
0.3076172,0.8466797
0.4155273,0.5458984
0.4521484,0.9360352
0.5834961,0.2304688
0.3017578,0.2587891
0.5019531,1.000488
0.5229492,0.4399414
0.2641602,0
0.1894531,0.5917969
0.5400391,0.1479492
0.5463867,0.328125
0.5195312,0.1655273
0.2319336,0.3422852
0.3510742,0.5874023
0.4536133,0.2573242
0.3564453,0.7519531
0.3613281,0.2651367
0.534668,0.4023438
0.2822266,0.190918
0.5009766,0.8930664
0.2954102,0.1665039
0.3222656,0.7758789
0.1254883,0.5039062
0.7148438,0.4345703
0.4174805,0.378418
0.7373047,0.3100586
0.3457031,0.2426758
0.4155273,0.5561523
0.4829102,0.5410156
0.2807617,0.2729492
0.2329102,0.7368164
0.4555664,0.1777344
0.644043,0.2612305
0.5200195,0.01757812
0.4472656,0.8696289
0.4511719,0.5800781
0.371582,0.5332031
0.3452148,0.6069336
0.6669922,0.2407227
0.4458008,0.8149414
0.4111328,0.3369141
0.4677734,0.5825195
0.3959961,0.3188477
0.2993164,0.4365234
0.5717773,0.7387695
0.6987305,0.3725586
0.6123047,0.4008789
0.2036133,0.3881836
0.4418945,0.5898438
0.2910156,0.4125977
0.3041992,1.000488
0.440918,0.6533203
0.5078125,0.5024414
0.4257812,0.4536133
0.5737305,0.1689453
0.3632812,0.2250977
0.7519531,0.7719727
0.4160156,0.734375
0.5097656,0.3037109
0.4443359,0.4389648
0.5073242,0.4492188
0.5610352,0.6557617
0.4804688,0.5908203
0.3447266,0.6430664
0.3452148,0.8725586
0.3857422,0.2348633
0.3842773,0.6176758
0.4462891,0.07080078
0.3789062,0.3076172
0.2924805,0.2851562
0.4199219,0.2543945
0.5214844,0.2783203
0.4931641,0.1469727
0.3349609,0.2734375
0.3461914,0.5317383
0.4555664,0.1977539
0.1508789,0.5048828
0.5112305,0.2885742
0.5488281,0.2338867
0.6606445,0.859375
0.3374023,0.6816406
0.6757812,0.8037109
0.3320312,0.3022461
0.2241211,0.409668
0.3027344,0.9946289
0.409668,0.8188477
0.359375,0.8725586
0.3457031,0.3432617
0.144043,0.4160156
0.6933594,0.6025391
0.3320312,0.5620117
0.6259766,0.746582
0.6704102,1.000977
0.5307617,0.2509766
0.2885742,0.8134766
0.3398438,0.3144531
0.4360352,0.3139648
0.1518555,0.2861328
0.2431641,0.3935547
0.671875,0.3935547
0.2861328,1
0.5380859,0.3330078
0.5439453,0.8046875
0.4638672,0.5644531
0.6088867,0.6132812
0.2490234,1
0.2607422,0.4238281
0.3730469,0.6621094
0.2719727,0.4990234
0.2060547,0.2583008
0.434082,0.5737305
0.5839844,0.1342773
0.5605469,0.3037109
0.402832,0.6879883
0.4414062,0.4345703
0.07275391,0.512207
0.487793,0.7553711
0.5385742,0.3598633
0.2910156,0.4130859
0.2729492,0.265625
0.3974609,0.4526367
0.762207,0.5327148
0.409668,0.8735352
0.5419922,0.7226562
0.2583008,0.2875977
0.5087891,0.8017578
0.3144531,0.8452148
0.3432617,0.590332
0.4350586,0.3310547
0.527832,0.4394531
0.3134766,0.3208008
0.5756836,0.6879883
0.5039062,1.000488
0.5249023,0.1806641
0.6113281,0.4238281
0.1196289,0.6655273
0.2255859,0.418457
0.3828125,0.3105469
0.3579102,0.4711914
0.5136719,0
0.5307617,0.5166016
0.4135742,0.3525391
0.3046875,0.206543
0.262207,0.5205078
0.1855469,0.5961914
0.3857422,0.4208984
0.6162109,0.7226562
0.5048828,0.5219727
0.4453125,0.8457031
0.6621094,0.09423828
0.5791016,1.000488
0.171875,0.1928711
0.3466797,0.6318359
0.1625977,1.000488
0.597168,0.7998047
0.4082031,0.8408203
0.2119141,0.2392578
0.340332,0.4594727
0.7163086,0.597168
0.1308594,0.07324219
0.5761719,0.2563477
0.3266602,0.5439453
0.7124023,0.7636719
0.5253906,0.4741211
0.5073242,0.3076172
0.7768555,0.4013672
0.65625,0.5195312
0.1298828,0.9995117
0.6489258,0.1738281
0.3081055,1.000488
0.215332,0.9995117
0.2055664,0.5048828
0.2207031,0.7358398
0.3198242,0.3681641
0.4418945,0.4155273
0.4262695,0
0.5361328,0.3710938
0.4091797,0.3071289
0.2607422,1
0.5024414,0.265625
0.7236328,0.1938477
0.5410156,0.7177734
0.3071289,0
0.4125977,0
0.5605469,0
0.6992188,0
0.2426758,0.5600586
0.5263672,0.1704102
0.3046875,0.5551758
0.3701172,0.8759766
0.1264648,0.6972656
0.465332,0.4770508
0.5136719,1
0.4970703,0.3544922
0.4277344,0.7719727
0.4375,1.000488
0.6782227,0.8164062
0.3510742,0.449707
0.3095703,0.3818359
0.3398438,0.5498047
0.4448242,0
0.34375,0.7265625
0.4545898,0.2402344
0.3198242,0.1494141
0.4433594,0.6948242
0.5273438,0.7207031
0.6054688,0.7905273
0.2749023,1
0.2314453,0.7138672
0.4765625,0.8037109
0.5068359,0.3374023
0.4863281,0.5874023
0.2983398,0.6049805
0.3896484,0.40625
0.628418,0.8237305
0.690918,0.0546875
0.5336914,0.5229492
0.4541016,0.09179688
0.1606445,0.2763672
0.2841797,0.7236328
0.3291016,0.7207031
0.4472656,0.2900391
0.6025391,0.4316406
0.2446289,0.1069336
0.3867188,0.8041992
0.3500977,0.8369141
0.1650391,0.2392578
0.3955078,0.7094727
0.4760742,0
0.5629883,1.000488
0.5615234,0.8618164
0.6206055,0.6987305
0.4169922,0.1420898
0.340332,0.6816406
0.6157227,0.1166992
0.4199219,0.609375
0.5332031,0.4033203
0.6210938,0.5532227
0.4135742,0.5073242
0.3364258,1
0.2080078,1
0.4731445,0.8520508
0.5664062,0.2993164
0.4321289,0.7368164
0.456543,0.21875
0.4086914,0.359375
0.6274414,0.5615234
0.3344727,0.3481445
0.5058594,0.7246094
0.5844727,0.5859375
0.6523438,0.3149414
0.2070312,0.2026367
0.4584961,0.6499023
0.1557617,0.4042969
0.4414062,0
0.3349609,0.8818359
0.512207,0.2036133
0.4912109,0.6054688
0.331543,1.000488
0.09667969,0.8374023
0.4194336,0.215332
0.3378906,0.2773438
0.3632812,0.7124023
0.21875,0.5576172
0.3266602,0.2509766
0.6118164,0
0.1972656,0.6806641
0.4707031,0.715332
0.5883789,0.2705078
0.53125,0.4804688
0.5888672,0.2558594
0.6220703,0.612793
0.6040039,0.2763672
0.2661133,0.2529297
0.5620117,0.3833008
0.1655273,0.9995117
0.3779297,0.3920898
0.421875,0.7763672
0.2138672,0.8041992
0.3544922,0.3798828
0.3393555,0.03027344
0.4707031,0.8183594
0.3632812,0.4272461
0.2983398,0
0.4521484,0.2426758
0.7148438,0.4472656
0.2666016,0.2998047
0.3398438,0.359375
0.6054688,0.171875
0.2133789,0.4423828
0.4863281,0.6040039
0.6230469,0.1308594
0.3344727,0.8173828
0.3486328,0.3305664
0.5869141,0.3168945
0.1884766,1.000977
0.2675781,0.2260742
0.3730469,0
0.4956055,0
0.4316406,0.1899414
0.2387695,0
0.5268555,0.4311523
0.2973633,0.7714844
0.5292969,0.7539062
0.1420898,0.8867188
0.5087891,0
0.3686523,0.7294922
0.4165039,0.2285156
0.5629883,0.8491211
0.5600586,0.4790039
0.5844727,0.2602539
0.3540039,0.762207
0.6489258,0.9873047
0.3603516,0.1665039
0.1972656,0.5258789
0.3085938,0.4692383
0.1489258,0.7373047
0.3901367,0.1889648
0.3735352,0.7421875
0.2758789,0.4194336
0.4575195,0.9145508
0.2358398,0.7612305
0.4902344,0.9379883
0.5083008,0.6357422
0.4594727,0.4829102
0.0703125,0.08642578
0.456543,0.6303711
0.4165039,1.000488
0.5830078,0.4111328
0.2841797,0.1499023
0.5302734,0.7016602
0.4609375,0.1870117
0.5844727,0.2578125
0.4091797,1.000977
0.4790039,0.7270508
0.4272461,0.8525391
0.3007812,0.1606445
0.3310547,0.3305664
0.5092773,0
0.4233398,1.000488
0.4541016,0.3867188
0.5292969,0.8330078
0.4902344,0.578125
0.6186523,0.3476562
0.2094727,0.4829102
0.1865234,0.7280273
0.449707,0.1650391
0.2177734,0.4042969
0.5244141,0.6796875
0.4052734,0.03027344
0.1166992,0.2490234
0.4082031,1.000488
0.3295898,0.8837891
0.6176758,0.3549805
0.5141602,0.6083984
0.3393555,0.2236328
0.2568359,0.5625
0.4003906,0.2880859
0.300293,0.2368164
0.3647461,0
0.4648438,0.4790039
0.4272461,0.609375
0.3867188,0.2451172
0.4301758,0
0.2202148,0.1679688
0.2421875,0.3305664
0.371582,0.3564453
0.3383789,1.000488
0.5141602,0.8100586
0.5380859,0.4038086
0.4946289,0.4907227
0.3291016,0.07177734
0.2915039,0.4174805
0.2807617,0.7172852
0.5078125,0.5219727
0.331543,0.6435547
0.2167969,0
0.2290039,0
0.4140625,0.6430664
0.21875,0.4526367
0.4980469,0.5683594
0.2270508,0.5507812
0.3496094,0.5454102
0.4692383,0.4545898
0.5581055,0.4238281
0.3925781,0.5732422
0.6289062,0.05908203
0.4443359,0.2675781
0.331543,0.4794922
0.4892578,0.1342773
0.5219727,0.3374023
0.5522461,0.5258789
0.71875,0.6318359
0.5410156,0.4399414
0.3618164,0.527832
0.465332,0.4990234
0.4160156,0.7416992
0.4091797,0.3671875
0.3061523,0.284668
0.6279297,0.7045898
0.331543,0.7216797
0.3525391,0
0.5444336,0.5219727
0.2939453,0.02441406
0.4672852,0.3955078
0.3681641,0.8881836
0.4033203,0.2880859
0.5878906,0.3452148
0.5073242,0.715332
0.5180664,0.6171875
0.1464844,0.4575195
0.2490234,0.3569336
0.4204102,0.7724609
0.5112305,0
0.7451172,0.1748047
0.5756836,0.2587891
0.3500977,0.9785156
0.7070312,0.3979492
0.6616211,0.609375
0.3974609,0.5493164
0.5297852,0.1699219
0.4599609,0.3203125
0.4492188,0.8344727
0.2563477,0.3569336
0.5830078,0.8041992
0.5864258,0.71875
0.2211914,0.2836914
0.2929688,0.5185547
0.1557617,0.7163086
0.2749023,1.000488
0.5595703,0.394043
0.1367188,0.5917969
0.3154297,0
0.4204102,0.7216797
0.4365234,0.2109375
0.2241211,0.5722656
0.2099609,0.6279297
0.5131836,0.8061523
0.1401367,0.3217773
0.3320312,0.7006836
0.2856445,0.5537109
0.4570312,0.4707031
0.4907227,0.4248047
0.1977539,0.7734375
0.2910156,0.2685547
0.2231445,0.6591797
0.5849609,0.5737305
0.3710938,0.3022461
0.6308594,0.394043
0.4296875,0.293457
0.3916016,0.9238281
0.3466797,0.3569336
0.4438477,0.7700195
0.3901367,0.6206055
0.5307617,0.2563477
0.6191406,0.1601562
0.4355469,0.5825195
0.159668,0.5673828
0.3110352,0.9672852
0.3398438,0.3486328
0.4506836,0.6000977
0.5273438,1.000488
0.4047852,1.000977
0.34375,0.3427734
0.7109375,0.3876953
0.5878906,0.7875977
0.2841797,0.3295898
0.5297852,1.000488
0.2138672,0.7797852
0.5126953,0.6577148
0.4985352,0.1757812
0.3657227,0.7158203
0.2797852,0.1508789
0.3041992,0.378418
0.5107422,0.8916016
0.2250977,0.8647461
0.2680664,0.7451172
0.2836914,0.7421875
0.08398438,0.1669922
0.4052734,0.9702148
0.402832,0.5839844
0.4692383,0.6904297
0.4448242,0.7763672
0.5673828,0.09912109
0.3334961,1.000488
0.5146484,0.2929688
0.4677734,0.3188477
0.465332,0.5336914
0.5332031,0.5878906
0.5273438,0.7197266
0.3999023,0.1035156
0.5029297,0.6987305
0.6542969,0.7832031
0.4370117,1.000488
0.2402344,0.2998047
0.2749023,1.000488
0.5249023,0.1142578
0.5424805,0.6884766
0.5537109,0.9072266
0.6645508,0.6088867
0.3491211,0.6699219
0.6791992,0.3969727
0.5795898,0.3222656
0.3442383,0.7734375
0.4555664,0.5112305
0.3374023,0.25
0.503418,0.7182617
0.4301758,0.3046875
0.5478516,1.000488
0.3203125,1.000488
0.5419922,0.4013672
0.6523438,0.2402344
0.6391602,0.1083984
0.215332,0.1147461
0.4345703,0.3813477
0.5668945,0.5830078
0.2504883,0.3823242
0.5004883,0.5327148
0.3286133,0
0.4023438,0.3212891
0.5512695,0.5610352
0.4638672,0.7583008
0.5224609,0.7514648
0.4931641,0.4648438
0.4165039,0
0.3676758,0.3369141
0.3911133,0.3452148
0.237793,0.2978516
0.5771484,0.1865234
0.7280273,0.8491211
0.3540039,0.8085938
0.4257812,0.6235352
0.3061523,0.6142578
0.6567383,0.3579102
0.3588867,0
0.5825195,0.5610352
0.4301758,0.4941406
0.5253906,0.3554688
0.3046875,0.715332
0.7529297,0.6157227
0.3803711,0.3920898
0.3989258,0.609375
0.1547852,0.4458008
0.3881836,0
0.484375,0.8276367
0.3676758,0.7329102
0.3686523,1.000488
0.7124023,0.6040039
0.4858398,0.8549805
0.4907227,0.4555664
0.3730469,0.2749023
0.1508789,0.03515625
0.6098633,0.5527344
0.4780273,0
0.168457,1
0.4633789,0.7866211
0.4077148,0.6108398
0.09960938,0.1943359
0.4619141,0.8212891
0.1337891,0
0.4023438,1.000488
0.5649414,0.01855469
0.234375,0.5986328
0.4541016,0
0.1147461,0.4926758
0.4814453,0.1894531
0.5541992,0.1777344
0.6333008,0.1992188
0.168457,0.7724609
0.2978516,0.7709961
0.6220703,0.2763672
0.5800781,0.3808594
0.3286133,0
0.5454102,0.7597656
0.2924805,0.7583008
0.1342773,0.7685547
0.4785156,0.5898438
0.6098633,0.8769531
0.6879883,0.3505859
0.5141602,1.000488
0.3520508,0.800293
0.4824219,0.3173828
0.5336914,0.5869141
0.371582,0.7158203
0.3261719,0
0.3295898,0.6962891
0.3325195,0.4975586
0.4140625,0
0.3422852,0.2270508
0.3764648,0.2963867
0.4160156,0.387207
0.7128906,0.7939453
0.4453125,0.3286133
0.4667969,0.02685547
0.5014648,0.5673828
0.6303711,0.625
0.3632812,0.5966797
0.3759766,0.8520508
0.4882812,1.000488
0.4414062,0.2280273
0.4291992,0.4833984
0.2841797,0.8515625
0.425293,0.015625
0.3354492,0.9458008
0.5454102,0.4404297
0.3085938,0.6499023
0.543457,0.6914062
0.4360352,0.659668
0.2749023,0.2080078
0.2436523,0.5830078
0.5537109,0.9077148
0.4936523,0.972168
0.6240234,0.6538086
0.5273438,0.02539062
0.7612305,0.7250977
0.3129883,0.4594727
0.4189453,0.08056641
0.3662109,0.015625
0.3095703,0.3051758
0.2924805,0.3911133
0.4599609,0.378418
0.3867188,0.1782227
0.4912109,0.5112305
0.6655273,0.4570312
0.5,0.7456055
0.5087891,0.6308594
0.269043,0
0.6728516,0.1513672
0.2324219,0.4726562
0.4882812,1
0.222168,0.1362305
0.784668,1.000977
0.4750977,1.000977
0.4511719,0.2314453
0.4863281,0.6176758
0.6333008,0.5473633
0.4482422,0.7851562
0.1435547,0.8369141
0.3945312,0.1967773
0.5273438,0.9384766
0.4023438,0.4291992
0.3881836,0.5253906
0.4482422,0
0.2485352,0.371582
0.5317383,0.3476562
0.265625,0.5014648
0.4697266,0.6816406
0.4477539,0.7822266
0.5146484,0.4511719
0.1293945,0.2915039
0.3642578,0.4414062
0.4438477,0.7895508
0.5844727,0.2578125
0.4301758,0.6171875
0.1577148,0.4946289
0.4780273,0.5234375
0.4321289,0.2412109
0.21875,0.4609375
0.440918,0.7924805
0.340332,0.71875
0.449707,0.6948242
0.46875,0.1098633
0.4736328,0.3242188
0.7060547,0.6435547
0.5087891,0.8857422
0.6376953,0.3183594
0.5390625,0.1557617
0.2636719,0.2504883
0.5292969,0.7485352
0.6323242,0.5048828
0.3134766,0.6982422
0.4287109,0.3603516
0.456543,0.9458008
0.4589844,0.2104492
0.706543,0.3666992
0.6455078,0.9291992
0.2612305,0.4223633
0.3334961,0.6704102
0.5175781,0
0.1479492,0.484375
0.5463867,0.6674805
0.2426758,0.6538086
0.2485352,0.8745117
0.4555664,0.2602539
0.4614258,0.4443359
0.6455078,0
0.2148438,0.3852539
0.4985352,0.6503906
0.6230469,0.6621094
0.2915039,0.05322266
0.4975586,0.8652344
0.2836914,0.4140625
0.3710938,0.5722656
0.2011719,0.2900391
0.2924805,0.5625
0.4501953,0.7910156
0.5092773,1.000488
0.2641602,0.5629883
0.2460938,0.3901367
0.2314453,0.4907227
0.3173828,0.6499023
0.5644531,0
0.1894531,0.005371094
0.5512695,0.2226562
0.2021484,0.8276367
0.4990234,0.4077148
0.5249023,0.1811523
0.7382812,0.7695312
0.2333984,0.2856445
0.7172852,0.4624023
0.5356445,0.359375
0.3881836,0.3647461
0.5458984,0.7875977
0.2348633,0.7680664
0.543457,0
0.3798828,0.05712891
0.4082031,0.5170898
0.1801758,0.8574219
0.3774414,0.4584961
0.5141602,0.519043
0.5185547,0.2978516
0.2470703,0.3896484
0.3388672,0.1943359
0.3579102,0.5673828
0.4814453,0.7929688
0.1899414,0.8032227
0.1762695,0
0.1948242,0.7314453
0.2924805,0.7290039
0.4648438,0.5092773
0.3867188,0.5830078
0.3237305,1
0.4501953,0.6225586
0.4467773,0.8056641
0.375,0.4780273
0.2851562,1
0.4990234,0.5791016
0.3310547,0.4350586
0.3291016,0.5083008
0.5581055,0.6323242
0.2597656,0.4101562
0.4047852,0.5668945
0.484375,0.03417969
0.3652344,0.2514648
0.6279297,0.159668
0.5209961,0.03320312
0.1513672,0.7539062
0.4604492,0.8320312
0.6396484,0.2709961
0.5097656,0.5400391
0.3828125,0.2592773
0.5205078,0.3959961
0.5161133,0.7167969
0.5932617,0.1347656
0.4575195,0.2080078
0.3305664,0.8071289
0.2172852,0.2216797
0.3051758,0.8740234
0.2329102,0.5874023
0.3974609,0.6040039
0.3286133,0.3925781
0.2524414,0.6416016
0.5712891,0.5371094
0.2089844,0.2929688
0.4648438,0.5112305
0.3720703,0.7163086
0.6992188,0.2470703
0.3891602,0.4868164
0.3764648,0.5800781
0.5961914,0.3027344
0.2729492,0.503418
0.5273438,0.5131836
0.5917969,0.8466797
0.5283203,0.2895508
0.5678711,0.5849609
0.2348633,0.8408203
0.09375,0.8696289
0.4511719,0.2939453
0.5678711,0.5620117
0.3378906,0.1650391
0.4160156,0.2890625
0.2871094,0.5483398
0.5800781,0.7026367
0.3994141,0.4863281
0.269043,0.3486328
0.4858398,0.3442383
0.418457,0.7353516
0.6611328,0.5976562
0.402832,0.8066406
0.487793,0.359375
0.2714844,0.05859375
0.3510742,0.5849609
0.1733398,0.496582
0.1435547,0.4697266
0.4638672,0.2001953
0.4233398,0.3618164
0.4394531,0.3149414
0.2768555,0.4248047
0.1606445,0.5361328
0.4848633,0.5083008
0.4101562,0.7216797
0.4135742,0.3237305
0.6323242,0.6337891
0.6069336,0.5605469
0.4628906,0.7436523
0.5200195,0.7441406
0.5180664,0.2763672
0.3452148,0.769043
0.3950195,0.4824219
0.387207,0.4682617
0.3388672,0
0.4091797,0.3686523
0.4169922,0.7851562
0.3486328,0.5039062
0.3134766,0.1811523
0.2436523,0.2553711
0.3837891,0.4243164
0.3261719,0.7866211
0.4990234,0.2446289
0.3828125,0.08837891
0.3374023,0.5512695
0.3496094,0
0.4379883,1.000488
0.2026367,0.9179688
0.4243164,0.5170898
0.2773438,0.902832
0.4697266,0.4345703
0.3691406,0
0.1708984,0.1386719
0.449707,0.5507812
0.4306641,0.4936523
0.4155273,0.3061523
0.6630859,0.5654297
0.6210938,0.07128906
0.5625,0.3320312
0.5366211,0.2890625
0.5273438,0.6635742
0.4589844,0.3603516
0.2724609,0.2983398
0.5766602,0.2416992
0.3149414,0.5576172
0.3349609,0
0.4873047,0.7177734
0.7060547,0.6450195
0.5219727,1.000488
0.3173828,0.5576172
0.4575195,0.3339844
0.4394531,0
0.4511719,0.84375
0.4873047,0.7329102
0.53125,0.3164062
0.3540039,0.5952148
0.2993164,0.1918945
0.3271484,0.7324219
0.1826172,0.65625
0.793457,0.1098633
0.3564453,0.4746094
0.3740234,0.5224609
0.2983398,0.5639648
0.2792969,0.8100586
0.3740234,0.3554688
0.4472656,0.4521484
0.3613281,0.2607422
0.6357422,0.3564453
0.3164062,0.5488281
0.5161133,0.6855469
0.4013672,0.6992188
0.440918,0.7944336
0.6523438,0.7753906
0.2348633,0.8408203
0.4477539,0.7304688
0.4697266,0.7299805
0.2119141,0.2651367
0.4013672,0.1235352
0.6357422,0.7099609
0.5927734,0.4951172
0.6357422,0.7099609
0.1420898,0.4223633
0.1416016,0.4238281
0.5458984,0
0.4492188,0.6811523
0.6191406,0.1103516
0.5288086,0.3813477
0.3994141,1
0.4633789,0.2548828
0.3837891,0.3330078
0.6445312,0.4238281
0.3144531,0.5585938
0.5292969,0.7202148
0.7246094,0.6762695
0.4467773,0.472168
0.6606445,0.4960938
0.3564453,0.2807617
0.1889648,0.765625
0.4975586,0.8725586
0.3779297,0.875
0.09960938,0.1713867
0.6333008,0.331543
0.4711914,0.01611328
0.5537109,0.2519531
0.2001953,0.5805664
0.3876953,0.230957
0.4951172,0.7114258
0.4941406,0.7099609
0.581543,1.000488
0.7280273,0.6342773
0.5766602,0.6494141
0.2607422,0.4248047
0.4472656,0.6831055
0.5649414,0.1669922
0.3588867,0.6342773
0.1958008,0.8066406
0.3945312,0.2700195
0.5996094,0.7167969
0.2260742,0.05615234
0.6264648,0.5981445
0.5288086,0.6586914
0.4868164,0.3979492
0.4741211,0.496582
0.3730469,0.6552734
0.7202148,0.4174805
0.5942383,0.3320312
0.3505859,0.1049805
0.08300781,0.9414062
0.293457,0.2749023
0.4995117,0.7509766
0.4462891,0.4511719
0.3867188,0.4355469
0.378418,1
0.378418,0.2348633
0.355957,0.6743164
0.4462891,0.8193359
0.1977539,0.1708984
0.5087891,0.3564453
0.5209961,0.5112305
0.5317383,0.9848633
0.3466797,0.8012695
0.484375,0.7182617
0.5302734,0.5986328
0.4780273,0.309082
0.5810547,0.668457
0.315918,0.2470703
0.3808594,0.7978516
0.2641602,0.7314453
0.6352539,0.456543
0.2368164,0.65625
0.7568359,0.1816406
0.4008789,0.6816406
0.4160156,0.002441406
0.2592773,0.300293
0.2592773,0
0.3588867,0.4589844
0.4609375,0.7602539
0.1796875,0.6796875
0.2973633,0
0.4213867,0.7075195
0.3798828,0.8032227
0.2163086,0.5844727
0.4804688,0.6416016
0.4257812,0.1425781
0.5175781,0.1835938
0.34375,0.394043
0.3686523,0.2636719
0.4365234,0.4741211
0.4121094,0.6821289
0.6386719,0.3398438
0.3500977,0.5688477
0.3999023,0.109375
0.5131836,0.4833984
0.5561523,0.4086914
0.2666016,0.625
0.1782227,0.4648438
0.2714844,0.1650391
0.6044922,1.000488
0.4609375,0.2993164
0.3325195,0.1269531
0.3886719,0.675293
0.2363281,1.000488
0.6674805,0.1669922
0.5,0.8168945
0.6225586,0.5610352
0.1660156,0.5927734
0.4584961,0.5170898
0.46875,0.6738281
0.7094727,0.3535156
0.675293,0.2924805
0.699707,0.534668
0.3491211,0.4155273
0.3266602,1.021484
0.5844727,0.03808594
0.3510742,0.04443359
0.6796875,0.4130859
0.512207,0.7260742
0.4912109,0.5136719
0.5234375,0.3481445
0.5351562,0.5170898
0.4960938,0.2197266
0.4165039,0.4819336
0.4477539,0.7729492
0.1142578,0.1972656
0.4882812,0.5092773
0.6518555,0.4208984
0.4902344,0.1757812
0.4135742,0.8598633
0.2041016,0.1035156
0.3852539,0.5004883
0.4638672,0.3051758
0.1240234,0.8413086
0.4941406,0.4755859
0.5732422,0.6293945
0.4072266,0.3251953
0.1772461,0.2089844
0.1733398,0.5859375
0.503418,1.000977
0.4619141,0.8222656
0.2456055,0
0.5751953,0.6933594
0.4091797,0.5795898
0.1503906,0
0.3212891,0.8066406
0.1777344,0.9633789
0.3706055,0.4399414
0.234375,0.4223633
0.421875,0.2880859
0.2290039,0.7026367
0.1386719,0.8413086
0.3525391,0
0.331543,0.3027344
0.3178711,0.9526367
0.2910156,0.5141602
0.4536133,0.246582
0.2792969,0.6958008
0.2207031,0.8393555
0.515625,0.2910156
0.4375,0.2880859
0.4829102,0.6547852
0.4174805,1.000977
0.4106445,0.1142578
0.6010742,0.324707
0.6933594,0.7700195
0.3666992,0.3994141
0.5273438,0.5859375
0.5317383,0.902832
0.5527344,0.6557617
0.4482422,0.03173828
0.4257812,0
0.3535156,0.8491211
0.4448242,0.5097656
0.203125,0.3925781
0.4262695,0.4638672
0.2529297,0.3515625
0.2177734,0.9921875
0.4858398,0.3408203
0.3876953,0.184082
0.4755859,0.7944336
0.3886719,0.3710938
0.2895508,0.5727539
0.4438477,0.5800781
0.4013672,0.699707
0.7480469,0.2529297
0.6220703,0.4370117
0.2602539,0.3305664
0.2182617,0.1635742
0.3081055,0.4941406
0.4243164,0
0.3837891,0.5883789
0.4321289,0.9301758
0.2524414,0.4047852
0.6992188,0.5488281
0.4023438,0
0.3115234,0.8491211
0.3925781,0.4667969
0.6064453,0.8144531
0.5053711,0.1474609
0.4462891,0.605957
0.7353516,0.378418
0.3139648,0.840332
0.4814453,0.1879883
0.5087891,0.2392578
0.4013672,0.2695312
0.6635742,1.000977
0.2089844,0.2070312
0.4267578,0.8476562
0.449707,1
0.4301758,0.5874023
0.1459961,0.512207
0.4370117,0.2382812
0.1767578,0.9125977
0.3310547,0.7993164
0.168457,0.5161133
0.5058594,0.2895508
0.6972656,0.6489258
0.4335938,0.2373047
0.2680664,0.3154297
0.4956055,0
0.2099609,0.6206055
0.4350586,1.000488
0.5878906,0.2304688
0.5161133,0.5053711
0.3974609,0.2119141
0.3759766,0.8598633
0.3271484,1.000488
0.4956055,0.15625
0.168457,0.7290039
0.4208984,0.3930664
0.6459961,0.581543
0.4077148,0.8481445
0.2851562,0.3276367
0.3881836,0.5283203
0.3354492,0.3251953
0.3925781,0.2856445
0.5048828,0.265625
0.4848633,0.5546875
0.5615234,0.3828125
0.3022461,1.000488
0.237793,0.6689453
0.581543,0.5415039
0.6474609,1.000488
0.3828125,1.000488
0.1552734,0.609375
0.5478516,0.8642578
0.5029297,0.6904297
0.2236328,0.4135742
0.2880859,0.4536133
0.3828125,0.2651367
0.5439453,0.8457031
0.6782227,0.8696289
0.1787109,0.5839844
0.1362305,0.4970703
0.1938477,0.7299805
0.5493164,0.7192383
0.2641602,0.2758789
0.4033203,0.7294922
0.2407227,0.4902344
0.4438477,0.6396484
0.3696289,0.3950195
0.4541016,0.4604492
0.4208984,0.4223633
0.5161133,0.8696289
0.4541016,0.4521484
0.3476562,0.3935547
0.4111328,0.3398438
0.4858398,0.4199219
0.3681641,0.5888672
0.2543945,1
0.4619141,0.359375
0.5917969,0.2758789
0.293457,0.8286133
0.5214844,0.6469727
0.4448242,0.8408203
0.5727539,0.4960938
0.4199219,0.1669922
0.5332031,0.3027344
0.2485352,1
0.4077148,0.3588867
0.1069336,0.9819336
0.5395508,0.2382812
0.5117188,0.7602539
0.4150391,0.2739258
0.3496094,0.4165039
0.487793,0
0.2441406,0.784668
0.7216797,0.3071289
0.3227539,0.8569336
0.5786133,0
0.2304688,0.1123047
0.3686523,0.8408203
0.3071289,0.7246094
0.4282227,0
0.4501953,0.6162109
0.3442383,0.7099609
0.2871094,0.40625
0.3925781,0.3120117
0.4003906,0
0.5493164,0.809082
0.5141602,0.4355469
0.3417969,0.8144531
0.5405273,1.000488
0.4643555,0.5639648
0.515625,0.4599609
0.1513672,0.7539062
0.4985352,1.000488
0.7626953,0.8671875
0.3208008,0.8696289
0.5170898,0.34375
0.4584961,0.9755859
0.4697266,0.2797852
0.2597656,0.4067383
0.3676758,0.637207
0.34375,0
0.1972656,0.1708984
0.4272461,0.3334961
0.4580078,0.8579102
0.3945312,0.4272461
0.3417969,0.2089844
0.6191406,0.1435547
0.5629883,0.21875
0.3344727,1
0.5141602,0.8242188
0.6010742,0.284668
0.4633789,0.3325195
0.5673828,0.4003906
0.7739258,0.3623047
0.3168945,0.46875
0.2636719,0.4848633
0.3276367,0.08398438
0.4770508,0.9135742
0.4750977,0.5649414
0.519043,0.3300781
0.1679688,0.5708008
0.3774414,0.8100586
0.3837891,0.4130859
0.4936523,0.1362305
0.6328125,0.8129883
0.387207,0.1298828
0.190918,0.5898438
0.3286133,0
0.3901367,0.375
0.175293,0.5576172
0.5146484,0.434082
0.5756836,0.1953125
0.2075195,0.7211914
0.5463867,0.1220703
0.4213867,0.5302734
0.2612305,1
0.1967773,0.1674805
0.4145508,0.1787109
0.3491211,0.565918
0.5717773,0.7387695
0.2143555,0.3398438
0.4580078,0.8339844
0.605957,0.5859375
0.4697266,0.004394531
0.4023438,0.8129883
0.5986328,0.7236328
0.6259766,0.6357422
0.1245117,0.6601562
0.515625,0.6928711
0.4125977,0.3964844
0.3696289,0.7041016
0.6391602,0.769043
0.5249023,0.3613281
0.1489258,0.4838867
0.5141602,0.512207
0.3769531,0.4785156
0.2260742,0.6318359
0.2026367,0
0.4052734,0.5131836
0.2456055,0.8261719
0.300293,0.8095703
0.3310547,0.7563477
0.3134766,0.6982422
0.1591797,0.484375
0.4282227,0
0.3754883,0.6650391
0.4023438,0.4628906
0.3354492,0.5595703
0.09082031,0.5385742
0.3676758,0.2631836
0.4794922,0.3496094
0.3300781,1
0.484375,0.3149414
0.53125,1.000488
0.5205078,0.3320312
0.5830078,0.6645508
0.4726562,0.7163086
0.6010742,0.2641602
0.5429688,0.96875
0.2514648,0.4458008
0.456543,0.3691406
0.3500977,0.4614258
0.4077148,0.3588867
0.2988281,0.6513672
0.4594727,0.3969727
0.3300781,0.5478516
0.4165039,0.7495117
0.53125,0.6303711
0.4936523,0.1762695
0.6088867,0.7041016
0.4824219,0.996582
0.3491211,0.2543945
0.1953125,0.7285156
0.5522461,0.168457
0.5058594,0.1386719
0.4101562,0.5415039
0.5385742,0.4223633
0.2563477,0.2285156
0.4257812,0.8422852
0.25,0.6953125
0.4135742,0.8266602
0.449707,0.2734375
0.5200195,0.8725586
0.5546875,0.4091797
0.3955078,0.7827148
0.3168945,0
0.2167969,0.5424805
0.5146484,0.6523438
0.5605469,0.4677734
0.3481445,0.6362305
0.6015625,0.140625
0.4580078,0.5175781
0.3520508,0.7592773
0.6450195,0.206543
0.5273438,0.809082
0.6665039,0.394043
0.5332031,0.9477539
0.3134766,0.1674805
0.3789062,0.1157227
0.671875,0.1445312
0.4692383,0.4658203
0.6420898,0.5263672
0.4702148,0.7290039
0.4248047,0.2680664
0.4570312,0.5424805
0.4150391,0.7387695
0.6274414,0.2729492
0.3862305,0.2363281
0.5239258,0.6469727
0.4165039,0.578125
0.3041992,0.3754883
0.2973633,0.4301758
0.5019531,0.7314453
0.472168,0.765625
0.1875,0.1435547
0.324707,0.2734375
0.5947266,0.5625
0.2548828,0.6806641
0.3398438,0.6049805
0.5961914,0.4223633
0.2436523,0.7817383
0.3564453,0.3022461
0.4023438,0.5620117
0.4233398,0.5102539
0.3447266,0.6479492
0.7119141,0.4379883
0.4790039,0.8208008
0.3725586,0.3564453
0.7128906,0.3574219
0.3271484,0.9916992
0.109375,0.269043
0.5175781,0.2978516
0.246582,0.1538086
0.2509766,0.4150391
0.6992188,0.6806641
0.4160156,0.5039062
0.4858398,0.2050781
0.2456055,0.7568359
0.4067383,0.2001953
0.3671875,0.4169922
0.2993164,0.4604492
0.5053711,0.8256836
0.534668,0.534668
0.6162109,0.1923828
0.3369141,0.309082
0.5332031,0.2871094
0.4462891,0.8154297
0.2451172,0.4575195
0.4829102,0.543457
0.4204102,0.6484375
0.2685547,0.7841797
0.262207,0.96875
0.5117188,0.6655273
0.3305664,0.6416016
0.5351562,0.8461914
0.4658203,0.6811523
0.4863281,0.7138672
0.3066406,0.3569336
0.5112305,0.315918
0.3823242,0.4370117
0.7036133,0.6860352
0.3408203,0.4560547
0.5151367,0.7080078
0.3071289,0.1196289
0.5732422,0.7871094
0.168457,1.000488
0.4941406,0.737793
0.2988281,0.5537109
0.2114258,0.8076172
0.6767578,0.7807617
0.1577148,0.4736328
0.2319336,0.1220703
0.4584961,0.515625
0.5483398,0.8637695
0.6196289,0.684082
0.234375,0.3618164
0.5048828,0.6113281
0.5473633,0.4243164
0.6015625,0
0.4033203,0
0.1586914,0.8657227
0.4018555,0.5092773
0.3046875,0.9853516
0.3022461,0.8095703
0.5371094,0.5053711
0.3989258,0.4462891
0.5722656,0.5395508
0.2646484,0
0.359375,0.5258789
0.6977539,0.769043
0.559082,0.418457
0.3461914,0.7036133
0.5327148,0.3901367
0.4458008,0.2617188
0.5151367,0.08642578
0.3125,0.5317383
0.4648438,0
0.1914062,0.7646484
0.5087891,0.2275391
0.5117188,0.7958984
0.206543,0.6743164
0.3706055,0.4277344
0.3061523,0
0.4560547,0
0.5610352,0.03662109
0.4902344,0
0.527832,0.5136719
0.2548828,0.5756836
0.5180664,0.5166016
0.5078125,0.3061523
0.40625,0.7836914
0.3681641,0
0.5366211,0.7304688
0.6821289,0.3696289
0.1616211,0.4785156
0.5375977,0.8447266
0.3442383,0.1953125
0.1865234,0.3540039
0.4160156,0.5092773
0.2714844,0.8730469
0.1772461,0.4111328
0.4887695,0.1328125
0.2866211,0.2363281
0.269043,0.296875
0.5883789,0.3525391
0.2490234,0.6865234
0.3388672,0.15625
0.4121094,0.6113281
0.3847656,0.4311523
0.6728516,0.3964844
0.3969727,0.1074219
0.2177734,0.4438477
0.6513672,0.4248047
0.4980469,0.777832
0.347168,0.550293
0.4091797,0.3637695
0.394043,0.3701172
0.4038086,0.7983398
0.269043,0.3662109
0.5068359,0.3369141
0.6191406,0.2241211
0.5576172,0.6743164
0.3793945,0.5966797
0.5786133,0.2387695
0.1665039,0.4692383
0.1098633,0.2832031
0.4863281,0.5874023
0.6748047,0.7358398
0.5195312,0
0.3974609,0.7299805
0.4335938,0.2412109
0.3344727,0.5834961
0.05322266,0.3520508
0.6655273,0.3085938
0.3208008,0.6513672
0.5322266,0.4018555
0.2104492,0.5244141
0.1894531,0.6450195
0.5532227,1.000488
0.4648438,0.1674805
0.4799805,0.6445312
0.1196289,0.3691406
0.5087891,0
0.2602539,0.4389648
0.5224609,0.3017578
0.3847656,0.8955078
0.5942383,0.1542969
0.3354492,0.3071289
0.4018555,1
0.5097656,0.65625
0.4267578,0.6894531
0.6894531,0.6870117
0.3217773,0.4150391
0.6157227,0.2719727
0.4301758,0.8134766
0.3945312,0.2099609
0.4936523,0.2788086
0.5683594,0.8046875
0.4614258,0.3476562
0.1479492,0.3056641
0.4179688,0.418457
0.581543,0.5522461
0.4296875,0.7407227
0.4023438,0.1811523
0.5493164,0.2163086
0.3632812,0.5463867
0.3867188,0.7744141
0.6948242,0.1577148
0.4951172,0.7958984
0.2163086,0.6796875
0.7392578,0.734375
0.4555664,0.1450195
0.456543,0.3300781
0.78125,0.09667969
0.559082,0.5141602
0.4116211,0.6635742
0.2753906,0.6196289
0.3911133,0.777832
0.4516602,0.4165039
0.440918,0.6933594
0.637207,0
0.5771484,0.2363281
0.3056641,0.5078125
0.4438477,0
0.3588867,0
0.4960938,0.5244141
0.5688477,0.4038086
0.2260742,1.000488
0.4438477,0.4384766
0.4145508,0.06738281
0.6411133,0.4257812
0.4692383,0.2890625
0.5683594,1
0.3564453,0.1484375
0.4663086,0.07958984
0.5195312,0.3916016
0.2744141,0.3173828
0.6894531,0.4746094
0.5014648,1
0.331543,0.2587891
0.402832,0.7724609
0.5146484,0.4511719
0.3339844,1.000488
0.3540039,0.7646484
0.4291992,0.4262695
0.4775391,1.000977
0.418457,0.1586914
0.4887695,0.1611328
0.4648438,0.7045898
0.5273438,0.3837891
0.1362305,0.4389648
0.4208984,0.006835938
0.3203125,0.5996094
0.4853516,0.6323242
0.4169922,0.1293945
0.46875,0.519043
0.1816406,0.6577148
0.3720703,0.3671875
0.1513672,0.2270508
0.4833984,0.2695312
0.3310547,0.5161133
0.1884766,0
0.3647461,0.3442383
0.5043945,0.1923828
0.3173828,0.5898438
0.1479492,0.04492188
0.4116211,0.8081055
0.4643555,0.65625
0.4858398,0.1743164
0.3886719,0.3701172
0.3930664,0.2363281
0.3178711,0.8764648
0.5844727,0.2578125
0.3212891,0.7675781
0.3300781,0.4863281
0.3510742,0.5424805
0.277832,0.3256836
0.3334961,0.2016602
0.6259766,0.3935547
0.2880859,0.1225586
0.5522461,0.4111328
0.3388672,0.08447266
0.2416992,0.347168
0.2158203,1.000488
0.2685547,0.3647461
0.5161133,0.6235352
0.4526367,0.2304688
0.4155273,0.5336914
0.4628906,0.7587891
0.5083008,0.7099609
0.5429688,0.5258789
0.5107422,0.6787109
0.1176758,0.824707
0.4692383,0.2158203
0.2421875,0.8417969
0.3999023,0.3139648
0.3203125,0.347168
0.4780273,0.1054688
0.4482422,0.8085938
0.2861328,0.5449219
0.6303711,0.3979492
0.3974609,0.3398438
0.4072266,0.8359375
0.1459961,0.1982422
0.3452148,0.7700195
0.2548828,0.4262695
0.4780273,0
0.3491211,0.5947266
0.1376953,0.4287109
0.4389648,0.3081055
0.6147461,0.3813477
0.4399414,0.6591797
0.3828125,0.08837891
0.5839844,0.5888672
0.265625,0.6079102
0.4106445,0.2241211
0.1904297,0
0.2739258,0.2265625
0.4296875,0
0.5424805,1.000488
0.4731445,0.1835938
0.2011719,0.2885742
0.2265625,0.1552734
0.5893555,0.3125
0.4819336,1.000488
0.2348633,0.8671875
0.3671875,0.6459961
0.4433594,0.8227539
0.2192383,0.7133789
0.3876953,0.456543
0.5332031,0
0.6098633,0.6777344
0.46875,0.5
0.4946289,0.887207
0.3364258,1.000977
0.4541016,0.347168
0.4541016,0.6113281
0.3168945,0.5908203
0.6904297,0.8012695
0.1914062,0.5234375
0.3374023,0.8979492
0.5615234,0.8598633
0.4135742,0.3525391
0.3359375,0.6259766
0.4677734,0.6918945
0.5273438,1.000488
0.1489258,0.6420898
0.4995117,0.3364258
0.5058594,0.3808594
0.4555664,0.6987305
0.3476562,0.3017578
0.3344727,1.000977
0.08398438,0.8618164
0.4404297,0.6928711
0.371582,0.06542969
0.3085938,0.7612305
0.5620117,0.6396484
0.3666992,0
0.2709961,0.1928711
0.5322266,0.605957
0.7060547,0
0.4692383,0.7084961
0.5322266,0.3134766
0.1625977,0.6577148
0.3339844,0.2397461
0.5795898,0.1899414
0.1230469,1
0.3295898,0.7827148
0.5380859,0.1992188
0.6655273,1.000977
0.6245117,0.09960938
0.324707,0.7578125
0.3017578,0.1196289
0.5341797,0.4853516
0.3701172,1.000488
0.3579102,0.8530273
0.199707,0.6625977
0.6376953,0.2182617
0.3334961,0.1694336
0.2270508,0.8681641
0.1357422,0.4111328
0.2329102,0
0.2929688,0
0.3925781,0.5727539
0.5146484,0.2382812
0.3452148,0.7021484
0.3007812,0.2524414
0.5605469,0.8217773
0.4130859,0.1386719
0.4755859,1.000488
0.1787109,0.7011719
0.3999023,0.6391602
0.2568359,0.8803711
0.5043945,0.331543
0.284668,0.8134766
0.2744141,0.8618164
0.2797852,0.4780273
0.4702148,0.199707
0.7998047,1.000488
0.3847656,0.8017578
0.5141602,0
0.284668,0.6240234
0.1289062,0.7519531
0.5664062,0.4472656
0.722168,0.3901367
0.4301758,0
0.284668,0.2998047
0.15625,0.3071289
0.168457,0.7290039
0.3564453,0
0.4174805,0.5141602
0.2265625,0.6787109
0.5825195,0
0.5439453,0.7299805
0.4072266,0.5151367
0.3842773,0.4423828
0.7958984,1.000977
0.3754883,0
0.5195312,0.8745117
0.5019531,0.6552734
0.4467773,0
0.4047852,0.2519531
0.7392578,0.1801758
0.1845703,0.7260742
0.5756836,0.5375977
0.3505859,0.5371094
0.7392578,0.734375
0.3779297,0
0.2060547,0.1728516
0.1333008,0.08740234
0.4604492,1
0.2050781,1
0.2290039,0.1523438
0.371582,0.777832
0.6503906,0
0.2861328,0.04003906
0.362793,1
0.1782227,0.4575195
0.5742188,0.7504883
0.3012695,0.890625
0.7285156,0.5791016
0.5444336,0.2871094
0.6635742,0.9248047
0.559082,0.3920898
0.4736328,0.7763672
0.3920898,0.4799805
0.6425781,1.000488
0.590332,0.190918
0.3208008,0.1655273
0.2021484,0.6542969
0.3735352,0.5307617
0.4179688,0.734375
0.3237305,0.7084961
0.2177734,0.8242188
0.1025391,0.3139648
0.3911133,0.8813477
0.1479492,0.809082
0.4707031,0.7314453
0.7045898,0.5708008
0.5498047,0.3842773
0.2646484,0.284668
0.5917969,0.3085938
0.7211914,1.000488
0.3916016,0.1816406
0.5385742,0.1450195
0.4755859,0.9306641
0.04052734,1
0.4331055,0.2753906
0.3100586,0.5849609
0.6577148,0.6010742
0.6870117,0.3813477
0.5029297,0.4111328
0.4116211,0.253418
0.2226562,0.331543
0.3881836,0.2392578
0.527832,0.6884766
0.5581055,0.6430664
0.3735352,0.2543945
0.4331055,0.6191406
0.3208008,0.7861328
0.4042969,0.4248047
0.6679688,0.7753906
0.2089844,0.190918
0.5483398,0.8242188
0.09130859,0.05078125
0.4301758,0.3818359
0.171875,0.3691406
0.3256836,0.3657227
0.4755859,0.7749023
0.1738281,0.3647461
0.4379883,0.7470703
0.5097656,0.3457031
0.2841797,0.6787109
0.2709961,0.6523438
0.1010742,0.7529297
0.5131836,0.222168
0.425293,0.6010742
0.4604492,0.8310547
0.4433594,0.4560547
0.3950195,0.3198242
0.1572266,0.2333984
0.6923828,0.3657227
0.5004883,0.3896484
0.3339844,0.7958984
0.4907227,0.2978516
0.3237305,0.4501953
0.5595703,1.000488
0.375,0.206543
0.3798828,0.652832
0.2973633,0.7714844
0.2402344,1.000488
0.1796875,1
0.6333008,0.1962891
0.4204102,0.6616211
0.3774414,0
0.543457,0.1894531
0.6108398,0.347168
0.3691406,0.7485352
0.3461914,0.1503906
0.1616211,0.1660156
0.3828125,0.4291992
0.4746094,1.000488
0.2045898,0.7851562
0.277832,0.5986328
0.5786133,0.6650391
0.409668,0.3876953
0.3388672,0.4106445
0.3603516,0.3037109
0.2978516,0.1401367
0.3574219,0.340332
0.5195312,0.1655273
0.3637695,0.8666992
0.484375,0.7202148
0.2446289,0.7890625
0.2788086,0.5551758
0.2358398,0.7358398
0.265625,0.2075195
0.6186523,0.7382812
0.3237305,0
0.4399414,0
0.4243164,0.4150391
0.3476562,0.1567383
0.4174805,0.6201172
0.4086914,0.3686523
0.3349609,0.9389648
0.2856445,0.2124023
0.7290039,0.4165039
0.3950195,0.640625
0.4316406,0.1870117
0.409668,0.2026367
0.4291992,0.6791992
0.6005859,0.9365234
0.1625977,0
0.2329102,0.2841797
0.3666992,0
0.4960938,0.6425781
0.4667969,0.222168
0.284668,0.6220703
0.5522461,0.2402344
0.4853516,0.4907227
0.5522461,0.4697266
0.2495117,0.671875
0.394043,0.9179688
0.3081055,0.8144531
0.4443359,0.5981445
0.5800781,0
0.4858398,0.6005859
0.5263672,0
0.4262695,0.8227539
0.3359375,0.5517578
0.4477539,0.5004883
0.3779297,0.4174805
0.3959961,0.1420898
0.7324219,1.000977
0.4262695,0.7915039
0.597168,0.5288086
0.5844727,0.1782227
0.4663086,0.6591797
0.4667969,1
0.4082031,1.000488
0.3017578,0.6552734
0.3813477,0.6542969
0.3613281,0.2080078
0.5087891,0.4550781
0.440918,0
0.394043,0.8383789
0.4614258,0.237793
0.4677734,0.3208008
0.2666016,0.3828125
0.4770508,0.2651367
0.1767578,0
0.3681641,0.4560547
0.09521484,0.3774414
0.7045898,0.3701172
0.5908203,0.4345703
0.5947266,0.7148438
0.168457,0.5615234
0.3823242,0.2055664
0.4350586,0.1723633
0.465332,0.5307617
0.4482422,0.6298828
0.3251953,1.000488
0.2553711,0.4868164
0.2548828,0.8432617
0.3564453,0.5566406
0.3647461,0.6889648
0.4770508,0.6147461
0.3188477,0.4853516
0.3393555,0.2939453
0.2431641,0.3388672
0.2373047,0.902832
0.2265625,0.2895508
0.6303711,0.9501953
0.3520508,0.7158203
0.3354492,0.5385742
0.4697266,0.2416992
0.5893555,0
0.5385742,0.1542969
0.3730469,1
0.5317383,0.902832
0.3662109,0.1499023
0.1962891,0.7338867
0.5371094,0.2109375
0.3740234,0.5195312
0.5419922,0.4980469
0.465332,0.215332
0.7446289,0.5341797
0.5107422,0.3022461
0.5527344,0.6875
0.465332,0.4775391
0.4072266,0.6938477
0.3510742,0.6025391
0.3237305,0
0.4511719,0.6450195
0.4492188,0.8286133
0.284668,0.2915039
0.4697266,0.2124023
0.3740234,0.01953125
0.5375977,0.1523438
0.4902344,0.1757812
0.3652344,0.2514648
0.5454102,0.5488281
0.4291992,0.5498047
0.4838867,1
0.53125,0.2021484
0.4853516,0.3076172
0.3203125,0.5854492
0.4560547,0.7192383
0.4199219,0.1699219
0.5712891,0.581543
0.3935547,0.5307617
0.3540039,0.3837891
0.2939453,0.5566406
0.421875,0
0.4228516,0.2836914
0.4609375,0.7036133
0.4160156,0
0.5,0.2392578
0.4707031,0.7319336
0.3461914,0.605957
0.3891602,0.2099609
0.09960938,0.1103516
0.6655273,0.6303711
0.7216797,0.02636719
0.6025391,0.7670898
0.3535156,0.7958984
0.6088867,0.3491211
0.4350586,0.1708984
0.418457,0
0.4731445,0.4423828
0.309082,0.4335938
0.6733398,0.2705078
0.2211914,0.8393555
0.6362305,0.6450195
0.4853516,0.3457031
0.5117188,0.706543
0.3803711,0.6401367
0.3442383,0.9970703
0.5976562,0.2387695
0.5698242,0.8144531
0.5317383,0.6875
0.3461914,0.2255859
0.1889648,0.284668
0.3916016,0
0.4462891,0.4804688
0.4926758,0.5473633
0.3740234,0.6962891
0.4453125,0.734375
0.4331055,0.7368164
0.4077148,0.699707
0.5371094,0.6845703
0.4428711,0.1103516
0.2612305,0.4233398
0.3632812,0.4272461
0.4658203,0.4575195
0.2998047,0.4086914
0.3554688,0.3930664
0.5317383,0.5170898
0.5131836,0.5585938
0.5493164,0.8164062
0.5859375,0
0.3647461,0.8354492
0.6870117,0.612793
0.3828125,0.7407227
0.5107422,0
0.1889648,0.08349609
0.378418,0.684082
0.1904297,0.6201172
0.3818359,0.9604492
0.1894531,0.3271484
0.3461914,0.8413086
0.1494141,0.01904297
0.2675781,0.6713867
0.7265625,0.8369141
0.34375,0.5966797
0.1972656,0.5869141
0.6728516,0
0.4609375,0.4399414
0.4414062,0.4375
0.3769531,0.5844727
0.1679688,0.7460938
0.6230469,0.3095703
0.3305664,0.6914062
0.590332,0.6923828
0.1206055,0.6352539
0.3725586,0.3139648
0.3613281,0.4931641
0.3959961,0.1884766
0.4667969,1
0.3989258,0.6611328
0.3979492,0.6010742
0.5283203,1.000488
0.2822266,1
0.1245117,1.000488
0.402832,0.5253906
0.4111328,0.237793
0.597168,0.6767578
0.4140625,1
0.3808594,0.7456055
0.4101562,0.1191406
0.7104492,0.546875
0.2480469,0.6621094
0.2714844,0.2094727
0.4609375,0.2998047
0.2988281,1.000488
0.5585938,0.2509766
0.5913086,0.3095703
0.1884766,0.6469727
0.4423828,1.000488
0.5654297,0.4135742
0.3647461,0.1645508
0.265625,0.5390625
0.3725586,0.2983398
0.7275391,0.1118164
0.5532227,0.609375
0.4448242,0.8408203
0.1782227,0.2724609
0.4667969,0.02539062
0.234375,0.3598633
0.5302734,0.4404297
0.4272461,0.3105469
0.6000977,0.2451172
0.5214844,0.1054688
0.08203125,0.9418945
0.1567383,0.4204102
0.4697266,0.6552734
0.5483398,0.4418945
0.3754883,0.7265625
0.621582,0.2875977
0.1733398,0.5966797
0.4736328,0.6474609
0.5273438,0.9384766
0.277832,0.5874023
0.590332,0.8120117
0.2749023,0.2587891
0.1308594,0.07324219
0.284668,0.5380859
0.4428711,0.71875
0.5566406,0.4116211
0.3413086,0.2822266
0.6962891,0.3422852
0.4702148,0.675293
0.2675781,0.7270508
0.230957,0.06542969
0.4516602,0.3725586
0.3569336,0.3359375
0.5273438,0.25
0.4448242,0.8999023
0.2631836,1
0.4916992,0.3828125
0.3364258,0.3369141
0.1347656,0.3198242
0.4750977,0.5639648
0.7075195,0.3994141
0.2299805,0.2563477
0.5991211,1.000977
0.4658203,0.1625977
0.3549805,0.9921875
0.609375,0.7026367
0.4135742,0.6538086
0.4726562,0.355957
0.4375,0.8183594
0.7207031,0.3935547
0.4794922,0.8208008
0.3032227,0.7910156
0.1411133,0.8583984
0.5600586,0.706543
0.5825195,0.7861328
0.3681641,1.000488
0.5449219,0.3618164
0.4501953,0.8686523
0.3701172,0.5800781
0.4165039,0.3618164
0.5180664,0.4946289
0.578125,0.809082
0.3798828,0.6762695
0.4848633,0.5517578
0.5019531,0.8681641
0.5454102,0.5200195
0.3828125,0.1845703
0.3398438,0.7246094
0.5712891,0.7363281
0.5078125,0.8154297
0.5097656,0.2905273
0.3046875,1.000488
0.4521484,0.5014648
0.6435547,0.3442383
0.2133789,0.6494141
0.3310547,0.7597656
0.2631836,0.550293
0.1743164,0.3452148
0.3300781,0.6240234
0.3320312,0.4326172
0.328125,0.2636719
0.4770508,0.6147461
0.3408203,0.7246094
0.4140625,0.8378906
0.6591797,0.8588867
0.1938477,0.2636719
0.6132812,0.734375
0.2490234,0.4755859
0.3256836,0.3222656
0.3833008,0.6381836
0.3608398,0.4145508
0.5595703,0.1123047
0.3642578,0.1503906
0.1557617,1
0.1303711,0.2880859
0.3066406,0.8378906
0.4287109,0.5708008
0.3969727,0.4492188
0.4091797,0.6865234
0.1206055,0.7939453
0.5634766,0.6782227
0.4311523,0.8208008
0.4423828,0.3706055
0.4453125,0.5419922
0.2514648,0.2456055
0.1650391,0.3149414
0.1191406,0.300293
0.4853516,0.6328125
0.387207,0.5400391
0.5610352,0.2558594
0.5668945,0.3320312
0.7543945,0.722168
0.3652344,0.2519531
0.4594727,1
0.1713867,0.4384766
0.4262695,0.5424805
0.3374023,0.6054688
0.1689453,0.6552734
0.2270508,0.875
0.4248047,0.6928711
0.2416992,0.3632812
0.4995117,0.7299805
0.1982422,0.7387695
0.4711914,0.8759766
0.3188477,0.578125
0.5449219,0.3632812
0.7260742,0.9248047
0.2910156,0.6303711
0.5449219,0.7607422
0.5083008,0
0.3027344,0.3691406
0.1098633,0.7280273
0.3808594,0.2729492
0.5439453,0.4472656
0.5048828,0.5639648
0.3359375,0.8930664
0.4482422,0.4775391
0.5805664,0.8037109
0.3774414,0.5507812
0.3740234,0.5322266
0.6699219,0.5361328
0.1376953,0.605957
0.4506836,0.3310547
0.7128906,0.7661133
0.7524414,0.4907227
0.5209961,1
0.284668,0.7749023
0.3852539,0.5024414
0.5498047,1.000488
0.3974609,0.3378906
0.1225586,0.06738281
0.3041992,0.7163086
0.4272461,0.5888672
0.6904297,0.1533203
0.5375977,0.5834961
0.3720703,0.7543945
0.5708008,0.5478516
0.3125,0.6074219
0.4663086,0.706543
0.3999023,0.3144531
0.1889648,0.2426758
0.6606445,0
0.3579102,0.7441406
0.472168,0.5639648
0.1855469,0.4780273
0.578125,0.4106445
0.5947266,0.4389648
0.5078125,0
0.6411133,0.4116211
0.3300781,0.7963867
0.2661133,0.7358398
0.4018555,0.9038086
0.4169922,0.8173828
0.3457031,0.5493164
0.3862305,0.8413086
0.7573242,0.1831055
0.390625,0.809082
0.6708984,0.8496094
0.3666992,0.9873047
0.6298828,0.5693359
0.4711914,0
0.4057617,0.6269531
0.3916016,0.1816406
0.6225586,1.000488
0.7299805,0.1660156
0.4526367,0.2304688
0.1767578,0.5600586
0.4316406,0.1796875
0.3564453,1
0.6230469,0
0.5717773,0.512207
0.5380859,0.4038086
0.3417969,0.7231445
0.2182617,0.4614258
0.4355469,0.3432617
0.3647461,0.3144531
0.5532227,0.6157227
0.7133789,0.7939453
0.2241211,1
0.5195312,0.390625
0.3891602,0.7602539
0.2319336,0.3925781
0.3476562,0.5117188
0.4501953,0.5253906
0.3139648,0.8325195
0.5175781,0.5405273
0.5512695,0.2734375
0.4604492,0.7700195
0.1088867,0.6928711
0.434082,0.4238281
0.2915039,0.9580078
0.5571289,1.000977
0.3476562,0.394043
0.230957,0.4248047
0.4824219,0.206543
0.6523438,0.6782227
0.4335938,0.3686523
0.6357422,0.4091797
0.3813477,0.2099609
0.4189453,0.105957
0.7246094,0.3041992
0.6025391,0.7700195
0.5708008,0.3256836
0.3657227,0.8320312
0.5893555,0.09863281
0.3383789,0.4819336
0.5898438,0.3623047
0.3598633,0.6577148
0.1542969,0.1098633
0.6201172,0.487793
0.5668945,0.7939453
0.4663086,0.6748047
0.4477539,0.4887695
0.3793945,0
0.3364258,0.8422852
0.3066406,0.4663086
0.262207,0
0.4477539,0.6845703
0.2446289,0.8339844
0.3208008,1.012695
0.1923828,0.293457
0.2099609,0.6235352
0.2353516,0.1054688
0.4931641,0.5927734
0.2949219,0.8598633
0.4873047,0.07568359
0.3852539,0.4726562
0.4072266,0.3994141
0.3613281,0.7426758
0.4165039,0.2802734
0.4433594,0.3496094
0.3798828,0.05566406
0.5625,0.5048828
0.1616211,0.5776367
0.5273438,0.6894531
0.3422852,0.3701172
0.6884766,1.000488
0.3076172,0.6352539
0.2978516,0.4726562
0.4277344,0.2680664
0.08398438,0.8603516
0.3803711,0.8012695
0.3198242,0.465332
0.5639648,0.6074219
0.4575195,0.7275391
0.5375977,0.3867188
0.4013672,0.5654297
0.4760742,0.4155273
0.3481445,0.7900391
0.5224609,0.8183594
0.730957,0.6328125
0.2861328,1
0.4306641,1.000488
0.3476562,0.3398438
0.3408203,0.5522461
0.5083008,0.3173828
0.4462891,0.1660156
0.5810547,0.6694336
0.3476562,0.08691406
0.3334961,0.6938477
0.6606445,0.859375
0.5117188,0.5092773
0.605957,0.3037109
0.4902344,0.1689453
0.3935547,0.7836914
0.5219727,0.5522461
0.331543,0.7666016
0.2680664,0.3769531
0.3266602,1.000488
0.5976562,0.527832
0.3071289,0.6030273
0.4980469,0.7241211
0.3920898,0.8652344
0.4663086,0.3623047
0.5795898,0.5039062
0.2329102,0
0.4384766,0.7246094
0.168457,1.000488
0.480957,0.2978516
0.3505859,0.5126953
0.3149414,0.7280273
0.7314453,0.2675781
0.4858398,0.3115234
0.4858398,0.7451172
0.5493164,0.7866211
0.425293,0.8183594
0.324707,0.9575195
0.3193359,0.4960938
0.5996094,0.7158203
0.4335938,0.5859375
0.5766602,0.5717773
0.4526367,0.3144531
0.2592773,0.703125
0.5195312,0.5844727
0.640625,0.6386719
0.2929688,0.2446289
0.4726562,0.3330078
0.605957,0.6821289
0.1884766,0
0.4492188,0.6225586
0.5380859,1
0.4438477,0.7285156
0.6870117,0.3813477
0.4047852,0.3071289
0.3417969,0.8598633
0.1518555,0
0.3588867,0
0.6225586,0
0.3481445,0.7739258
0.4814453,0.425293
0.6088867,0.8222656
0.512207,0.7260742
0.6040039,0.418457
0.5195312,0.5014648
0.3833008,0.5024414
0.3798828,0.6313477
0.3632812,0.425293
0.3359375,0
0.2070312,0.8491211
0.4082031,0.746582
0.2919922,0.956543
0.269043,0.480957
0.4282227,0.1337891
0.4418945,0.4399414
0.5380859,0.7094727
0.5073242,0.2211914
0.3642578,0
0.3305664,1.000488
0.5043945,0.7402344
0.5004883,0.5810547
0.4375,0.7407227
0.34375,0.2016602
0.4648438,0.6181641
0.3984375,0.8500977
0.1918945,0.8984375
0.1347656,0.4960938
0.4707031,0.2006836
0.3735352,0.7207031
0.6494141,0.1762695
0.6049805,0.6879883
0.4555664,0.1782227
0.4760742,0.4916992
0.3208008,0.8276367
0.5898438,0.6274414
0.25,0.3422852
0.2910156,0.2216797
0.6357422,0.3325195
0.2988281,0.2143555
0.4023438,0.121582
0.6079102,0.328125
0.5058594,0.8037109
0.34375,0.3569336
0.6396484,0.8012695
0.6855469,0.109375
0.1328125,0.2553711
0.3076172,0.7661133
0.4160156,0.5576172
0.4272461,0.3686523
0.3344727,0.2724609
0.5625,0.425293
0.2832031,0.8095703
0.3842773,0.2382812
0.2587891,0.6308594
0.4726562,0.4467773
0.1845703,0.5522461
0.5361328,0.7675781
0.3930664,1.000488
0.4487305,0.7958984
0.2714844,0.421875
0.328125,0.1723633
0.3754883,0.3012695
0.5170898,0.5522461
0.3310547,0.2773438
0.5493164,0.5727539
0.6928711,0.4316406
0.3520508,0.684082
0.3588867,0.4194336
0.4628906,0
0.5087891,0.8041992
0.6000977,0.9086914
0.5541992,0.828125
0.2866211,0.2319336
0.4169922,0.1396484
0.3032227,0.7075195
0.1875,0.6665039
0.2084961,0.4936523
0.1933594,0.7641602
0.3701172,0.3085938
0.4560547,0.4423828
0.75,0.6796875
0.4716797,0.6787109
0.496582,0.6142578
0.3476562,0.7773438
0.5351562,0.4995117
0.3681641,1.000488
0.4570312,0.7509766
0.5800781,0.2915039
0.5161133,0.4804688
0.3237305,0.9140625
0.3447266,0.5878906
0.3442383,0.6557617
0.2592773,0.7016602
0.4487305,0.2602539
0.3696289,0.1850586
0.3041992,0.4697266
0.3261719,1
0.7084961,0.7314453
0.6118164,0.1884766
0.4858398,0.8540039
0.4101562,0.7797852
0.3662109,0.3129883
0.3618164,0.5761719
0.4716797,0.7861328
0.4057617,0.4790039
0.6079102,0.1923828
0.3178711,0.2763672
0.1933594,0.5610352
0.237793,0.4677734
0.2119141,0.7490234
0.4697266,0.722168
0.3095703,0.3305664
0.5288086,0.6586914
0.5932617,0.5151367
0.5063477,0.2739258
0.5229492,0.3037109
0.5014648,0.3364258
0.3422852,0.222168
0.5317383,0.5112305
0.527832,0.3012695
0.3813477,0.5195312
0.5839844,1.000977
0.4829102,0.5493164
0.2998047,0.1982422
0.3930664,0.3525391
0.140625,0.5361328
0.2485352,0.546875
0.3076172,0.4628906
0.1601562,0.2788086
0.4047852,0.7578125
0.559082,1.000488
0.1835938,0.2080078
0.4389648,0.4091797
0.3393555,0.2241211
0.3999023,0.4345703
0.730957,0.4223633
0.5053711,0.9897461
0.2412109,0.3081055
0.3330078,0.6958008
0.1494141,0.01855469
0.5771484,0.2871094
0.3701172,0.2099609
0.6425781,0.390625
0.6298828,0.1347656
0.5317383,0.6450195
0.4946289,0.4291992
0.5019531,0.8706055
0.7304688,0
0.3452148,0.4057617
0.3745117,0
0.7475586,0.4643555
0.4560547,0.1176758
0.2451172,0.1503906
0.4423828,0.1665039
0.6459961,0.581543
0.3017578,0.5366211
0.2114258,0.8076172
0.284668,0.5405273
0.6108398,0.605957
0.6811523,0.3979492
0.3256836,0.4814453
0.3120117,0.4443359
0.487793,0.8886719
0.5546875,0.9418945
0.2822266,0.6860352
0.5410156,0.7270508
0.456543,0.5727539
0.4873047,0.3613281
0.2211914,0.230957
0.3745117,0.5102539
0.5068359,0.8491211
0.2573242,0.5698242
0.5610352,0.7666016
0.4277344,0.3432617
0.418457,0.2524414
0.3432617,0.4501953
0.4082031,0.6484375
0.3955078,0.6791992
0.4033203,0
0.4970703,0.6777344
0.2460938,0.7641602
0.4301758,0.6147461
0.4189453,0.9389648
0.7856445,0.6147461
0.5078125,0.7290039
0.7109375,0.4799805
0.4814453,0.8442383
0.3276367,0.4589844
0.3930664,0.902832
0.3920898,0.7739258
0.4057617,0.3955078
0.3271484,0.2851562
0.5639648,0.828125
0.3300781,0
0.1953125,0.6381836
0.5239258,0.6508789
0.4169922,0.3818359
0.3691406,0.8710938
0.5361328,0.3618164
0.5620117,0.3837891
0.4956055,0.359375
0.5791016,0.855957
0.5283203,0.3149414
0.6743164,0.7919922
0.3291016,0.6694336
0.08789062,0.6181641
0.1191406,0.809082
0.1386719,0.4833984
0.6083984,0.2988281
0.5356445,0.8427734
0.5180664,0
0.3540039,0.05859375
0.2431641,0.7250977
0.2348633,0.7768555
0.3476562,0.2998047
0.612793,0.4677734
0.3955078,0.3085938
0.4335938,0.5859375
0.6210938,0
0.3115234,0.9550781
0.3227539,0.5229492
0.1474609,0.6494141
0.5126953,0.7397461
0.4785156,0.3027344
0.5185547,0.8144531
0.2905273,0.2143555
0.5869141,0.234375
0.4121094,0.1308594
0.3818359,0.2485352
0.543457,0.1894531
0.7387695,0.7583008
0.4887695,0.7285156
0.309082,0.46875
0.3071289,0.9633789
0.3925781,0.3105469
0.578125,0.5209961
0.4477539,0.1230469
0.6547852,0.5112305
0.3823242,0.3930664
0.5180664,0.75
0.3901367,0.1889648
0.2475586,0.3339844
0.5854492,0.496582
0.4838867,0.1928711
0.6582031,0.3110352
0.3286133,0.5791016
0.2758789,0.3041992
0.2280273,0.3989258
0.4458008,0
0.5712891,0.4130859
0.7114258,0.6352539
0.4707031,0.644043
0.5522461,0.3134766
0.1914062,0.7646484
0.4975586,0.1743164
0.496582,0.3291016
0.6723633,1.000977
0.3369141,1
0.3955078,0.3193359
0.722168,0.4345703
0.5185547,0.4306641
0.4648438,0.512207
0.4145508,0.7626953
0.3818359,0.7055664
0.5488281,0.3022461
0.2387695,0.6367188
0.4130859,1
0.6103516,0.7148438
0.2578125,0.6455078
0.597168,0.5595703
0.4223633,0.2885742
0.3989258,0.609375
0.390625,0.800293
0.512207,0.3032227
0.2285156,0.8974609
0.5756836,0.746582
0.4765625,0.7651367
0.3925781,0.3598633
0.4423828,0.4179688
0.2412109,0.2993164
0.4082031,0.6425781
0.6889648,1.000488
0.2353516,0
0.4052734,0.5146484
0.1787109,0.5058594
0.3374023,0.6464844
0.4482422,0.3984375
0.1010742,0.2978516
0.4584961,1
0.2724609,0.5913086
0.168457,1.000488
0.3554688,0.08398438
0.3500977,0.2133789
0.3911133,0.1425781
0.5410156,0.8183594
0.309082,0.5947266
0.2363281,0.855957
0.4399414,0.15625
0.3388672,0.956543
0.2519531,0.7036133
0.3276367,0.07226562
0.2807617,0.2548828
0.3046875,0.7128906
0.4448242,0.3769531
0.25,0.6923828
0.546875,0.7041016
0.4165039,0.8125
0.3779297,0.4750977
0.2929688,0.6328125
0.3017578,0.453125
0.2275391,0.1601562
0.4370117,0.7900391
0.4169922,0.3833008
0.4189453,0.7587891
0.4052734,0.5146484
0.2739258,0.7290039
0.4580078,0.5541992
0.4501953,0.8422852
0.4287109,0.2944336
0.5493164,0.296875
0.3422852,0.5336914
0.7304688,0.1567383
0.456543,0.831543
0.265625,0.6079102
0.3911133,0.4716797
0.3408203,0.5683594
0.3256836,0.2016602
0.456543,0.190918
0.15625,0.4892578
0.4448242,0.2773438
0.3061523,0.8256836
0.4824219,0.4238281
0.4736328,0.5839844
0.4394531,0.2753906
0.4619141,0.8295898
0.4794922,0
0.5146484,0.6762695
0.4125977,0.5991211
0.3623047,0.2905273
0.4350586,0.7397461
0.4980469,0.3613281
0.4667969,0.06884766
0.4580078,1
0.2978516,0.5263672
0.5541992,0.4150391
0.4453125,0.2143555
0.3310547,0.6655273
0.4555664,0.6020508
0.4389648,0.6645508
0.4506836,0.8911133
0.3496094,0.3295898
0.5332031,0.4121094
0.7333984,0.7895508
0.3920898,0.8027344
0.5273438,0.6635742
0.3813477,0.7006836
0.3725586,0.2119141
0.503418,0.628418
0.2138672,0.1352539
0.4506836,0.7680664
0.34375,1
0.3374023,0.2988281
0.3666992,0.6791992
0.3608398,0.4897461
0.5317383,0.9936523
0.4584961,0.7866211
0.2260742,0.6738281
0.3999023,0.3789062
0.5380859,0.612793
0.5581055,0.222168
0.4604492,0.8305664
0.3642578,0.7451172
0.534668,0.5966797
0.2944336,0.3251953
0.3427734,0.8120117
0.5014648,0.7099609
0.449707,0.8364258
0.6679688,0.5336914
0.1938477,1
0.6025391,0.4272461
0.3740234,0.01953125
0.2890625,0.409668
0.3735352,0.7421875
0.2954102,1
0.4663086,0.6137695
0.2983398,0.2104492
0.3198242,0.6186523
0.3061523,0.4780273
0.4858398,0.3442383
0.1503906,0.3251953
0.1333008,0.3271484
0.284668,0.5400391
0.6591797,0.4975586
0.5209961,0.3076172
0.2143555,0
0.5927734,0.8066406
0.5151367,0.8613281
0.2573242,0
0.4628906,0.7788086
0.4008789,0.2207031
0.5058594,0.3466797
0.4799805,0.7158203
0.2441406,0.5161133
0.2519531,0.2124023
0.3227539,0.5751953
0.5024414,0.2954102
0.3642578,0.4155273
0.3530273,0.6225586
0.3061523,0.5996094
0.4541016,0.8613281
0.5405273,0.3955078
0.4750977,0.7089844
0.5512695,0.5097656
0.6762695,0.6293945
0.6328125,0.4145508
0.2167969,0.6235352
0.4799805,0.6577148
0.3081055,0.5854492
0.3144531,0.7314453
0.5493164,1.000977
0.4750977,0.5761719
0.3422852,0.8745117
0.4619141,0.3769531
0.3920898,0
0.2348633,0.5532227
0.3862305,0.4384766
0.3417969,0.8671875
0.2260742,0.8432617
0.6586914,0.3320312
0.5800781,0.3925781
0.3579102,0.1508789
0.652832,0.3481445
0.4804688,0.8579102
0.1533203,0.9262695
0.2626953,0.02050781
0.5361328,0.08789062
0.2753906,0.425293
0.2216797,0.434082
0.3579102,0.03320312
0.3398438,0.6572266
0.5478516,0.5200195
0.3393555,0.03027344
0.3999023,0.3769531
0.5708008,0.3237305
0.2128906,0.8110352
0.4433594,0.4663086
0.2729492,0.4692383
0.5136719,0.4824219
0.5063477,0.7431641
0.3388672,0.9091797
0.2783203,0.4560547
0.5351562,0.8867188
0.4321289,0.7329102
0.4169922,0.1425781
0.5219727,0.01513672
0.4516602,0.5268555
0.4829102,0.5498047
0.4663086,0.3935547
0.3061523,0.4604492
0.2734375,0.2084961
0.6474609,0
0.4389648,0.5839844
0.4018555,0.1831055
0.3955078,0.6376953
0.3745117,0.4619141
0.5112305,0.7436523
0.3989258,0.4897461
0.5073242,0.3061523
0.6074219,0.1918945
0.3540039,0.2080078
0.4003906,0.5068359
0.5532227,0.3413086
0.4116211,0.8154297
0.3852539,0.8168945
0.3300781,0.8828125
0.4448242,0.8305664
0.2119141,0
0.6245117,0.152832
0.6621094,0
0.3071289,0.4433594
0.347168,0.4174805
0.5166016,0.2202148
0.4619141,0.4213867
0.5351562,0.4824219
0.4711914,0.2773438
0.28125,0.7163086
0.3276367,0.4086914
0.5395508,0.3286133
0.08496094,0.3217773
0.5083008,0.715332
0.3925781,0.7539062
0.3676758,0.1352539
0.3037109,0.3818359
0.4946289,0.8857422
0.4663086,0.4389648
0.3041992,0.7231445
0.6381836,0.3828125
0.2875977,0.1088867
0.4345703,0.7387695
0.3417969,0.2836914
0.6713867,0.1508789
0.4580078,0.4609375
0.6503906,0.5043945
0.5874023,0
0.2529297,0.1225586
0.1992188,0.8466797
0.7207031,0.1582031
0.2661133,0.2382812
0.3359375,0.8422852
0.4472656,0.4794922
0.2983398,0.5517578
0.4296875,0.2290039
0.4887695,0.5859375
0.3740234,0.1928711
0.703125,0.6289062
0.3969727,0.5888672
0.4555664,0.6606445
0.3266602,0.8115234
0.2397461,0.7060547
0.3046875,0.7104492
0.6396484,0.6083984
0.5249023,0
0.2158203,0.3369141
0.6933594,0.02294922
0.3222656,0.2504883
0.6723633,0.4907227
0.07275391,0.512207
0.5,0.4814453
0.5644531,0.6635742
0.4052734,0.3398438
0.4331055,0.6704102
0.6503906,0.1728516
0.5717773,0.4492188
0.4604492,0.7001953
0.5473633,0.4785156
0.4462891,0.1606445
0.1577148,0.4331055
0.5649414,0
0.1914062,0
0.6201172,0.3808594
0.6152344,0.1914062
0.4033203,1
0.4868164,0.2954102
0.5063477,0.4736328
0.2514648,0.7387695
0.4404297,0.7299805
0.3129883,0.3876953
0.5957031,0.3745117
0.5830078,0.8041992
0.4414062,1
0.1787109,0.5727539
0.4521484,0.734375
0.4799805,0.2143555
0.5878906,0.7875977
0.4033203,0.7973633
0.5043945,0.5327148
0.4692383,0.4697266
0.53125,0.503418
0.4467773,0.4526367
0.6884766,0.328125
0.3452148,0
0.4853516,1
0.3842773,0.3422852
0.5439453,0.8046875
0.40625,0.1430664
0.4228516,0.4360352
0.4428711,0.5869141
0.6049805,0.2084961
0.3789062,0.496582
0.6420898,0.1494141
0.08007812,0.6777344
0.262207,0.05371094
0.2460938,0
0.5322266,1.000488
0.5375977,0.7280273
0.3237305,0.8286133
0.4174805,0.4355469
0.4975586,0.8745117
0.4257812,0.6787109
0.3740234,0.4975586
0.4013672,0
0.3510742,1
0.597168,0.5615234
0.4912109,0.6049805
0.6142578,0.1713867
0.331543,0.8745117
0.3652344,1.000488
0.1235352,0.5883789
0.6157227,1.000977
0.5712891,0.8242188
0.4326172,0.4418945
0.28125,0.7182617
0.4150391,0.09716797
0.4545898,0.7880859
0.1645508,0.7412109
0.5327148,0.4829102
0.5927734,0.3818359
0.3813477,0.5566406
0.4458008,0.1166992
0.4033203,0.809082
0.4018555,0.9487305
0.5693359,0.6181641
0.5512695,0.6523438
0.4711914,0.2045898
0.3979492,0.7661133
0.5126953,0.765625
0.3071289,0.2114258
0.2607422,0.2998047
0.5664062,0.2495117
0.4287109,0.4599609
0.6508789,0.25
0.2338867,0.546875
0.09423828,0.7055664
0.3461914,1.000488
0.449707,0.6264648
0.5751953,0.7475586
0.2753906,0.519043
0.3793945,0.1826172
0.3217773,0.8657227
0.4970703,1
0.3115234,0.3046875
0.5009766,0
0.2353516,0.5517578
0.434082,0.5449219
0.4736328,0.9946289
0.6313477,0.734375
0.4599609,0.6152344
0.1025391,0.2802734
0.4672852,0.4013672
0.5327148,0.4150391
0.2641602,0.6088867
0.6181641,0.2700195
0.5439453,0.6547852
0.3564453,0
0.2973633,0.605957
0.3105469,0.3085938
0.5566406,0.6689453
0.3754883,0.6674805
0.4130859,0.293457
0.4111328,0.3920898
0.4238281,0.3852539
0.121582,0.418457
0.3569336,0.4067383
0.5708008,0.5742188
0.1987305,0.3237305
0.3212891,0.6323242
0.4462891,0.784668
0.1992188,0.9731445
0.6928711,0.6171875
0.5654297,0.4238281
0.2001953,0.7631836
0.6171875,0.5976562
0.4750977,0.5327148
0.4506836,0.1557617
0.2587891,0.6425781
0.5595703,0
0.7143555,0.7939453
0.1362305,0.8017578
0.1728516,0.1772461
0.4433594,0.06982422
0.3759766,0.2114258
0.7460938,0.9921875
0.140625,0.4931641
0.5507812,0.6816406
0.4584961,0.6933594
0.4677734,0.3212891
0.4160156,0.3188477
0.4492188,0.6245117
0.4189453,0.5844727
0.4077148,0.6108398
0.5854492,0.7363281
0.2583008,0.6762695
0.3813477,0.4541016
0.6376953,0.3891602
0.3100586,0.7553711
0.7099609,0.3496094
0.421875,0.3476562
0.5620117,0.8662109
0.2714844,0.5585938
0.3305664,0.6948242
0.5541992,0.1855469
0.2177734,0
0.4912109,0.5595703
0.4248047,0.5136719
0.4296875,0.3452148
0.5283203,0
0.1240234,0.5800781
0.4296875,0.4453125
0.5268555,0.7265625
0.6088867,0.7041016
0.2910156,0.824707
0.5224609,0.7148438
0.2753906,0.7958984
0.4155273,0.8642578
0.4433594,0.2460938
0.4516602,0.7368164
0.253418,0
0.3579102,0.1352539
0.3867188,0.4790039
0.4462891,0.5571289
0.4985352,0.6074219
0.6269531,0.8339844
0.315918,0.5234375
0.2817383,0.2587891
0.2519531,0.8325195
0.5541992,0.4946289
0.3491211,0.5444336
0.3115234,1.000488
0.4389648,0.8564453
0.378418,0
0.3911133,0.2607422
0.4130859,0.3701172
0.6005859,0.7080078
0.5703125,0.7983398
0.2626953,0.2045898
0.4267578,0
0.3974609,0.5283203
0.4467773,0.5996094
0.7407227,0.1044922
0.3706055,0.550293
0.07226562,1
0.3930664,1
0.2666016,0.4257812
0.5229492,0.6577148
0.5673828,0
0.5273438,0.3393555
0.5131836,0.1611328
0.2753906,0.394043
0.5444336,0.1489258
0.4755859,0.7128906
0.4829102,0.3466797
0.3798828,0
0.4331055,0.6967773
0.4086914,0.7592773
0.3676758,1.000488
0.3286133,1
0.4624023,0.3583984
0.08837891,1
0.4448242,0
0.3393555,0.3588867
0.4941406,0.4790039
0.5170898,0.6831055
0.3535156,0.7094727
0.3769531,0.5820312
0.5439453,0.8061523
0.487793,0.3085938
0.5136719,0.2163086
0.4262695,0.05957031
0.2543945,0.5039062
0.4174805,0.5273438
0.3271484,0.1728516
0.296875,0.234375
0.5239258,0.4042969
0.4956055,0.5043945
0.3925781,0.6357422
0.1044922,0.140625
0.2929688,0.3544922
0.1538086,0.7958984
0.359375,0.3779297
0.3793945,0.1132812
0.4760742,0.7041016
0.605957,0.5600586
0.296875,0.684082
0.1455078,0.6450195
0.5952148,0.3125
0.4677734,0.5805664
0.418457,0.8085938
0.5,0.2685547
0.4487305,0.7963867
0.6357422,0.3588867
0.3569336,0.04003906
0.3623047,0.1494141
0.5917969,0.3369141
0.6894531,0.1538086
0.5493164,0.862793
0.5708008,0.6088867
0.4707031,0.9912109
0.2382812,0.2348633
0.612793,0.4116211
0.609375,0.7563477
0.6235352,0.7612305
0.4521484,0.2978516
0.2275391,0.5537109
0.2456055,1
0.5991211,0
0.3691406,0.331543
0.1308594,0.2026367
0.1518555,0
0.4423828,0.8046875
0.5273438,0.06542969
0.4345703,0.1791992
0.4111328,1.000488
0.4160156,0.003417969
0.4707031,0.2641602
0.6708984,0.7021484
0.4658203,0.5336914
0.4580078,1.000488
0.5585938,0.7036133
0.1557617,1
0.4204102,0.2456055
0.6103516,0.6904297
0.1655273,0.21875
0.3032227,0.6987305
0.2983398,0.1611328
0.4960938,0.3427734
0.644043,0.8994141
0.1767578,0.05419922
0.2802734,0.7558594
0.3950195,0.574707
0.5610352,0.875
0.2646484,0.3061523
0.4106445,1.000488
0.4780273,0.4511719
0.4521484,0.5317383
0.6191406,0.730957
0.7172852,0.4624023
0.2861328,0.03808594
0.5429688,0.7709961
0.4731445,0.6625977
0.543457,1.000488
0.2788086,0.3701172
0.2480469,0.940918
0.2128906,0
0.2626953,0.3886719
0.6972656,0.6513672
0.2719727,0.4970703
0.1279297,0.6489258
0.484375,0.7182617
0.4731445,0.5258789
0.2451172,0.440918
0.5366211,0.7817383
0.5942383,0.734375
0.4257812,0.7822266
0.5483398,0.815918
0.3876953,0.6118164
0.3920898,0.765625
0.5146484,0.2753906
0.6040039,1.000488
0.5112305,0.5664062
0.5053711,0.6547852
0.1352539,0.3999023
0.2670898,0
0.5185547,0
0.2050781,0.128418
0.5307617,1
0.3706055,0.1943359
0.578125,1.000488
0.5322266,0.4091797
0.6064453,0.5600586
0.5385742,0.5493164
0.2739258,0.7866211
0.2880859,0.3271484
0.2929688,0.5493164
0.4946289,0.5800781
0.1015625,0.2944336
0.1826172,0.515625
0.6279297,0.159668
0.3447266,0.5805664
0.4838867,0.3813477
0.2290039,0.1811523
0.472168,0.2250977
0.2685547,0.7895508
0.7011719,0.7573242
0.472168,0.6396484
0.4956055,0.5712891
0.4013672,0.3916016
0.6704102,0.4262695
0.1948242,0.8339844
0.3623047,0.3256836
0.34375,0.5654297
0.5073242,0.9003906
0.5073242,0.4169922
0.2700195,0.8481445
0.2285156,0.3583984
0.3852539,0.5004883
0.2739258,0.3100586
0.5771484,0.7246094
0.3808594,0
0.4594727,1.000488
0.7329102,0.9912109
0.6142578,0.1914062
0.5654297,1.000488
0.4858398,0.8564453
0.5737305,0.8232422
0.4448242,0.5942383
0.1542969,0.1088867
0.4267578,0
0.6044922,0
0.4838867,0.1953125
0.418457,0.1499023
0.2324219,0.3618164
0.4023438,0.3632812
0.4584961,0.722168
0.3500977,0.6020508
0.3178711,0.2919922
0.5185547,1.000488
0.5214844,0.6123047
0.355957,1.000488
0.4169922,0.237793
0.4501953,0.7612305
0.2709961,0.2006836
0.3603516,0.9716797
0.3208008,0.8286133
0.1923828,0.8081055
0.300293,0.3623047
0.1665039,0.7387695
0.4106445,0.4750977
0.5898438,0.3129883
0.4023438,0.3686523
0.3178711,0.5620117
0.1870117,0.4223633
0.4599609,0.4111328
0.4414062,0.2709961
0.4257812,0.4907227
0.4370117,0.2573242
0.2094727,0.6166992
0.2680664,0.6538086
0.3374023,0.7788086
0.3378906,0.6147461
0.3203125,0.5849609
0.4345703,0.5078125
0.1455078,0.3720703
0.3491211,0.8022461
0.4467773,0.4755859
0.3549805,0.5302734
0.4018555,0.3393555
0.4863281,0.8076172
0.4516602,0.2739258
0.6352539,0.4257812
0.4501953,0.7670898
0.3808594,0.6704102
0.6020508,0.609375
0.4458008,0.8544922
0.2958984,0.2231445
0.5273438,0.8334961
0.7138672,1.000977
0.4228516,0.3491211
0.3911133,0.8808594
0.4394531,0.3178711
0.362793,0.6948242
0.1708984,0.6269531
0.3710938,0.6303711
0.5161133,0.5317383
0.418457,0.6279297
0.6738281,1.000977
0.4370117,0.2817383
0.3413086,0.5512695
0.5742188,0.3466797
0.5024414,0.4101562
0.484375,0.6494141
0.3417969,0.1513672
0.4018555,0.3081055
0.3735352,0
0.2314453,0.8676758
0.5341797,0.2744141
0.4106445,0.2397461
0.5419922,0.7216797
0.4375,0.5810547
0.5957031,0.3100586
0.5898438,0.421875
0.3012695,0.5317383
0.5073242,0.4458008
0.8774414,0.5976562
0.5263672,1.000488
0.4550781,0.5629883
0.3671875,0.4853516
0.3408203,0.4892578
0.4775391,0.5727539
0.2587891,0
0.2407227,0.7905273
0.1972656,0.6411133
0.5991211,0.6655273
0.3393555,0
0.590332,0.3139648
0.2446289,0.8339844
0.1796875,0.6772461
0.3276367,0.5888672
0.3413086,0.4726562
0.09277344,0.5170898
0.7202148,0.4145508
0.203125,0.4594727
0.5952148,0.5253906
0.5727539,0.1918945
0.4072266,0.3935547
0.5927734,0.8222656
0.4125977,1.000488
0.3266602,0.4150391
0.4458008,0.1166992
0.1538086,0.5854492
0.5209961,0.3500977
0.4599609,0.7734375
0.487793,0
0.3447266,0.2036133
0.5742188,0.7895508
0.480957,0
0.1938477,1
0.3378906,0.04833984
0.3964844,0.5854492
0.5839844,0.1660156
0.5874023,1.000488
0.6474609,0.2475586
0.3974609,0.2133789
0.3413086,0.3842773
0.6318359,0.293457
0.3706055,0.1743164
0.159668,0.1166992
0.4277344,0.6259766
0.5048828,0.3344727
0.4316406,0.1875
0.4467773,0.612793
0.331543,0.3066406
0.3286133,0.08203125
0.472168,0.487793
0.6987305,0.1425781
0.597168,0.6743164
0.6396484,0.190918
0.6230469,0.3583984
0.3330078,0.6049805
0.4941406,0.3105469
0.4174805,0.1157227
0.4150391,0.75
0.6459961,0.1430664
0.4384766,0.3208008
0.3222656,0.3320312
0.2402344,0
0.4575195,0.5966797
0.4995117,0.2871094
0.3813477,1
0.5620117,0.2788086
0.5800781,0.2700195
0.4697266,0.9135742
0.5219727,0.1621094
0.3325195,0.4360352
0.3916016,0.3789062
0.2880859,0.7172852
0.5029297,0.7348633
0.4160156,0.2885742
0.762207,0.8486328
0.6582031,0.1557617
0.2788086,0.699707
0.3730469,0.3779297
0.5478516,0.8637695
0.4990234,0.2871094
0.2192383,0.2783203
0.6186523,0.6152344
0.4770508,0.6987305
0.3857422,0.6914062
0.2836914,0.4882812
0.4145508,0.7397461
0.1376953,0.3554688
0.4472656,0.402832
0.3681641,0.9414062
0.5595703,0.8017578
0.5,0.5761719
0.5126953,0.2451172
0.2666016,0.2978516
0.527832,0.2993164
0.5478516,0
0.546875,0.2036133
0.6005859,0.3481445
0.5317383,0.5878906
0.3295898,0.1606445
0.1826172,0.515625
0.4609375,0.3393555
0.2280273,0.1669922
0.1586914,0.5625
0.3227539,0.2480469
0.2734375,0.3959961
0.215332,0.1435547
0.6469727,0.6396484
0.4453125,0.7573242
0.4262695,1
0.3740234,0.01953125
0.1665039,0.4526367
0.2050781,0.7436523
0.4545898,0.4511719
0.4243164,0.3168945
0.4619141,0.6513672
0.5800781,0.4057617
0.3652344,0.4165039
0.1264648,0.7558594
0.5478516,0.8642578
0.5083008,0.7724609
0.4233398,0.8813477
0.7041016,0.7709961
0.2788086,0.5546875
0.4990234,0.2392578
0.3271484,0.5634766
0.4550781,0.3925781
0.5478516,0.8139648
0.5234375,0.5629883
0.3959961,0.644043
0.1757812,0.409668
0.5253906,0.2744141
0.08740234,0.144043
0.4277344,0.4746094
0.3286133,0.284668
0.3154297,0.8779297
0.4262695,0.6274414
0.4228516,0.05810547
0.5644531,0.4067383
0.4487305,0.640625
0.1860352,0.3496094
0.2539062,0.3447266
0.6933594,0.02539062
0.7084961,0.1821289
0.546875,0.7597656
0.2402344,1.000488
0.5390625,1.000977
0.2783203,0.340332
0.4716797,0.2124023
0.5239258,0.3867188
0.5844727,0
0.4946289,0.7250977
0.3227539,0.5253906
0.3652344,1
0.2207031,0.7666016
0.3276367,1.000488
0.331543,0.1977539
0.565918,0.5722656
0.5488281,0.4589844
0.3276367,1
0.5883789,0.25
0.4931641,0.4624023
0.3989258,0.609375
0.4921875,0.2075195
0.5727539,1.000488
0.2236328,0.4506836
0.2553711,0.3530273
0.2666016,0.5869141
0.1152344,0.4755859
0.2983398,0.4619141
0.4912109,0.09082031
0.5585938,0.6586914
0.2670898,0.2988281
0.3647461,0.2666016
0.5273438,0.9384766
0.5131836,0.8037109
0.4375,0.3125
0.2753906,1
0.6323242,0.3608398
0.5048828,0.7490234
0.4418945,0.8251953
0.3408203,0.449707
0.6533203,0.1518555
0.2607422,1.000488
0.574707,0.2871094
0.5205078,0.2075195
0.3886719,0.4882812
0.4682617,0.9589844
0.3066406,0.3764648
0.675293,0.2158203
0.4472656,0.4794922
0.1757812,0.2167969
0.2924805,0.5273438
0.4736328,0.7666016
0.3647461,0.1328125
0.5478516,0.4360352
0.3242188,0.2592773
0.4394531,0.5546875
0.3745117,0.6923828
0.5244141,1.000488
0.3452148,0
0.5439453,0.1611328
0.5888672,0.2299805
0.4033203,0.7856445
0.4624023,0.715332
0.3071289,0.3261719
0.3793945,0.3579102
0.262207,1.000488
0.3574219,0.5576172
0.5200195,0.8208008
0.1572266,0.8642578
0.2587891,0.5283203
0.4941406,0.1142578
0.4545898,0.8735352
0.2431641,0.3256836
0.5263672,0.8774414
0.3193359,0.08691406
0.5078125,0.7856445
0.3500977,0.8369141
0.3110352,0.1547852
0.4370117,0.1650391
0.1992188,0.5351562
0.2319336,0.3149414
0.7963867,1.000977
0.4169922,0.8134766
0.1147461,0.1499023
0.3647461,0.3037109
0.4604492,1.000488
0.4160156,0
0.3149414,0.5756836
0.3276367,0.1713867
0.3823242,0.6064453
0.2792969,0.9995117
0.2773438,0.7675781
0.5283203,1.000488
0.4951172,0.7177734
0.5517578,0.2998047
0.4731445,0.2138672
0.5957031,0.371582
0.5883789,1.000488
0.4931641,0.2905273
0.5986328,0.2788086
0.5585938,0.4731445
0.265625,0.9106445
0.4135742,0.7392578
0.5400391,0.3974609
0.2900391,0.5766602
0.4541016,0.3481445
0.4765625,0.402832
0.5908203,0.1928711
0.3325195,1.000488
0.315918,0.8588867
0.4350586,0.5209961
0.3793945,0.59375
0.4541016,0.5854492
0.4277344,0.6010742
0.1611328,0.3486328
0.6699219,0
0.4770508,0.6020508
0.6464844,0.5776367
0.6015625,0
0.3974609,0.4482422
0.1176758,0.3945312
0.3564453,0.4101562
0.390625,0.4169922
0.4799805,0.8583984
0.4672852,0.6982422
0.3764648,0.5800781
0.675293,0.1611328
0.5986328,0.6352539
0.4609375,0.8759766
0.484375,0.6308594
0.3969727,1.000488
0.3422852,0.8984375
0.1328125,0.4799805
0.4057617,0.7348633
0.2490234,0.671875
0.1577148,0.3237305
0.3691406,0.1616211
0.5859375,0.3364258
0.4121094,0.1630859
0.480957,0.5756836
0.5751953,0.08740234
0.53125,0.9033203
0.3769531,0.4970703
0.3374023,0.5576172
0.4545898,0.2387695
0.4418945,0.6416016
0.3862305,0.08984375
0.3012695,0.3076172
0.3422852,0.7299805
0.3623047,0.2075195
0.628418,0.6196289
0.2182617,0.6196289
0.4453125,0.7895508
0.5117188,0.4838867
0.5722656,1.000488
0.6972656,0.7397461
0.3867188,0.9243164
0.5556641,0.2919922
0.425293,0.4169922
0.519043,0.6738281
0.4169922,0.4731445
0.4433594,0.3237305
0.3295898,0.5024414
0.4912109,0.1899414
0.5532227,0.5185547
0.4931641,0.2519531
0.4536133,0.6430664
0.3300781,0.2924805
0.2421875,0.2519531
0.4233398,0.3452148
0.3999023,0.7119141
0.4790039,0.6220703
0.6088867,0.4321289
0.3476562,0.4213867
0.1025391,0.2822266
0.1743164,0.5078125
0.503418,0
0.3896484,0.2216797
0.4067383,0
0.6245117,0.2114258
0.4536133,0.8251953
0.4946289,0.3193359
0.3256836,0.7182617
0.4438477,0.5585938
0.5473633,0.5869141
0.5117188,0.480957
0.5009766,0.3720703
0.5180664,0.1855469
0.5849609,0.08837891
0.6298828,0.5180664
0.4946289,0.3574219
0.4291992,0.4228516
0.6040039,1.000977
0.3173828,0.2763672
0.5395508,0.4785156
0.4257812,0.7680664
0.5961914,0.2998047
0.1435547,0.4985352
0.4560547,0.2680664
0.5317383,0.1420898
0.2319336,0.59375
0.5449219,0.4799805
0.4165039,0.125
0.6513672,0
0.46875,0.1098633
0.3603516,0.3051758
0.5351562,1.000488
0.706543,0.3999023
0.2524414,0.2446289
0.6049805,0
0.543457,0.5483398
0.5048828,0.7617188
0.3974609,0.6030273
0.246582,0.2407227
0.3647461,0.2231445
0.378418,0.1425781
0.2255859,0.4775391
0.2875977,0.4897461
0.512207,0.1733398
0.3046875,0.2734375
0.5639648,0.4018555
0.7739258,0.1787109
0.4956055,0.359375
0.6230469,0.5878906
0.2114258,0.8076172
0.1879883,0.5102539
0.2397461,0.1274414
0.5649414,0.4594727
0.6416016,0.4189453
0.3447266,0.5014648
0.5146484,0
0.3833008,0.6103516
0.4648438,0.2597656
0.2680664,0.4267578
0.2358398,0.7392578
0.4492188,0.6821289
0.4394531,0.8618164
0.5336914,0.8774414
0.5966797,0.4370117
0.3476562,0.7568359
0.6020508,0.5478516
0.3623047,0
0.1967773,0.1650391
0.5756836,0.7114258
0.5664062,0
0.3476562,0
0.5869141,0.3149414
0.5478516,0.6274414
0.387207,0.07763672
0.5410156,0.7539062
0.3574219,0.3212891
0.3134766,0.7255859
0.5483398,0.715332
0.5771484,1.000488
0.4853516,0.6342773
0.3017578,0.1767578
0.4130859,0.3696289
0.4204102,0.2387695
0.456543,0.4370117
0.4262695,0.6777344
0.2333984,0.762207
0.4926758,0.5869141
0.4238281,0.5932617
0.3579102,0.8686523
0.4116211,0.3466797
0.09033203,0
0.2822266,0.5805664
0.4550781,0.824707
0.3671875,0.007324219
0.5566406,0.1762695
0.472168,0.6254883
0.3017578,0.8398438
0.4145508,0.684082
0.6083984,0.828125
0.4677734,0.2607422
0.668457,0.7426758
0.3056641,0.534668
0.4711914,0.8378906
0.5375977,0.1948242
0.2783203,0.6875
0.2133789,0.8115234
0.6303711,0.04541016
0.3076172,0.5219727
0.4238281,0.2763672
0.6357422,0.2211914
0.5117188,0.6870117
0.4946289,0.3974609
0.6518555,0.4013672
0.3994141,1
0.5097656,0
0.1943359,0.3442383
0.5087891,0.3051758
0.456543,0.3291016
0.3486328,0.5039062
0.5712891,0.6743164
0.484375,0.2587891
0.2241211,0.4111328
0.4619141,0.5009766
0.5146484,0.722168
0.4624023,0.453125
0.234375,0.3193359
0.5097656,1
0.6601562,1.000488
0.3637695,0.203125
0.4365234,0.7036133
0.5483398,0.9091797
0.4599609,0.6279297
0.609375,0.6782227
0.434082,0.5834961
0.3457031,0.2744141
0.1977539,0.5693359
0.1552734,0.722168
0.3364258,0.6728516
0.5073242,0.9003906
0.4990234,0.5830078
0.2392578,0.7670898
0.4624023,1.000488
0.3398438,0.2885742
0.3813477,0.9038086
0.4389648,0.7133789
0.4873047,0.2631836
0.5239258,1.000488
0.2470703,0.3535156
0.4975586,0.6821289
0.5405273,0.3007812
0.5776367,1.000488
0.3393555,0.3452148
0.1918945,0.4506836
0.4458008,0.1166992
0.5395508,0.7124023
0.5869141,0.7275391
0.5888672,0.5019531
0.3706055,0.1943359
0.6118164,0.3100586
0.2070312,0.8491211
0.4023438,0.4682617
0.4350586,0.6523438
0.4970703,0.5917969
0.5410156,0.7988281
0.3432617,0.109375
0.4677734,0.3056641
0.4550781,0.8681641
0.4296875,0.7568359
0.3535156,0.4785156
0.3994141,1
0.2094727,0.4858398
0.4067383,0.8583984
0.3579102,0.4482422
0.1987305,0.5292969
0.5878906,0
0.2973633,0.8930664
0.4785156,0.7431641
0.6005859,0.6567383
0.2260742,1
0.4853516,0.8432617
0.2480469,0.8535156
0.3598633,0.7104492
0.2592773,0.2700195
0.2143555,0.7661133
0.3730469,0.3813477
0.4145508,0.7382812
0.6464844,0.3261719
0.5981445,0.2768555
0.4482422,0.6318359
0.4404297,0.7949219
0.5322266,1.000488
0.3999023,0.3149414
0.5717773,0.4335938
0.2514648,0.4907227
0.4838867,1.000977
0.425293,0.4550781
0.5517578,0.6113281
0.5800781,0.4370117
0.628418,0.128418
0.465332,0.753418
0.2138672,0
0.4257812,0.1123047
0.3295898,0.07910156
0.6171875,0.3076172
0.2641602,0.2202148
0.4404297,0.5395508
0.6337891,0.3359375
0.3808594,0.8022461
0.3608398,0.2089844
0.2626953,0.3886719
0.105957,0
0.3945312,1
0.5517578,0.4462891
0.449707,0.2651367
0.409668,0.8701172
0.4936523,0
0.2944336,0.4257812
0.1816406,0.4208984
0.2255859,0.7006836
0.4711914,0
0.6240234,1.000488
0.4277344,0.4912109
0.4477539,0.6328125
0.5366211,0.8452148
0.2568359,0.465332
0.5537109,0.5498047
0.2338867,0.3754883
0.6660156,0.4731445
0.1235352,0.8701172
0.5898438,0.2700195
0.3735352,0.5029297
0.515625,0.2519531
0.465332,0.7382812
0.6787109,0.3959961
0.362793,0.1689453
0.5375977,0.4902344
0.4916992,0.6386719
0.4892578,0.4824219
0.2026367,0.918457
0.3164062,0.2016602
0.5703125,0.7260742
0.7143555,0.3945312
0.168457,0.5800781
0.2983398,0.1494141
0.5048828,0.6191406
0.3999023,0.2578125
0.684082,0.3896484
0.4863281,0.2504883
0.597168,0.2255859
0.3017578,0.2231445
0.4257812,0.453125
0.3173828,0.4521484
0.3388672,0.6743164
0.7275391,0.1118164
0.5722656,0.2382812
0.4223633,0.7568359
0.7172852,0.4667969
0.3085938,0.5483398
0.425293,0.8183594
0.3618164,0.5708008
0.3007812,0.6860352
0.2670898,0.7485352
0.1767578,0.8925781
0.6088867,0.7045898
0.4282227,0.3417969
0.2373047,0.3408203
0.4726562,0.1660156
0.375,0.2001953
0.5112305,0.7739258
0.4750977,0
0.7182617,0.3500977
0.7856445,0.6977539
0.2250977,1.000488
0.2958984,0.4746094
0.3076172,0.9614258
0.3378906,0.2128906
0.4052734,0.472168
0.5874023,0.4316406
0.2685547,0.7402344
0.5805664,0
0.5771484,0.4838867
0.456543,0.9458008
0.7158203,1.000488
0.3417969,0.8173828
0.4619141,0.6210938
0.3999023,0.550293
0.2705078,0.3085938
0.6323242,0.8544922
0.3071289,0.8378906
0.4614258,0.7573242
0.28125,0.1928711
0.5292969,0.831543
0.4453125,0.8212891
0.4648438,0.5517578
0.3305664,0.8032227
0.4033203,0
0.6015625,0.7568359
0.2792969,0.8598633
0.34375,0.359375
0.7333984,0.6020508
0.7539062,0.7285156
0.4169922,0.5405273
0.5058594,0.03222656
0.3710938,0.4404297
0.3920898,0.8051758
0.3310547,0
0.6015625,0
0.1464844,0.8505859
0.5361328,0.3579102
0.4291992,0.8461914
0.6757812,0.2285156
0.4003906,0.4467773
0.5878906,0.4790039
0.4916992,0.5649414
0.1982422,1
0.2373047,0.2988281
0.5800781,0.2729492
0.3603516,0.3081055
0.7250977,0.6518555
0.5678711,0.519043
0.3710938,0.612793
0.6118164,0.918457
0.2695312,0.1538086
0.6435547,0.8374023
0.3774414,0.3613281
0.4150391,0.7924805
0.5073242,0.7832031
0.2788086,0.5551758
0.5444336,0.2875977
0.3613281,0.3256836
0.1928711,0.515625
0.3110352,0.5112305
0.5214844,0.440918
0.3583984,0.3349609
0.5825195,0.5932617
0.4672852,0.7016602
0.1435547,0.1035156
0.15625,1
0.4672852,0.784668
0.6923828,0.1450195
0.402832,0.5253906
0.6118164,0.3984375
0.7177734,0.3515625
0.6201172,0.7280273
0.2563477,0.2006836
0.4179688,0.4189453
0.7485352,0
0.4038086,0.7983398
0.3632812,0.4272461
0.6669922,0.3974609
0.5092773,0.6162109
0.1958008,0.7836914
0.6191406,0.6757812
0.3417969,0.7241211
0.2158203,0.4414062
0.1650391,0.7387695
0.5922852,0.4848633
0.5043945,0.3325195
0.4306641,0.3046875
0.3291016,0.5371094
0.3847656,0.8696289
0.2451172,0.480957
0.628418,0.8222656
0.2246094,0.6850586
0.2739258,0.5830078
0.2275391,0.5966797
0.3896484,0.3691406
0.4936523,0.1567383
0.4506836,0.4545898
0.359375,0.3383789
0.421875,0
0.3706055,0.7558594
0.5141602,0.7055664
0.375,0.1791992
0.340332,0.7182617
0.3686523,0.7700195
0.3398438,0.7104492
0.644043,0.8251953
0.5400391,0.722168
0.2114258,0.9072266
0.4204102,0.2158203
0.4404297,0.4067383
0.3676758,0.4174805
0.3466797,0.7397461
0.4736328,1
0.487793,0.1860352
0.4545898,0.4892578
0.5043945,0.1162109
0.4204102,0.5898438
0.7207031,0.4267578
0.5527344,0.6704102
0.1884766,0.6484375
0.3300781,0.425293
0.5161133,1.000488
0.5151367,0.409668
0.46875,0.1098633
0.4829102,0.6660156
0.4106445,0.2817383
0.4614258,0.3481445
0.2802734,0.5302734
0.4912109,0.4189453
0.7148438,0.6181641
0.4174805,0.9541016
0.3930664,0.9853516
0.4472656,0.4829102
0.440918,0.2285156
0.4785156,1.000977
0.2900391,0.2509766
0.1147461,0.4990234
0.4331055,0.5390625
0.7363281,0.1875
0.331543,0.284668
0.1806641,0.5605469
0.7451172,0.2866211
0.5043945,0.1464844
0.2851562,0.609375
0.2851562,0.3925781
0.2490234,0.3525391
0.1938477,0.2631836
0.5478516,0.8671875
0.3935547,0.3876953
0.3066406,0.7119141
0.4941406,0.2958984
0.4853516,0.5058594
0.6030273,0.652832
0.2666016,0.5771484
0.2978516,0.5263672
0.605957,0.0390625
0.3012695,0.668457
0.4995117,0.4072266
0.1152344,0.4755859
0.5273438,0.6098633
0.5087891,0.2919922
0.390625,0.3305664
0.1210938,0.3759766
0.4692383,0.2568359
0.296875,0.6376953
0.5024414,0.5029297
0.4350586,0.4428711
0.4672852,0.0009765625
0.5039062,0.3994141
0.609375,0.5400391
0.2685547,0.1743164
0.1982422,0.5327148
0.2006836,0.8271484
0.1860352,0.6445312
0.4165039,0.7265625
0.3149414,0.4316406
0.2954102,0.4311523
0.6069336,0.8564453
0.3935547,0.137207
0.3305664,0.3168945
0.7485352,0.7114258
0.300293,0.4345703
0.3916016,0.347168
0.3745117,0.5205078
0.262207,0
0.1123047,0.8354492
0.2958984,0.4316406
0.6811523,0.7324219
0.7001953,0.8662109
0.1865234,0.7275391
0.4228516,0.6396484
0.5229492,0
0.4838867,1.000977
0.456543,0.8759766
0.2338867,0.3500977
0.5546875,0.699707
0.3945312,0.3237305
0.4145508,0
0.2485352,0.6616211
0.2597656,0.293457
0.4345703,1.000488
0.5463867,0.2329102
0.4726562,0
0.6108398,0.9404297
0.4174805,0.4697266
0.3808594,0.06982422
0.1796875,0
0.6879883,0.3540039
0.5688477,0.2119141
0.3623047,0
0.4404297,0.8066406
0.5517578,0.7836914
0.4599609,0.8310547
0.4814453,0
0.6030273,0.6137695
0.5449219,0.3393555
0.5317383,1.000488
0.605957,0.03955078
0.4257812,0.4604492
0.6708984,0.1757812
0.5004883,0.6665039
0.5317383,0.355957
0.6953125,0.8286133
0.4169922,0.5673828
0.4731445,0.7851562
0.434082,0.3115234
0.1450195,0.2817383
0.4707031,1
0.3242188,0.2592773
0.5629883,0
0.434082,0.684082
0.5136719,0.2319336
0.6362305,0.5517578
0.5141602,1
0.4916992,0
0.3061523,0.3862305
0.4599609,0.2211914
0.7114258,0.5449219
0.4116211,0.3823242
0.5991211,1.000488
0.4287109,0.4555664
0.3510742,0.2758789
0.4165039,0.7524414
0.5961914,0.7929688
0.2709961,0.3500977
0.4736328,0.4663086
0.4033203,0.3266602
0.4155273,0.5336914
0.2944336,0.4541016
0.2739258,0.5527344
0.590332,0.6289062
0.3027344,0.3706055
0.2958984,0.1762695
0.3383789,1.000488
0.7133789,0.5522461
0.3945312,0.7783203
0.5151367,0.1391602
0.59375,0.2290039
0.4433594,0.1713867
0.484375,0.6967773
0.5209961,0.6230469
0.5854492,0.3266602
0.5141602,0.7231445
0.4370117,0.234375
0.1606445,0.2329102
0.6474609,0.3647461
0.2910156,0.2099609
0.3779297,0.4750977
0.3354492,1.000488
0.4262695,0.5742188
0.2416992,0.4628906
0.5410156,0.7524414
0.6113281,0.2128906
0.3149414,0.4121094
0.7089844,0.3608398
0.6704102,0.4682617
0.359375,0.8676758
0.4960938,0.3837891
0.2797852,0.5268555
0.2104492,0.6083984
0.3608398,0.5952148
0.199707,0.7011719
0.2880859,0.4111328
0.5380859,0.1464844
0.5859375,0.2607422
0.2626953,0.5
0.4604492,0.6699219
0.6494141,0.1420898
0.3916016,0.2944336
0.3203125,0.3447266
0.4477539,0.8652344
0.4960938,0.3618164
0.6005859,0.7236328
0.3305664,0.7539062
0.4072266,0.7397461
0.6787109,0.2739258
0.2597656,0.7006836
0.6069336,0.5688477
0.722168,1.000977
0.5410156,0
0.3452148,0
0.3208008,0.8398438
0.1103516,0.7285156
0.5219727,0.5898438
0.3256836,0.6708984
0.6083984,0.4038086
0.1010742,0.5532227
0.5058594,0.3549805
0.4975586,0.3598633
0.6474609,0.3618164
0.4316406,0.1865234
0.3349609,0.2709961
0.6049805,0
0.2250977,0.777832
0.5571289,0.5576172
0.4750977,0.4550781
0.2983398,0
0.4194336,0.6381836
0.6303711,0.9521484
0.472168,0.7666016
0.3510742,0.1098633
0.4135742,0.3657227
0.4072266,0.6000977
0.7509766,0.6298828
0.605957,0.4467773
0.3901367,0.331543
0.5673828,0.5820312
0.5083008,0.5297852
0.324707,0.8823242
0.4956055,0.4667969
0.1425781,0.8945312
0.3261719,0.5068359
0.3017578,0.6782227
0.2763672,0.7475586
0.309082,0.9921875
0.4160156,0
0.6508789,0.6855469
0.1689453,0.5136719
0.07666016,0.2446289
0.2583008,0.1704102
0.3442383,0.737793
0.3027344,0.3491211
0.4248047,0.9272461
0.3408203,0.7822266
0.2548828,0.2866211
0.5791016,0.3398438
0.1420898,0.5976562
0.7060547,0.6450195
0.3261719,0.6367188
0.3061523,0.6132812
0.480957,0.2880859
0.5507812,0.5126953
0.4389648,0.3022461
0.4204102,0.1616211
0.09082031,0.1782227
0.3310547,0.296875
0.4375,0.1743164
0.2387695,0.4638672
0.4013672,0.5131836
0.3105469,0.3862305
0.4897461,0.5493164
0.3588867,0.5517578
0.5541992,0.1855469
0.6298828,0.1347656
0.3393555,0.5483398
0.4555664,0.4916992
0.6782227,0.8359375
0.7270508,0.3227539
0.4956055,0.7666016
0.4291992,0.3237305
0.4042969,0.7231445
0.5756836,0.9135742
0.3867188,0.6635742
0.3232422,0.7109375
0.5766602,0.2597656
0.3759766,0.894043
0.5332031,0.8720703
0.5512695,0.5737305
0.5097656,0.1323242
0.4106445,1.000488
0.7460938,0.6088867
0.5615234,0.06689453
0.5830078,0.230957
0.2514648,0.4355469
0.2763672,0.527832
0.4868164,0.2651367
0.4833984,0.4414062
0.527832,0
0.3852539,0.7817383
0.3110352,1
0.3193359,0.4116211
0.315918,0.6044922
0.2021484,0.7333984
0.5419922,0.2583008
0.453125,0.6142578
0.2651367,0.2822266
0.4316406,0.8105469
0.4624023,0.8251953
0.1860352,0.1137695
0.4584961,0.722168
0.5361328,0.3554688
0.7094727,0.9306641
0.2900391,0.5776367
0.5068359,0.1518555
0.5273438,0.5151367
0.6298828,0.1347656
0.4990234,0.237793
0.3339844,0.859375
0.6040039,0
0.1704102,0.6518555
0.5854492,0
0.5092773,0.6914062
0.5610352,0.7924805
0.5908203,0.8486328
0.25,0.6923828
0.5341797,0.4072266
0.4135742,0.1132812
0.4365234,0.2661133
0.612793,0
0.5253906,0.6191406
0.2851562,0.2329102
0.3603516,0.2172852
0.668457,0.8481445
0.625,0.3500977
0.3154297,0
0.3168945,1
0.3818359,0.2880859
0.3481445,0.324707
0.5322266,0.5092773
0.3105469,0.3842773
0.1982422,0.1704102
0.65625,0.8344727
0.230957,0.7148438
0.4643555,0.3266602
0.4980469,0.08642578
0.3056641,0.2695312
0.4033203,0.3295898
0.5678711,0.3388672
0.3066406,0.7783203
0.3979492,0.5869141
0.3964844,0.4638672
0.5029297,0.7597656
0.7460938,0.9907227
0.262207,0
0.6147461,0.3217773
0.4233398,0.8046875
0.5825195,1.000488
0.5175781,0.06640625
0.4077148,0.3994141
0.378418,0
0.21875,0.5327148
0.4560547,1
0.2548828,0.4013672
0.4897461,0.2880859
0.6225586,0.7021484
0.4013672,0.7006836
0.1411133,0.8950195
0.4477539,0.4897461
0.5859375,0
0.4741211,0.3203125
0.6923828,0.3481445
0.3798828,0.6005859
0.4316406,0.4829102
0.1733398,0.5854492
0.4614258,0
0.371582,0.1616211
0.5678711,0.7729492
0.4633789,0.09326172
0.2451172,0.6005859
0.4438477,0.06982422
0.1118164,0.9013672
0.2792969,0.7128906
0.690918,0.8037109
0.5405273,0.2397461
0.578125,0.28125
0.4101562,0.1713867
0.2441406,0.7792969
0.6708984,0.8300781
0.4165039,0.6137695
0.3354492,0.5556641
0.5078125,0.02099609
0.3344727,0.2998047
0.6069336,0
0.2192383,0.6708984
0.3134766,0.6835938
0.3945312,0.840332
0.4663086,0.3461914
0.4614258,0.3061523
0.5473633,0.4355469
0.3442383,0.2041016
0.7314453,0.6337891
0.3369141,0.6772461
0.4389648,0.4243164
0.3901367,0.7421875
0.4160156,0.5039062
0.5703125,0.5463867
0.5068359,0.4423828
0.6704102,0.1806641
0.6381836,0.6298828
0.5991211,0.4052734
0.4257812,0.3232422
0.6640625,0.7138672
0.5429688,0.6513672
0.4853516,0.7822266
0.5249023,0.7504883
0.6518555,0.1943359
0.640625,0.6259766
0.2666016,0.5996094
0.59375,0.324707
0.5541992,0.1855469
0.1464844,0.1479492
0.5048828,0.3862305
0.496582,0.3012695
0.3706055,0.06884766
0.4765625,1.000488
0.5385742,0
0.1777344,0.7167969
0.449707,0.387207
0.1220703,0.324707
0.387207,0.4379883
0.4228516,0.6699219
0.4550781,0.8603516
0.5556641,0.6191406
0.4902344,0.4936523
0.4272461,0.7119141
0.4472656,0.6914062
0.2182617,0.6313477
0.1850586,0.2822266
0.4975586,1.000977
0.5546875,0.3168945
0.2592773,0.4350586
0.5693359,0.4228516
0.3242188,1
0.6757812,0.8759766
0.6010742,0.7270508
0.2290039,0.7021484
0.3554688,0.6049805
0.3808594,0.7983398
0.4233398,0.4453125
0.3486328,0
0.4160156,0.002441406
0.222168,0.5146484
0.5078125,0.8432617
0.4448242,0.3999023
0.2558594,0.2382812
0.4516602,1
0.394043,0.5297852
0.5083008,0.2753906
0.5761719,0.7119141
0.4926758,0.828125
0.4609375,0.8208008
0.3486328,0.8579102
0.2929688,0.6894531
0.2255859,0.6171875
0.1508789,0.7519531
0.4692383,0.2875977
0.3974609,0.6005859
0.4384766,0.1455078
0.3793945,0.6518555
0.6606445,0.3540039
0.4941406,0.1430664
0.07617188,0.644043
0.5019531,0.7983398
0.1826172,0.515625
0.4223633,0.2382812
0.5234375,0.5585938
0.5639648,1.000488
0.6113281,0.2348633
0.5678711,0.5083008
0.2670898,0.8066406
0.5117188,0.5668945
0.3833008,0.8530273
0.5893555,0.3154297
0.2939453,0.6748047
0.5419922,0.6010742
0.2011719,0.2890625
0.3505859,0.3745117
0.28125,0.5805664
0.4750977,0.5644531
0.07470703,1
0.5429688,0.1918945
0.2670898,1.000488
0.2114258,0.7592773
0.7250977,0.8759766
0.2304688,0.3945312
0.5693359,0.652832
0.3710938,0.1918945
0.6884766,0.8056641
0.5410156,0.3227539
0.1894531,0.005371094
0.2856445,0.2324219
0.4902344,0.8647461
0.2319336,0
0.394043,0.5273438
0.222168,0.4355469
0.3056641,0.2749023
0.4301758,0.3291016
0.1694336,0.8637695
0.3520508,0
0.4487305,0.5263672
0.5180664,0.4946289
0.5878906,0.7895508
0.1357422,0.2993164
0.4916992,0.3808594
0.3535156,0.7871094
0.2451172,0.3735352
0.2709961,0.8725586
0.3686523,0.8432617
0.6826172,0.7993164
0.2099609,0.4790039
0.5581055,0.769043
0.2133789,0.809082
0.4648438,0.2241211
0.1953125,0.3408203
0.6679688,0.4438477
0.440918,0.4365234
0.1357422,0.5527344
0.675293,0.378418
0.7485352,0.2519531
0.5454102,0.5419922
0.4765625,0.6708984
0.3710938,0.519043
0.5698242,0.04150391
0.5737305,0.6689453
0.4384766,0.8520508
0.2900391,0.5229492
0.4716797,0.09130859
0.2602539,0.2856445
0.2861328,0.03564453
0.4643555,0.2133789
0.2666016,0.2978516
0.480957,0.6000977
0.5263672,1.000488
0.4941406,0.7875977
0.4580078,1.000977
0.5771484,0.2368164
0.3779297,0.4296875
0.2514648,0.1655273
0.4858398,0.6298828
0.6333008,0.7421875
0.4296875,0.2929688
0.2885742,0.671875
0.5107422,0.1850586
0.394043,0.746582
0.3266602,0.6660156
0.1499023,0.4848633
0.4628906,0.2514648
0.7373047,0.15625
0.5498047,1.000977
0.4594727,0.3935547
0.4584961,0.668457
0.6723633,0.1630859
0.4033203,0.4614258
0.4980469,0.2485352
0.4887695,0.07666016
0.6259766,0.5507812
0.2363281,0.9008789
0.3022461,0.1630859
0.5541992,0.9155273
0.7451172,0.7797852
0.2973633,0.1943359
0.3862305,0.6723633
0.2592773,0.2275391
0.5097656,0.6337891
0.3862305,0.2612305
0.1870117,0.4824219
0.5410156,0.2177734
0.6606445,0.2490234
0.5683594,0.9599609
0.65625,0.1958008
0.3701172,1
0.3950195,1
0.4682617,0.4677734
0.5073242,0.449707
0.4116211,0.909668
0.3969727,0.8022461
0.3041992,0.3754883
0.3544922,0.4916992
0.1152344,0.4755859
0.59375,0.590332
0.3276367,1.000488
0.3305664,0.3891602
0.1689453,0.8696289
0.434082,0.7675781
0.3632812,0.1660156
0.1259766,0.862793
0.2075195,0.7001953
0.3857422,0.2758789
0.5571289,0.3222656
0.5742188,0.7148438
0.2773438,0.9121094
0.1474609,0.7915039
0.6186523,0.1674805
0.4174805,0.5507812
0.2617188,0.7226562
0.3979492,0.3896484
0.4838867,0.3764648
0.4560547,0.7192383
0.3574219,0.6894531
0.2275391,0.4106445
0.5131836,0.4770508
0.3505859,0.3364258
0.3974609,0.3618164
0.4023438,0.5351562
0.3417969,0.2680664
0.2910156,0.4130859
0.4204102,0.7700195
0.3813477,0
0.3305664,0.706543
0.6191406,0.4345703
0.1079102,1.000488
0.4072266,0.1811523
0.4545898,0.472168
0.4912109,0.6513672
0.2651367,0.5722656
0.7558594,0.7250977
0.3881836,0.6601562
0.4897461,0.5454102
0.3305664,0.644043
0.3823242,0.3383789
0.2905273,1.000488
0.5561523,0.4316406
0.2973633,0.8520508
0.2851562,0.5297852
0.4145508,0.5751953
0.4233398,0.5908203
0.3735352,0.7099609
0.3354492,0.005371094
0.425293,0.3374023
0.7329102,0.9897461
0.2226562,0.8798828
0.3413086,0.7792969
0.3901367,0.1557617
0.5751953,0.2866211
0.1342773,0.3330078
0.7714844,0.8764648
0.284668,0.7407227
0.5390625,0.6904297
0.5410156,0.6035156
0.5874023,0.7763672
0.7182617,0.2294922
0.2670898,0.3198242
0.3735352,0.4667969
0.2314453,0.2880859
0.5405273,0.684082
0.3115234,0.4741211
0.4267578,1.000488
0.5200195,0.3320312
0.1665039,0.7397461
0.3950195,0.1816406
0.5507812,0.5693359
0.1938477,0.7558594
0.1621094,0.5058594
0.4394531,0.4189453
0.2509766,0.703125
0.3549805,0.2641602
0.6289062,0.3896484
0.1220703,0.715332
0.6445312,0.5415039
0.5493164,0.3828125
0.2958984,0.1538086
0.4360352,0
0.2514648,0.3208008
0.5439453,0.9277344
0.7104492,0.3574219
0.331543,0.769043
0.7700195,0.4780273
0.4291992,0.7119141
0.4155273,0.7563477
0.3291016,0.6704102
0.4179688,0.1679688
0.4487305,0.8681641
0.4121094,0.01855469
0.4370117,0.2075195
0.5019531,0.7246094
0.3110352,0.1352539
0.2451172,0.7646484
0.484375,0.5014648
0.6875,0.519043
0.5356445,0.7983398
0.6293945,0.3505859
0.3564453,0.5097656
0.4365234,0.5668945
0.3535156,0.7919922
0.6860352,0.6625977
0.5693359,0.2543945
0.1992188,0.5361328
0.3125,0.8251953
0.6567383,0.4267578
0.2592773,0.1787109
0.578125,0.4111328
0.4121094,0.3554688
0.3271484,0
0.3686523,0.4575195
0.7006836,0.605957
0.621582,0.7607422
0.4379883,0.4414062
0.2719727,0.2231445
0.3085938,0.8486328
0.46875,0.09765625
0.07714844,0.4599609
0.6274414,0.002929688
0.6982422,0.175293
0.4135742,1.000488
0.4174805,0.5517578
0.4160156,0.503418
0.1103516,0.2875977
0.222168,0.7436523
0.5341797,0.5908203
0.5932617,0.5932617
0.1230469,0.5878906
0.6582031,0.08691406
0.4975586,0.6762695
0.4707031,0.5024414
0.4306641,0.2402344
0.3769531,0.3061523
0.5175781,0.5351562
0.3022461,0.675293
0.456543,0.9458008
0.6069336,0.5605469
0.2543945,0.5039062
0.4399414,0.4326172
0.3813477,0.8623047
0.4990234,0.40625
0.3681641,0.9399414
0.753418,0.02490234
0.3188477,0.4091797
0.5244141,0.3730469
0.1884766,0.6469727
0.3920898,0.4052734
0.4848633,0.5566406
0.4985352,0.1279297
0.25,0.6943359
0.5043945,0.3300781
0.5234375,0.6845703
0.4584961,0.7851562
0.4638672,0.59375
0.6230469,0.8632812
0.5966797,0.4057617
0.3085938,0.6479492
0.4379883,0.4414062
0.1577148,0.9072266
0.2612305,0.7290039
0.09033203,0.7875977
0.2924805,0.8613281
0.1567383,0.8168945
0.5878906,0.3491211
0.3334961,0.2246094
0.5810547,0.2636719
0.2900391,0.5634766
0.5986328,0.3291016
0.546875,0.1240234
0.5458984,0.515625
0.5810547,0.2626953
0.3540039,0.6933594
0.4291992,0.2978516
0.484375,0.5288086
0.7216797,0.9697266
0.2553711,0.3369141
0.324707,1.000488
0.5698242,0.7270508
0.1860352,1.000488
0.5073242,0.3032227
0.6416016,0.3476562
0.3754883,0.1635742
0.4243164,0.1733398
0.5078125,0.2260742
0.4384766,0.8505859
0.6157227,0.8876953
0.644043,0.5283203
0.4736328,0
0.4414062,0.3071289
0.2172852,1
0.5107422,0.8354492
0.4819336,1.000488
0.4287109,0.8583984
0.1801758,0.6772461
0.609375,0.4370117
0.4414062,0.6367188
0.3540039,0
0.4316406,0.8583984
0.1899414,0.4399414
0.5195312,0.3037109
0.3242188,0.8125
0.3364258,0.6162109
0.215332,0.8061523
0.4746094,0.2241211
0.3339844,0.9038086
0.4301758,0.434082
0.4277344,0.3686523
0.3144531,0.4150391
0.2382812,0.4335938
0.3432617,0.3579102
0.230957,0.7324219
0.2114258,1
0.4541016,0.07910156
0.3769531,0.6293945
0.1318359,0.6757812
0.4682617,0.550293
0.4418945,0.5888672
0.1489258,0.6464844
0.3266602,0.2475586
0.7099609,0.8359375
0.3334961,0.6333008
0.4741211,0.8671875
0.5522461,0.6816406
0.3613281,0.3681641
0.4145508,0.7368164
0.4155273,0.5112305
0.1499023,0.3256836
0.3359375,0.5161133
0.1738281,0.3647461
0.5029297,0.3334961
0.3408203,0.4570312
0.4902344,0.1757812
0.3261719,0.5087891
0.4194336,0.1518555
0.4560547,0.175293
0.519043,0.7138672
0.5288086,0.3129883
0.4624023,0.4628906
0.3583984,0.9047852
0.5532227,0.8251953
0.4360352,0.6484375
0.6420898,0.5253906
0.3876953,0.4619141
0.3041992,0.3095703
0.1420898,0.09521484
0.6401367,0.152832
0.3696289,0.2753906
0.6186523,0.7612305
0.4467773,0.6982422
0.3505859,1.000488
0.5615234,0.1152344
0.1738281,0.3647461
0.2226562,0.4326172
0.6044922,0.8867188
0.737793,0.3115234
0.5273438,0.6635742
0.6889648,0.3461914
0.2416992,0.2255859
0.4990234,0.6254883
0.527832,0.2553711
0.7929688,0.3808594
0.4780273,0.4243164
0.421875,0.7583008
0.5151367,0.03759766
0.5200195,0.715332
0.3911133,0.8808594
0.2729492,0.4169922
0.5004883,1
0.6098633,0.7578125
0.4291992,0.3256836
0.4033203,0.6914062
0.2597656,0.300293
0.5229492,0.4365234
0.5361328,0.08789062
0.4853516,0.7026367
0.2490234,0.6557617
0.1479492,0.878418
0.5771484,0.3447266
0.1738281,0.8544922
0.4750977,0.5498047
0.3066406,0.4848633
0.4121094,0.5375977
0.7563477,0.7094727
0.4150391,0.4155273
0.2939453,0.5561523
0.4487305,0.9331055
0.2275391,0.4106445
0.6669922,0.1464844
0.6606445,0.859375
0.3955078,0.5273438
0.4189453,0.1064453
0.6210938,0.6289062
0.3955078,0.1728516
0.4321289,0.2783203
0.4736328,0.7670898
0.4648438,0.5107422
0.2944336,0.3256836
0.6201172,0.5566406
0.2421875,1.000488
0.519043,0.8598633
0.5234375,0.5146484
0.315918,0.1884766
0.21875,0
0.2495117,0.4541016
0.3930664,0.6791992
0.5205078,0.01708984
0.4145508,0.4169922
0.2583008,0.8671875
0.3076172,0
0.1547852,0.6079102
0.6484375,1.000977
0.668457,0.2802734
0.4477539,0.8393555
0.293457,0.2124023
0.4311523,0.2749023
0.2866211,0.800293
0.5175781,0.4365234
0.331543,0.8544922
0.6381836,0.2924805
0.4291992,0.4238281
0.4453125,0.7524414
0.2548828,0.7333984
0.1328125,0.4799805
0.4370117,0.1723633
0.5405273,0.875
0.5546875,0.7587891
0.6044922,0.4077148
0.4135742,0.6430664
0.6035156,0
0.449707,1
0.4301758,1.000488
0.4892578,0.4526367
0.2324219,0.8950195
0.3901367,0.6191406
0.1567383,0.4174805
0.4394531,0.4443359
0.3969727,0.6787109
0.5488281,0.7216797
0.5063477,0.5561523
0.4418945,0.5483398
0.6005859,0.296875
0.355957,1.000488
0.6005859,0.3745117
0.6767578,0.8339844
0.6308594,0.3974609
0.6904297,0.1542969
0.2250977,1
0.5522461,0.001953125
0.4199219,0.8217773
0.5800781,0.2734375
0.4135742,0.9643555
0.3779297,0.6923828
0.4609375,0.2993164
0.5029297,0.3334961
0.5302734,0.9311523
0.515625,0.2514648
0.3095703,0.8554688
0.4785156,0.746582
0.4052734,0.9213867
0.5947266,0.7993164
0.7099609,0.6118164
0.4038086,0.434082
0.3613281,0.7597656
0.2807617,0.277832
0.4511719,0.5981445
0.4331055,0.1733398
0.3583984,0.9047852
0.3393555,0.8813477
0.1767578,0.4936523
0.347168,0.5126953
0.3212891,0.2524414
0.1103516,0.2939453
0.5185547,0.2421875
0.7226562,0.5986328
0.2763672,0.2387695
0.5385742,0.7050781
0.2817383,0.7617188
0.4633789,0.09375
0.5874023,0.7104492
0.5327148,0.3881836
0.1987305,0.324707
0.6762695,0
0.3300781,0.1469727
0.5913086,0.4604492
0.2954102,0.2241211
0.3339844,0.4208984
0.4663086,0.9858398
0.4863281,0.8081055
0.6767578,0.3466797
0.5581055,0.5639648
0.3657227,1
0.65625,0
0.4726562,0.6904297
0.4838867,0.4501953
0.4057617,0.1386719
0.5107422,0.8334961
0.3452148,0.9897461
0.5170898,0.3461914
0.4609375,0.4306641
0.3867188,0.7055664
0.4135742,1.000488
0.2104492,0.2426758
0.6376953,0.4291992
0.6884766,0.2783203
0.1953125,0.1586914
0.2338867,0.2954102
0.3911133,0.7368164
0.4951172,0.5175781
0.2050781,0.1279297
0.3920898,0.3017578
0.4082031,0
0.6401367,0.7055664
0.4365234,0.4584961
0.6103516,0.05371094
0.2084961,0.6972656
0.3051758,1.000488
0.253418,0.6430664
0.71875,0.6459961
0.3417969,0.7246094
0.3745117,0.8979492
0.4248047,0.4702148
0.1293945,0.7895508
0.137207,0.7954102
0.3432617,0.5908203
0.5844727,0.5859375
0.6948242,0.2753906
0.4638672,0.5166016
0.5048828,0.6689453
0.1245117,0.1640625
0.3496094,0
0.4824219,0.3217773
0.5991211,1.000977
0.2680664,0.355957
0.7490234,0.2514648
0.402832,0.3876953
0.3198242,0.4682617
0.3681641,0.7451172
0.6381836,0.2060547
0.1362305,0
0.3393555,1.000488
0.3837891,1.000488
0.4238281,0.1699219
0.265625,0.6962891
0.2016602,0.737793
0.5854492,0.5776367
0.1982422,0.4291992
0.3452148,0.8251953
0.4150391,0.7387695
0.7104492,0.9863281
0.4584961,0.5112305
0.6884766,0.8081055
0.4726562,0.1821289
0.3071289,0
0.3847656,0.8354492
0.4433594,0.4975586
0.6005859,0.7182617
0.46875,0.09521484
0.4794922,1.000488
0.4970703,0.3325195
0.4536133,0.2543945
0.5424805,0.6557617
0.3520508,0.2172852
0.3173828,0.1708984
0.3378906,0.1650391
0.3852539,0
0.7099609,0.3496094
0.6914062,0.6445312
0.5483398,0.5302734
0.4755859,0.8374023
0.487793,0.5410156
0.2563477,0.2421875
0.3979492,0.4501953
0.4536133,0
0.5063477,0.7758789
0.1884766,0.5209961
0.4946289,0.1147461
0.5087891,0.5595703
0.4379883,0.4194336
0.3583984,0.3178711
0.4570312,0.3427734
0.3852539,0.6904297
0.4946289,0.5351562
0.3349609,0
0.3896484,0.3691406
0.5844727,0.6484375
0.5205078,0.387207
0.4155273,0.3037109
0.1469727,0.5068359
0.1928711,0.7407227
0.2348633,0.4545898
0.2099609,0.6201172
0.4316406,0.1865234
0.6201172,0.1552734
0.1767578,0
0.2788086,0.6967773
0.4360352,1.000488
0.4135742,0.5556641
0.440918,0.3125
0.5581055,0.8110352
0.3867188,0.2617188
0.5712891,0.4106445
0.1455078,0.009277344
0.4428711,0.5024414
0.1582031,0.871582
0.3393555,0
0.3076172,0.5756836
0.3666992,0.8500977
0.5991211,1.000488
0.5952148,0.2836914
0.40625,0.7089844
0.6030273,0.4726562
0.5229492,0.7607422
0.3618164,0.1420898
0.3032227,0.3740234
0.4731445,0.6650391
0.3232422,0.793457
0.4213867,0.6235352
0.5063477,0.4570312
0.3862305,0.6611328
0.1499023,0.628418
0.4824219,0.06738281
0.421875,0.008789062
0.5844727,0.2578125
0.4423828,0.453125
0.4331055,0.2460938
0.5644531,0.8046875
0.4433594,0.6103516
0.387207,0.3256836
0.5141602,0.8081055
0.4658203,0.2602539
0.2407227,0.3422852
0.4707031,0.644043
0.4433594,1
0.3569336,0.3334961
0.5800781,0.2661133
0.4580078,0.5576172
0.4765625,0.4326172
0.4814453,1
0.4394531,0
0.5947266,0.4389648
0.2670898,0.5444336
0.3706055,0.2983398
0.4321289,0.4423828
0.5078125,0.2836914
0.4291992,0.2875977
0.4570312,0.4345703
0.5244141,0.8378906
0.5,0.5512695
0.6484375,1.000977
0.2148438,0.3891602
0.3642578,0.7719727
0.1308594,0.2143555
0.4213867,0.1289062
0.1279297,0.0859375
0.4829102,0.3510742
0.5043945,0.527832
0.3071289,0.3305664
0.6386719,0.6337891
0.456543,0.3300781
0.5737305,0.4980469
0.4213867,0.5649414
0.1069336,0.3754883
0.3491211,0.7768555
0.4916992,0.7768555
0.6191406,0.5639648
0.2749023,0
0.4291992,0.3676758
0.6708984,0.7456055
0.340332,0.6049805
0.4814453,1.000488
0.2426758,0.347168
0.4970703,0.7319336
0.4179688,0.6738281
0.3701172,0.9755859
0.425293,0
0.5131836,0.2324219
0.5473633,0.8520508
0.659668,0.4277344
0.2749023,0.4101562
0.3847656,0.4199219
0.465332,0.597168
0.394043,0.5859375
0.4418945,0.4428711
0.2553711,0.3569336
0.4101562,1.000488
0.4931641,0.9658203
0.2348633,0.7016602
0.3955078,0.6381836
0.565918,0.3100586
0.2973633,0.5356445
0.1723633,0.534668
0.1723633,0.5673828
0.484375,0.8066406
0.2265625,0.6860352
0.07666016,0.1611328
0.4545898,0.4511719
0.4873047,0.5351562
0.5600586,0.8144531
0.5043945,0.8754883
0.3334961,0.1689453
0.5507812,0.2729492
0.4208984,0.6020508
0.640625,0.6264648
0.2773438,0.5751953
0.5288086,0.6352539
0.6103516,0.5644531
0.1860352,0.4726562
0.1806641,0.6567383
0.6826172,0.5410156
0.5532227,0.612793
0.3647461,0.1835938
0.4619141,0.5024414
0.6362305,0.4033203
0.3129883,0.4594727
0.4433594,0.5913086
0.6772461,0.3447266
0.6220703,0
0.5166016,0.1499023
0.5180664,0.7768555
0.2314453,1
0.7104492,0.7871094
0.3745117,0.7236328
0.6064453,0.3022461
0.4086914,0.7641602
0.4272461,0.07666016
0.3510742,0.4824219
0.4008789,0.7060547
0.4638672,0.8842773
0.5625,0.480957
0.5151367,0.8022461
0.3266602,0
0.6630859,0.6308594
0.2290039,0.5478516
0.3291016,0.8740234
0.512207,0.5
0.1884766,0.1152344
0.4291992,0.01708984
0.5888672,0
0.3823242,0.434082
0.4257812,0
0.6049805,0
0.5229492,0.4370117
0.4960938,0.1557617
0.3852539,0.5004883
0.2084961,0.1918945
0.3168945,0.4794922
0.4609375,0.328125
0.2641602,0.5654297
0.324707,0.3950195
0.9521484,0.7177734
0.1445312,0
0.4257812,0.875
0.3955078,0.6181641
0.2915039,0.5336914
0.2758789,0.06542969
0.5219727,0.7924805
0.5087891,0.2924805
0.25,0.3408203
0.3779297,0.8774414
0.4301758,0.5200195
0.2944336,0.3251953
0.5932617,0.8779297
0.5029297,0.2685547
0.4130859,0.855957
0.6518555,0.4013672
0.6157227,0.8833008
0.6503906,0.2353516
0.5200195,0.6298828
0.4750977,0.5654297
0.1416016,0.3095703
0.1938477,0.862793
0.5361328,0.6264648
0.1352539,0.2910156
0.222168,0.5581055
0.5595703,0.5712891
0.4003906,0.3662109
0.3857422,0.4970703
0.2695312,0.777832
0.3735352,0.4746094
0.3413086,0.8666992
0.3134766,0.4287109
0.3886719,0.1611328
0.5668945,0.2236328
0.4960938,0.5058594
0.5556641,0.765625
0.449707,0.3330078
0.3232422,1
0.190918,0.8730469
0.4033203,0.565918
0.7080078,0.3476562
0.6782227,0.8735352
0.421875,0.2866211
0.46875,0.6738281
0.2607422,1
0.7314453,0.6337891
0.7636719,0.671875
0.5043945,0.7583008
0.2983398,0.5517578
0.4555664,0.487793
0.5268555,0.53125
0.3227539,0.6801758
0.3764648,0.3286133
0.4321289,0.09570312
0.5117188,0.8100586
0.6025391,1.000488
0.4536133,0.9267578
0.2138672,0.2568359
0.5078125,0.7792969
0.3764648,0.6298828
0.3149414,0.4345703
0.1557617,0.7163086
0.2939453,0.828125
0.2929688,0.715332
0.5463867,0.5488281
0.5952148,0.09130859
0.3486328,0.3227539
0.5102539,0.6333008
0.3803711,0.2895508
0.2456055,0.1738281
0.3769531,0.6264648
0.2783203,0.4560547
0.3310547,0.2827148
0.3193359,0.5688477
0.4423828,0.5151367
0.2470703,0.3896484
0.2324219,0.4799805
0.2988281,0.3447266
0.3203125,0.7612305
0.324707,0.3291016
0.4501953,0.4018555
0.3964844,0.4443359
0.4941406,0.4814453
0.3603516,0.9716797
0.4560547,0
0.3955078,0.699707
0.5068359,0.1533203
0.4228516,0.8061523
0.5405273,0.2299805
0.6455078,0.5424805
0.2880859,0.5917969
0.4135742,0.3525391
0.4165039,0.4760742
0.3857422,0.2363281
0.5541992,0.5644531
0.7265625,0.4228516
0.4702148,0.644043
0.2353516,0.6044922
0.2143555,0.4819336
0.5615234,0.625
0.3457031,0.4980469
0.3925781,0.3598633
0.4746094,0.315918
0.1806641,0.5571289
0.1928711,0.121582
0.3837891,0.7055664
0.4443359,0.5927734
0.5742188,0.7998047
0.5991211,0.4116211
0.5654297,0.9379883
0.5507812,0.25
0.09326172,0.8686523
0.7182617,0.6293945
0.2871094,0.8115234
0.2998047,0.4067383
0.3466797,0.5839844
0.234375,0.1855469
0.7583008,0.112793
0.340332,0.4248047
0.4047852,0.4550781
0.609375,0.3491211
0.2143555,0.6206055
0.28125,0.2792969
0.3833008,0.2021484
0.543457,0.1894531
0.3706055,0.6098633
0.5009766,0.296875
0.7250977,0.6518555
0.675293,0.3193359
0.3632812,0.4272461
0.2866211,1
0.4785156,0.6625977
0.1884766,0.4472656
0.4316406,0.3417969
0.387207,0.7543945
0.3085938,0.4770508
0.5693359,0.0703125
0.2680664,0.3818359
0.7060547,0.5327148
0.6191406,0.421875
0.6069336,0.5605469
0.5595703,0
0.5708008,0.4428711
0.7055664,0.3930664
0.4799805,0.5908203
0.394043,0.2216797
0.6523438,0.3891602
0.4223633,0.4335938
0.1508789,0.7519531
0.2685547,0.3486328
0.1689453,0.7900391
0.2675781,0.6577148
0.3657227,0.5791016
0.3461914,1.000488
0.5058594,0.6298828
0.3935547,0.7485352
0.5683594,0.793457
0.6240234,1.000488
0.1591797,1
0.53125,0.2021484
0.1435547,0.4970703
0.5058594,0.6152344
0.3076172,0.815918
0.5092773,0.519043
0.2026367,0.546875
0.1953125,0.8022461
0.2026367,0.8261719
0.5947266,0.6083984
0.4492188,0.4394531
0.4584961,0.2670898
0.4785156,0.06347656
0.4995117,0.2929688
0.4448242,0.7929688
0.5200195,1
0.3896484,0.2416992
0.3901367,0.59375
0.3544922,0.3847656
0.2167969,0.1289062
0.3891602,1.000488
0.5810547,0.8535156
0.309082,0.4169922
0.3452148,0.4521484
0.1152344,0.4887695
0.4584961,0.515625
0.3701172,0.2124023
0.4350586,0.6499023
0.4213867,0.2890625
0.2036133,0.6118164
0.7167969,0.652832
0.5258789,0.6303711
0.4042969,0.262207
0.6391602,0.1606445
0.5200195,0.2739258
0.4345703,0.5063477
0.4858398,0.3139648
0.605957,0.1835938
0.3417969,0.5878906
0.6333008,0.4692383
0.5751953,0.3066406
0.6748047,0.3481445
0.4990234,0.1845703
0.1352539,0.9995117
0.4873047,0.2250977
0.5195312,0.5136719
0.4550781,0.5654297
0.3569336,0.7055664
0.2836914,0.3032227
0.5361328,0.2172852
0.2978516,0.472168
0.1816406,0.4228516
0.234375,0.5981445
0.4970703,0.3071289
0.3012695,0.2539062
0.2866211,1
0.5454102,0.9594727
0.3212891,1.000488
0.7387695,0.7592773
0.347168,0.8671875
0.5058594,0.3837891
0.6660156,0.8510742
0.3256836,0.7211914
0.612793,0.1914062
0.4189453,1
0.7202148,0.4272461
0.3359375,0.8671875
0.2055664,0.6914062
0.2495117,0.5454102
0.4199219,0.5405273
0.5419922,0.6889648
0.1889648,0.08398438
0.5717773,0.284668
0.5170898,1
0.6357422,0.3359375
0.4550781,0.09814453
0.5351562,0.8183594
0.5537109,0.3789062
0.6313477,0.2392578
0.3813477,0.1933594
0.5976562,0.6040039
0.5664062,0.2915039
0.3833008,0.675293
0.3120117,0.6342773
0.3056641,0.4179688
0.5117188,0.425293
0.7714844,0.4760742
0.5175781,0.8261719
0.597168,0.7128906
0.6557617,1
0.449707,0.3535156
0.1396484,0.2651367
0.1435547,0.4697266
0.3212891,0.5737305
0.6230469,0.2070312
0.2441406,0.8842773
0.2895508,0.15625
0.5117188,0.7353516
0.6362305,0.5400391
0.3696289,0.7265625
0.4931641,0.4785156
0.4682617,0.6967773
0.6171875,0.4335938
0.6972656,0.7397461
0.6923828,0.3530273
0.2138672,0.5668945
0.2373047,1.013672
0.3173828,0.3354492
0.34375,1
0.1577148,0.4243164
0.5288086,0.1708984
0.1269531,0.9995117
0.4082031,0.4960938
0.2856445,0.2324219
0.4418945,0.5888672
0.6474609,0.3300781
0.4477539,0.03662109
0.3496094,0.3364258
0.2714844,0
0.5043945,0.5341797
0.1914062,0.7651367
0.625,0.2763672
0.5375977,0.4296875
0.4086914,0.9750977
0.4042969,0.4155273
0.6464844,0.8276367
0.3496094,0.5263672
0.390625,0.7993164
0.5893555,0.3422852
0.4086914,0.2661133
0.2524414,0.2021484
0.4736328,0.7006836
0.4467773,0.8676758
0.1938477,0.7368164
0.605957,0.762207
0.4926758,0.7480469
0.5136719,0.4506836
0.3813477,0.4086914
0.3842773,0.3657227
0.375,0.2514648
0.4248047,0.7680664
0.3862305,0.9321289
0.3701172,0.3085938
0.4931641,0.1411133
0.2329102,0.4370117
0.480957,0.001953125
0.4853516,0.1738281
0.6088867,0.7045898
0.2685547,0.7895508
0.4130859,1.000488
0.2158203,0.6079102
0.5302734,0.6186523
0.2749023,0.5869141
0.3540039,0.4448242
0.5742188,0.1655273
0.2832031,0.8110352
0.5917969,0.3920898
0.4829102,0.6005859
0.2900391,0.1137695
0.3364258,0.02587891
0.3149414,0.7255859
0.3061523,0.8295898
0.3740234,0.2988281
0.6337891,0.3344727
0.4838867,0.8486328
0.4570312,0.2900391
0.1264648,0.6987305
0.4277344,0.3662109
0.5361328,0.3530273
0.5141602,0.1445312
0.7451172,0.6298828
0.6000977,0.5634766
0.7060547,0.3706055
0.496582,0.8037109
0.4003906,0.01025391
0.2724609,0.2304688
0.7109375,0.8100586
0.378418,0.2348633
0.480957,0.3266602
0.4838867,0.4541016
0.375,0.550293
0.2573242,0.7993164
0.5268555,0.2998047
0.2900391,0.8115234
0.2900391,0.5253906
0.4902344,0.4067383
0.4599609,0.5209961
0.59375,0.1352539
0.2202148,0
0.1489258,0.3149414
0.2929688,0.5771484
0.559082,0.6445312
0.612793,0.7099609
0.4780273,0.4560547
0.5375977,0.2973633
0.4355469,0.8574219
0.7324219,0.5209961
0.5537109,0.4863281
0.6132812,0.2128906
0.5239258,0.6469727
0.7060547,0.5976562
0.4487305,0.3969727
0.3642578,0.6787109
0.2963867,0.2333984
0.465332,0.1269531
0.2202148,0.04394531
0.1469727,0.8486328
0.546875,0.3540039
0.472168,0.2270508
0.3691406,0.4360352
0.5449219,0.7626953
0.4165039,0.6757812
0.6464844,0.7758789
0.5800781,0.9091797
0.3867188,0.4335938
0.378418,0
0.1259766,1
0.3857422,0.2695312
0.456543,0.9116211
0.2436523,0.7744141
0.4042969,0.7294922
0.2983398,0.4726562
0.5073242,0.7207031
0.5102539,0.7880859
0.4370117,0.2836914
0.3066406,0.1635742
0.2983398,0.3994141
0.6083984,0.8212891
0.5961914,1.001465
0.4584961,0.7172852
0.5610352,0.625
0.4575195,0.2817383
0.4311523,0.6308594
0.7246094,0.7578125
0.2895508,1
0.3779297,0.3945312
0.3334961,1.000488
0.4575195,1.000977
0.4726562,0.3564453
0.5541992,0.8808594
0.5712891,0.6513672
0.07666016,1
0.6787109,0.2114258
0.671875,0.3027344
0.6455078,0.5913086
0.1240234,0.6611328
0.5483398,0.3803711
0.5102539,0.3310547
0.5708008,0.6044922
0.3320312,0.5761719
0.2011719,0.6967773
0.3881836,0.8740234
0.324707,0.2709961
0.5830078,0.4116211
0.5942383,0.7631836
0.4155273,0
0.4492188,0.6376953
0.1230469,0.1972656
0.3925781,0.2963867
0.4335938,0.2402344
0.3071289,0.7705078
0.5805664,1.000977
0.4775391,0.5878906
0.3344727,0.3481445
0.4887695,0.07666016
0.4375,0.1650391
0.4155273,1.000488
0.3061523,0.3706055
0.6054688,0
0.4428711,0
0.5737305,0.6469727
0.4482422,0.8217773
0.3769531,0.6118164
0.2480469,0.8554688
0.5825195,0.5932617
0.2646484,0.371582
0.3608398,0.8754883
0.402832,0.9550781
0.2329102,0
0.5795898,0.2890625
0.4013672,0
0.3959961,0.6445312
0.3354492,0.9926758
0.8046875,0.5053711
0.3291016,0.4897461
0.5844727,0.4960938
0.605957,0.918457
0.4487305,1.000488
0.5576172,0.7880859
0.3032227,0.6123047
0.5986328,0.7143555
0.2583008,0.4077148
0.3666992,0.8706055
0.2856445,0.3959961
0.4135742,0.8691406
0.5732422,0.8139648
0.652832,0.3481445
0.2314453,0.5112305
0.09130859,1.000488
0.355957,1.009766
0.4311523,0.1557617
0.355957,0
0.2270508,0.8349609
0.4238281,0.546875
0.6582031,0.3564453
0.4633789,0.7822266
0.5375977,0
0.4331055,0.5375977
0.5541992,0.2275391
0.7568359,0.7299805
0.6640625,0.1259766
0.3139648,0.3564453
0.581543,0.3964844
0.7421875,1.000488
0.2685547,0.3647461
0.2109375,0.03271484
0.6113281,0.2299805
0.1210938,0.4238281
0.5087891,0.8857422
0.5581055,0.3310547
0.4633789,1.000488
0.7143555,0.2290039
0.4775391,0.2871094
0.5698242,0.5913086
0.2407227,0.4907227
0.4223633,0.3388672
0.684082,0.8725586
0.690918,0.3398438
0.5336914,0.5932617
0.3398438,0.5141602
0.40625,0.1386719
0.5083008,0
0.2900391,0.1918945
0.1196289,0.3691406
0.5380859,1.000488
0.515625,0.34375
0.4267578,0.3081055
0.1889648,0.8027344
0.4863281,0
0.515625,0.2519531
0.5263672,1.000488
0.5820312,0.6118164
0.6801758,0.2416992
0.5043945,0.1162109
0.5639648,0.7792969
0.3344727,0.21875
0.3857422,0.5864258
0.590332,0.7294922
0.472168,0.78125
0.5683594,0.4692383
0.7553711,0.7758789
0.5180664,0.5424805
0.4755859,0.2749023
0.4736328,0.4692383
0.434082,0.2319336
0.3618164,0.6757812
0.3823242,0.3930664
0.3364258,0.6162109
0.3764648,0.7041016
0.4541016,0.4379883
0.2753906,0.269043
0.3603516,0.3212891
0.1791992,0.1748047
0.3208008,0.3496094
0.2583008,0.6557617
0.3862305,0
0.2348633,0.3193359
0.465332,0.6000977
0.5966797,0.7124023
0.2978516,0.2880859
0.4868164,0.5664062
0.6870117,0.6889648
0.1542969,0.4609375
0.3911133,0.3325195
0.4907227,0.4008789
0.4511719,0.9599609
0.6572266,0.7026367
0.4750977,0.4189453
0.4487305,0.4521484
0.394043,0.2641602
0.3388672,0.862793
0.4946289,0.8188477
0.5585938,0.5048828
0.378418,0.7983398
0.4023438,0.5258789
0.5454102,0.4619141
0.4296875,0.3452148
0.6186523,0.2241211
0.237793,0.5483398
0.5185547,1.000977
0.3945312,0.4282227
0.2841797,0.5141602
0.5224609,0.6220703
0.4047852,0.152832
0.4619141,0.7392578
0.6801758,0.5991211
0.5170898,0.3447266
0.4956055,0.4775391
0.1796875,0.2758789
0.1665039,0.6796875
0.6000977,0
0.3183594,1
0.362793,0.4785156
0.4873047,0.5673828
0.5117188,1.000488
0.5146484,0.5888672
0.3676758,0.2329102
0.4262695,0.2207031
0.4189453,0.105957
0.4648438,0.1650391
0.3105469,0.2885742
0.3920898,0.550293
0.3413086,0.859375
0.4067383,0.8740234
0.347168,0.4208984
0.4453125,0.8432617
0.21875,0.5351562
0.5556641,0
0.5473633,0.3813477
0.6533203,0.519043
0.2456055,0.1713867
0.359375,0.7128906
0.4677734,0.5527344
0.1328125,0.2573242
0.4746094,0.859375
0.2084961,0.5229492
0.6660156,1.000488
0.6665039,0.4594727
0.1186523,0.3828125
0.6918945,0.4584961
0.4628906,0.7788086
0.3901367,0.3325195
0.4941406,0.3588867
0.4951172,0.3383789
0.4658203,0.4086914
0.4384766,0.7744141
0.4082031,0.8447266
0.3330078,0.6333008
0.5922852,0.3613281
0.4887695,0
0.6030273,0.4726562
0.7700195,0.4755859
0.5249023,0.6542969
0.5678711,1.000488
0.3100586,0.5004883
0.3168945,0.5708008
0.4536133,0.440918
0.5429688,0.5493164
0.2983398,0.284668
0.1303711,0.0703125
0.3105469,0.7524414
0.4448242,0.5068359
0.4423828,0.5126953
0.4106445,0.04833984
0.456543,0.8779297
0.4023438,0.8134766
0.4321289,0.3842773
0.4257812,0.7905273
0.5761719,0.4428711
0.5629883,0.652832
0.5546875,0.8271484
0.6396484,0.8178711
0.3452148,0.7700195
0.2866211,0.4238281
0.4765625,0.7128906
0.5371094,0.7045898
0.2661133,0.7192383
0.2416992,0.4658203
0.5043945,0.640625
0.4926758,0.4223633
0.3935547,0.8422852
0.4916992,0.3808594
0.6020508,0.5478516
0.621582,1.000488
0.3984375,0
0.6469727,0
0.4116211,0.3852539
0.2851562,0.9804688
0.65625,0.5400391
0.4804688,0.5141602
0.394043,0.3701172
0.46875,0
0.4111328,0.1816406
0.5112305,0.7587891
0.4599609,0.5175781
0.4960938,0.9125977
0.3984375,0.7646484
0.5170898,0.3427734
0.3764648,0.777832
0.5810547,0.390625
0.21875,0.4638672
0.2998047,0.2802734
0.1601562,0
0.5439453,0.1899414
0.5068359,0.2431641
0.1650391,0.3901367
0.4902344,0.4931641
0.7177734,0.4619141
0.1552734,0.4755859
0.3857422,0.2392578
0.5512695,0.5737305
0.5678711,0.5341797
0.2758789,0.315918
0.5561523,0.07373047
0.7578125,0.7568359
0.3256836,0.4243164
0.6342773,0.8803711
0.3100586,0.4580078
0.6259766,0.4052734
0.3295898,0.4853516
0.1313477,0.328125
0.4321289,0.7368164
0.4799805,0.8583984
0.4111328,0.6088867
0.5419922,0.0234375
0.3413086,0.7158203
0.1811523,0.6499023
0.5092773,0.1489258
0.5380859,0.9526367
0.3374023,0.8979492
0.3520508,0.5249023
0.2666016,0.355957
0.440918,0.7949219
0.5805664,0.3203125
0.3901367,0.4023438
0.1450195,0.2910156
0.315918,0.4580078
0.5361328,1
0.7631836,0.9975586
0.3457031,0.6308594
0.6010742,0.328125
0.2514648,1
0.1201172,0.5996094
0.3222656,0.2504883
0.2919922,0.4248047
0.1582031,0.9042969
0.4882812,0
0.5522461,0.3120117
0.2685547,0.7895508
0.5976562,0.7944336
0.3637695,0.5463867
0.246582,0.1699219
0.4321289,0.8652344
0.5048828,0.7124023
0.34375,0.5991211
0.2495117,0.1401367
0.59375,0.8100586
0.5639648,0.1738281
0.390625,0
0.6132812,0.2978516
0.4609375,0.3398438
0.5356445,0.5922852
0.3271484,0.7304688
0.5478516,1
0.4150391,0.1777344
0.4707031,0.1835938
0.3720703,0.2041016
0.4121094,0.387207
0.3300781,0.4140625
0.4199219,0.3076172
0.7529297,0.6181641
0.3833008,0.3652344
0.5083008,0.2304688
0.3876953,0.4433594
0.375,0.7675781
0.3852539,0.5893555
0.4301758,0
0.1987305,0.5527344
0.5234375,0.8349609
0.08007812,1
0.6713867,0.3061523
0.3579102,0.3056641
0.5883789,0.7792969
0.4682617,0.3208008
0.5605469,0.8759766
0.4609375,0.7719727
0.3964844,0.6445312
0.222168,0.6865234
0.6176758,0.2705078
0.3710938,0.4907227
0.2988281,0.03759766
0.621582,0.2490234
0.3657227,0.3916016
0.3334961,0.6743164
0.1982422,0.512207
0.340332,0.6835938
0.5913086,0.2163086
0.5605469,0.8608398
0.4291992,0.4111328
0.4931641,0.4755859
0.4912109,0.2270508
0.4438477,0.6157227
0.4482422,0.9838867
0.4990234,0.4077148
0.300293,0.4213867
0.5395508,0.1689453
0.5732422,0.7319336
0.4160156,0.2446289
0.3935547,0.1918945
0.2666016,0
0.3618164,0.5698242
0.331543,0.15625
0.4614258,0.3173828
0.2099609,0.4057617
0.6518555,0.8144531
0.4560547,0.144043
0.5473633,0.4560547
0.1806641,0.815918
0.4980469,0.3837891
0.3823242,0.2675781
0.4350586,1.000977
0.3813477,0.5083008
0.2670898,0.4780273
0.3149414,0.1918945
0.3212891,0.5830078
0.4125977,0.5991211
0.6074219,0.2241211
0.3354492,0.5390625
0.4145508,0.4658203
0.5361328,0.2861328
0.519043,0.2924805
0.5336914,0.6342773
0.1303711,0.7285156
0.4892578,0.06591797
0.2709961,0.3505859
0.5810547,0.5703125
0.5957031,0.3745117
0.2202148,0.1811523
0.2929688,0.8295898
0.2685547,0.3647461
0.3168945,0.2768555
0.362793,0.4702148
0.465332,0.5820312
0.3046875,1
0.2753906,0.800293
0.534668,0.2890625
0.4287109,0.3417969
0.3217773,0.9995117
0.2084961,0.5229492
0.1201172,0.6645508
0.5620117,0.8325195
0.3974609,0.6586914
0.6279297,0.7084961
0.3945312,0.1811523
0.4960938,0.06591797
0.5883789,0.8544922
0.4213867,0.5869141
0.3256836,0.1547852
0.2250977,1
0.4243164,1.000488
0.4287109,0.4580078
0.4541016,0.2109375
0.3740234,0.5532227
0.3852539,0.2719727
0.3374023,0.7050781
0.6953125,0.2128906
0.7089844,0.6323242
0.2719727,0.4931641
0.4902344,1.000488
0.2792969,0.8535156
0.5219727,0.1606445
0.5888672,0.2602539
0.3999023,0.144043
0.6074219,0.1625977
0.6928711,0.8032227
0.4892578,0.7260742
0.5375977,0.1464844
0.5957031,0.8203125
0.1665039,0.5395508
0.3515625,0.2163086
0.6083984,0.6806641
0.3857422,0.2700195
0.6020508,0.6083984
0.4365234,0.5698242
0.1083984,0.4970703
0.2675781,0.5673828
0.5810547,0.2661133
0.5717773,0.4492188
0.496582,0
0.5224609,0.5126953
0.2753906,0.5195312
0.3862305,0.5361328
0.4262695,0.9682617
0.4350586,0.3964844
0.440918,0.2705078
0.409668,0.4443359
0.6552734,0.5458984
0.3408203,0.2519531
0.1855469,0.6352539
0.3056641,0.5341797
0.4189453,0.5019531
0.4570312,0
0.2431641,0.2080078
0.2602539,0.5742188
0.1259766,0.5014648
0.390625,0.4790039
0.3481445,0.6611328
0.3144531,0.3325195
0.3422852,0.3222656
0.5371094,0.671875
0.4047852,0.152832
0.4179688,0.4892578
0.4453125,0.2163086
0.5356445,0.1645508
0.3413086,0.5361328
0.1665039,0.7167969
0.2607422,0.4692383
0.5097656,0.5385742
0.503418,0.4204102
0.6567383,0.3579102
0.3706055,0.5966797
0.3964844,0.3183594
0.4711914,0.565918
0.612793,0.6899414
0.2832031,0.8110352
0.7363281,0.1875
0.6616211,0.7744141
0.5429688,0.1889648
0.4775391,0.15625
0.4946289,0.8374023
0.5219727,0.578125
0.5332031,0.3022461
0.6049805,0.2070312
0.6352539,0.6538086
0.4267578,0.6157227
0.5878906,0.4335938
0.4677734,0.590332
0.1850586,0.7324219
0.3852539,0.6518555
0.7436523,0.2807617
0.5141602,0.4746094
0.3012695,0.1108398
0.5683594,0.5834961
0.3256836,1
0.737793,0.5483398
0.6533203,0.8950195
0.1088867,0.1118164
0.3540039,0.2783203
0.2885742,0.7177734
0.4321289,0.7373047
0.7250977,0.3081055
0.2978516,0.2172852
0.6035156,0.8461914
0.5268555,0.300293
0.4458008,0.4477539
0.4975586,0.7319336
0.2294922,0.5688477
0.6679688,0.9321289
0.2426758,0.3676758
0.5371094,0.2211914
0.2451172,0.2446289
0.4335938,0.2470703
0.546875,0.2119141
0.1157227,0.5024414
0.527832,0.6708984
0.6445312,0.4814453
0.4921875,0.5517578
0.5400391,0.6010742
0.6704102,0.1655273
0.3955078,0.6396484
0.3173828,0.4194336
0.6279297,0.5454102
0.3891602,0.2583008
0.6547852,0.5429688
0.4150391,0.2241211
0.6826172,0.6362305
0.4750977,0
0.4858398,0
0.2749023,0.8227539
0.3847656,1.000488
0.2045898,0.02539062
0.5405273,0.5703125
0.5820312,0.675293
0.3256836,0.2016602
0.5581055,0.8510742
0.375,0
0.5620117,0.2441406
0.2797852,0.8251953
0.3496094,0.6137695
0.2314453,0.8676758
0.5307617,0.8447266
0.4394531,0.144043
0.609375,0.5742188
0.4692383,0.699707
0.2070312,0.7285156
0.2802734,0.5102539
0.2993164,0.8789062
0.5449219,0.2817383
0.4277344,0.2363281
0.3251953,0.5683594
0.3085938,0.7109375
0.527832,1.000488
1.010742,0.3657227
0.4697266,0.5566406
0.2294922,0.1865234
0.4301758,0.2348633
0.5336914,0.8691406
0.6274414,0.1328125
0.2514648,0.3574219
0.4233398,0.171875
0.4838867,0.5546875
0.5458984,0.6313477
0.3579102,0.3188477
0.4770508,0.6445312
0.1264648,1.000488
0.2509766,0.1674805
0.1611328,1
0.484375,0.2524414
0.3779297,0.7197266
0.6035156,0.3710938
0.3168945,0.8300781
0.1533203,0.4345703
0.3666992,0.2075195
0.3867188,0.6572266
0.2446289,0.7592773
0.4462891,0.2216797
0.3149414,0.7084961
0.3041992,0.527832
0.2265625,0.9282227
0.6352539,0.3959961
0.2114258,1.000488
0.4262695,0.8540039
0.3925781,0.6806641
0.1220703,0
0.4335938,0.3178711
0.3710938,0.7573242
0.4975586,0.7553711
0.4262695,0.09277344
0.5410156,0.5996094
0.3173828,0.421875
0.3134766,0.3579102
0.6137695,0.1938477
0.3666992,0.7070312
0.640625,0.5283203
0.4814453,0.9658203
0.5205078,0.3505859
0.5463867,0.01464844
0.4082031,1.000488
0.7104492,0.550293
0.4516602,0.4052734
0.6254883,0.4262695
0.4448242,0.1821289
0.5678711,0.1547852
0.7563477,0
0.234375,0.3432617
0.4667969,0.1337891
0.3774414,0.6523438
0.1850586,0.4633789
0.2026367,0.6469727
0.6235352,0.8305664
0.434082,0.3867188
0.2680664,0.5732422
0.2900391,0.4487305
0.7539062,0.6298828
0.6879883,0.8129883
0.4990234,0.1821289
0.3305664,0.6669922
0.4257812,0.6445312
0.5932617,0.5141602
0.3598633,0.7915039
0.300293,0.2900391
0.4643555,0.1772461
0.3745117,0.4819336
0.5454102,0.2163086
0.3676758,0.4819336
0.5444336,0.2880859
0.3544922,1
0.3710938,0.3583984
0.2988281,0.2817383
0.3974609,0.5493164
0.5048828,0.6655273
0.737793,0.6386719
0.6987305,0.3222656
0.3408203,0.5541992
0.4501953,0.9575195
0.4536133,1.000488
0.1967773,0.6459961
0.6264648,0.5756836
0.4428711,0
0.3120117,0.8364258
0.3891602,0.3149414
0.5390625,0.3994141
0.4360352,1.000488
0.5708008,0.8393555
0.5976562,0.6137695
0.2666016,0.2348633
0.5776367,0.8051758
0.5830078,0.7827148
0.4868164,0.21875
0.5639648,0.6035156
0.5874023,0.6435547
0.7124023,0.5869141
0.6308594,0.2001953
0.3969727,0.4487305
0.1831055,0.3286133
0.4619141,0.4711914
0.3330078,0.4960938
0.1274414,0.7397461
0.4082031,0.53125
0.4082031,0.6030273
0.1064453,0.8164062
0.3979492,0.3168945
0.3251953,0.1030273
0.3652344,0.4013672
0.6552734,0.2895508
0.09033203,0.1723633
0.5605469,0.5717773
0.3374023,0.5390625
0.6801758,0.6289062
0.3950195,1.000488
0.5478516,0.8662109
0.6230469,0
0.4907227,0.4267578
0.1738281,0.9116211
0.6162109,0.7885742
0.3618164,0.9267578
0.644043,0.8994141
0.1201172,0.2338867
0.3120117,0.175293
0.234375,0.753418
0.4589844,0.6928711
0.3959961,0.3188477
0.3242188,0.4956055
0.3217773,0.4614258
0.3725586,0.5209961
0.4702148,0.199707
0.5454102,0.8198242
0.1625977,0
0.684082,0.3271484
0.3623047,0.6967773
0.4643555,0.5541992
0.4858398,0.2685547
0.4501953,0.3725586
0.3408203,1
0.3896484,0.6499023
0.6455078,0.9296875
0.2988281,0.6503906
0.5703125,0.7949219
0.3984375,0.4462891
0.7216797,0.3081055
0.3027344,0.2768555
0.3579102,0.4833984
0.3867188,0.4868164
0.6367188,0.2265625
0.4291992,0
0.4868164,0
0.4296875,1
0.2568359,0.09570312
0.3876953,0.6806641
0.5048828,0.7700195
0.3637695,0.1918945
0.6650391,0.293457
0.2202148,0.8217773
0.6220703,0.5087891
0.4848633,0.2573242
0.5830078,0.4189453
0.4272461,0.6938477
0.4467773,1.000488
0.4472656,0.2875977
0.2548828,0.3852539
0.2919922,0.7001953
0.3935547,0.1928711
0.3725586,0.2094727
0.465332,0.5585938
0.5166016,0.7163086
0.6108398,0.8920898
0.3374023,0.612793
0.3525391,0.8984375
0.4272461,0.3686523
0.5864258,0.9882812
0.4941406,0.7949219
0.6635742,0.3105469
0.5634766,0.7729492
0.1943359,0.6650391
0.394043,0.8413086
0.3735352,0.659668
0.359375,0
0.6240234,0.512207
0.4228516,0.6030273
0.4980469,0.6166992
0.2885742,0.5668945
0.5234375,0.1171875
0.2265625,0.8706055
0.543457,0.5126953
0.3334961,1
0.5522461,0.3852539
0.5644531,0.6035156
0.6054688,0.7929688
0.1303711,1
0.456543,0.8085938
0.4243164,0.3603516
0.4584961,0.3022461
0.5151367,0.6665039
0.3789062,0.5117188
0.3076172,1
0.2988281,0.9545898
0.612793,1.000977
0.4448242,0
0.6308594,0.1992188
0.3422852,0.0703125
0.3579102,0.5703125
0.3754883,0.2744141
0.6362305,0.8276367
0.5698242,0.4418945
0.5170898,0.7236328
0.4301758,0.1225586
0.5019531,0.7988281
0.3935547,0.7983398
0.527832,0.3730469
0.7026367,0.8857422
0.5683594,0.578125
0.6767578,0.6352539
0.6118164,0.5717773
0.2631836,1
0.3178711,0.980957
0.2841797,0.5585938
0.3291016,0.5341797
0.5488281,0.8212891
0.3549805,0.8520508
0.4047852,0.7324219
0.3193359,0.496582
0.5087891,0.8847656
0.4804688,0.3134766
0.4926758,0.8027344
0.3305664,0.6977539
0.2539062,0.5654297
0.4379883,0.2875977
0.5209961,0.03320312
0.4023438,0.777832
0.5273438,0.9384766
0.2768555,0.2631836
0.2382812,0.1157227
0.5424805,0.1894531
0.2338867,0.3754883
0.5302734,0.2524414
0.5566406,0.4638672
0.5131836,0.8666992
0.5756836,0.8227539
0.6108398,0.4379883
0.605957,0.5654297
0.359375,0.5947266
0.4736328,0.4931641
0.2583008,0.1699219
0.1552734,0.6118164
0.4550781,0.8603516
0.4941406,0.6713867
0.3691406,0.1591797
0.4165039,0.362793
0.3369141,1
0.4121094,0.2246094
0.3789062,0.4243164
0.5004883,0.8666992
0.4897461,1.000488
0.5375977,0.3901367
0.3754883,1.000488
0.3579102,0.7294922
0.4091797,0.8183594
0.5566406,1.000977
0.6889648,0.8417969
0.3896484,0.5473633
0.3891602,0.4873047
0.4951172,0.7114258
0.3930664,0.8217773
0.4438477,1.000488
0.4648438,0.3706055
0.7011719,0.3330078
0.2983398,0
0.4648438,0.4692383
0.5205078,0.3876953
0.4233398,0
0.5024414,0.4101562
0.6577148,0.5830078
0.3652344,0.8862305
0.3129883,0.2363281
0.484375,0.6162109
0.4677734,0.5444336
0.644043,0.02246094
0.4365234,0.1689453
0.4956055,0.3637695
0.2241211,0.5727539
0.1977539,0.6381836
0.3408203,0.5556641
0.3554688,0.5131836
0.08837891,0.2485352
0.5488281,0.5141602
0.5522461,0.847168
0.2456055,1
0.3242188,1.000488
0.2978516,0.5483398
0.5092773,0
0.3398438,0.2329102
0.5541992,0.1699219
0.5742188,0.1025391
0.5664062,0.2973633
0.4116211,0.5361328
0.2006836,0.2729492
0.3193359,0.8144531
0.7285156,0.3198242
0.4750977,0.4189453
0.4799805,0
0.5385742,0.5507812
0.6162109,0.7885742
0.246582,0.590332
0.3188477,0.3666992
0.449707,0
0.2319336,0.1201172
0.2407227,0.3164062
0.2963867,0.9306641
0.4506836,0.3959961
0.3364258,0.6767578
0.3515625,0.5493164
0.4335938,0.2387695
0.1435547,0.6420898
0.1611328,0.2788086
0.3212891,0.9643555
0.6171875,0.2338867
0.1826172,0.515625
0.4013672,0.1206055
0.418457,0.6196289
0.3203125,0.7602539
0.6230469,0.2675781
0.5332031,0.1572266
0.4887695,0.07861328
0.2871094,0.3515625
0.6333008,0.6972656
0.09277344,0.5170898
0.4921875,0.6977539
0.3266602,0
0.6386719,0.8603516
0.5375977,0.6850586
0.3510742,0.3696289
0.2924805,0.1704102
0.3696289,0.2045898
0.3706055,0.1948242
0.4863281,0.1738281
0.5043945,0.3212891
0.4541016,0.09912109
0.4458008,0.3461914
0.4331055,0.6665039
0.3774414,0.5551758
0.3837891,0.7685547
0.5263672,0.5512695
0.503418,0.574707
0.4990234,0.4091797
0.3139648,0.574707
0.3505859,0.5239258
0.4023438,1.000488
0.3491211,0.3945312
0.4814453,0.8422852
0.5429688,0.644043
0.7548828,0.9267578
0.3999023,0.4589844
0.4140625,0.3496094
0.2602539,0.1308594
0.2250977,0.7807617
0.4892578,0.5854492
0.6342773,0.2319336
0.6347656,0.2607422
0.7075195,0.6367188
0.4931641,0.5478516
0.4907227,1
0.5170898,0.3413086
0.6801758,0.7680664
0.6376953,0.08447266
0.4912109,0.5634766
0.5200195,1
0.5668945,0.09765625
0.5595703,0.6958008
0.6445312,0.8168945
0.5234375,0.4394531
0.4824219,0.800293
0.3583984,0.2197266
0.4189453,0.4428711
0.3691406,0.7348633
0.4394531,0.4575195
0.496582,0.6181641
0.3833008,0.512207
0.3242188,0.1723633
0.5024414,0.1791992
0.3334961,0.4033203
0.4287109,0.5810547
0.3833008,0.8129883
0.4545898,0.8291016
0.3393555,0.5498047
0.5454102,0.4790039
0.4174805,0.3774414
0.4243164,0.699707
0.5483398,0.8027344
0.2084961,0.5053711
0.4243164,0.2080078
0.394043,0.3701172
0.4013672,0.1577148
0.4853516,0.2329102
0.4956055,0.7646484
0.3457031,0.9335938
0.3857422,0.2666016
0.3608398,0.675293
0.3310547,1.000488
0.472168,0.4477539
0.2519531,0.1606445
0.4589844,0.8647461
0.3222656,0.5737305
0.6796875,0.6923828
0.3945312,0.3735352
0.5087891,1.000488
0.4189453,0.7548828
0.3027344,0.6367188
0.5107422,0
0.3769531,0.6508789
0.1064453,0.8164062
0.2680664,0.7451172
0.3393555,0.1972656
0.2734375,1
0.3852539,0.2583008
0.8642578,0
0.5825195,0.5576172
0.4086914,0.8193359
0.4121094,0.8007812
0.237793,0.7001953
0.253418,0.8422852
0.4931641,0.4614258
0.5522461,1.000977
0.590332,0.409668
0.5014648,0.4658203
0.4619141,1.000488
0.5048828,0.5229492
0.4355469,0.2182617
0.2924805,0.3486328
0.2885742,0.5800781
0.4902344,0.6118164
0.5527344,0.2973633
0.3481445,0.5532227
0.4194336,0.4335938
0.4257812,0.6298828
0.1381836,0.1015625
0.4404297,0.3251953
0.5351562,0.2695312
0.3808594,0.06640625
0.1333008,0
0.5,0.2426758
0.421875,0.3320312
0.4692383,0.8242188
0.4628906,0.3457031
0.4301758,0.4941406
0.2631836,0.6279297
0.5712891,0.3496094
0.390625,0.6459961
0.1191406,0.06982422
0.5498047,1.000977
0.3105469,0.2211914
0.46875,0.7827148
0.3046875,0.7104492
0.2641602,0.7294922
0.6367188,0.2685547
0.4106445,0.3554688
0.340332,0.434082
0.7446289,0.9858398
0.3076172,0.6357422
0.5185547,0.2978516
0.5458984,0.2167969
0.5678711,0.640625
0.4614258,0.4453125
0.3745117,0.9291992
0.5083008,0.6894531
0.4887695,0.1899414
0.6611328,0.8051758
0.5581055,0.8261719
0.40625,0.7119141
0.4750977,0.2368164
0.4326172,0.7236328
0.4990234,0.7553711
0.1826172,0.7548828
0.4213867,0.2548828
0.2651367,1
0.6645508,0.171875
0.5004883,0.8671875
0.4101562,0.6958008
0.394043,0.7856445
0.5332031,0.875
0.1591797,0.8046875
0.2460938,0.277832
0.4296875,0.2949219
0.440918,0.7226562
0.3286133,0.2158203
0.3491211,0.3354492
0.2729492,0.7651367
0.515625,0.5332031
0.2988281,0.3481445
0.1757812,0.8603516
0.5737305,0.3149414
0.3173828,0.3984375
0.3393555,0.5317383
0.487793,0.237793
0.5698242,0.6850586
0.4775391,0.4853516
0.2871094,0.4130859
0.4692383,1.000977
0.581543,0.6611328
0.3989258,0.4433594
0.621582,0.8359375
0.4560547,0.5717773
0.3657227,0.6303711
0.2919922,0.956543
0.3134766,0.4658203
0.6186523,0.8491211
0.4057617,0.7617188
0.2797852,0
0.315918,0.3608398
0.6293945,0.3696289
0.1982422,0.5332031
0.5234375,0.4394531
0.4155273,0.3256836
0.2329102,0
0.4824219,0.1889648
0.6186523,0.4174805
0.3325195,0.7724609
0.3125,0.4614258
0.3886719,0.5800781
0.25,0.4599609
0.3823242,0.8930664
0.5390625,0.8085938
0.2373047,0.9995117
0.1928711,0.8466797
0.4033203,0.5878906
0.4902344,0.8291016
0.296875,0.4477539
0.2993164,0.3808594
0.3769531,0.5849609
0.5097656,0.5805664
0.5102539,0.8823242
0.5708008,0.8442383
0.4326172,0.7802734
0.5419922,0
0.2939453,0.6586914
0.2060547,0.6777344
0.3652344,1.000488
0.199707,0.5322266
0.4692383,0.8198242
0.5751953,0.2836914
0.359375,0.8261719
0.3520508,0.1313477
0.4155273,0.1855469
0.3032227,0.324707
0.4584961,0.300293
0.5561523,0.7519531
0.1518555,0.7861328
0.5083008,0.7124023
0.4829102,0.5126953
0.7070312,0.3676758
0.7573242,0.8505859
0.480957,0.359375
0.1318359,0.3232422
0.3212891,0.7202148
0.3618164,0.9262695
0.3867188,0.3037109
0.3666992,0.4873047
0.4023438,0.8134766
0.4716797,0.3569336
0.3027344,0.5219727
0.5712891,0.9916992
0.3178711,0.09375
0.5917969,0.3920898
0.378418,0.1030273
0.6064453,0.2773438
0.5083008,0.5258789
0.5332031,0.347168
0.5375977,0.3876953
0.5844727,0.5859375
0.4438477,0.6152344
0.5087891,0.2280273
0.5732422,0.4975586
0.1459961,1
0.5527344,0.6352539
0.3339844,0.534668
0.4194336,0.4277344
0.3061523,0.5180664
0.175293,0.5952148
0.1884766,0.6645508
0.4692383,0.2568359
0.2885742,0.7412109
0.315918,0.4506836
0.4814453,0.6894531
0.703125,0.4526367
0.309082,0.4194336
0.1342773,0.5668945
0.3505859,0.7954102
0.159668,0.8061523
0.3662109,0.21875
0.1679688,0.5175781
0.3740234,0.5209961
0.6137695,0.1699219
0.7060547,0.5009766
0.3720703,0.6884766
0.4716797,0.2143555
0.4555664,0.1777344
0.5541992,0.184082
0.4291992,0.1953125
0.5898438,0.862793
0.5610352,1.000488
0.5117188,0.3095703
0.4213867,0.2402344
0.3164062,0.362793
0.4335938,0.3676758
0.3793945,0
0.5883789,0.2519531
0.5029297,0.519043
0.1928711,0.6054688
0.4287109,0.456543
0.534668,0.5341797
0.2597656,0.4125977
0.6455078,0.2124023
0.3916016,0.2387695
0.4008789,0.2197266
0.4672852,0.3242188
0.28125,0.7641602
0.3720703,0.6425781
0.3388672,0.34375
0.5952148,0.3657227
0.4394531,0.1757812
0.3710938,0.7783203
0.4716797,0.2866211
0.2568359,1
0.1665039,0.4526367
0.2944336,0.08447266
0.2050781,0.128418
0.5791016,0.21875
0.1464844,0.8632812
0.5244141,0.2900391
0.4448242,0.8408203
0.4755859,0.359375
0.4140625,0.3486328
0.4697266,0.2875977
0.234375,0.6005859
0.4584961,0.4799805
0.4355469,0.5878906
0.3339844,0.2246094
0.328125,0.5405273
0.4316406,0.8120117
0.4272461,0.8588867
0.6669922,0.7133789
0.3837891,0.4248047
0.6147461,0.7104492
0.3476562,0.7719727
0.3154297,0.4799805
0.1987305,0.5327148
0.1923828,0.7216797
0.4365234,0.206543
0.2099609,0.6069336
0.6191406,0.6323242
0.5253906,0.3759766
0.7275391,0.1118164
0.2138672,0.7290039
0.3344727,0.5634766
0.2910156,0.7084961
0.6044922,0
0.3295898,0.07421875
0.265625,0.4399414
0.4848633,0.2143555
0.5224609,0.5888672
0.3579102,0.8349609
0.3896484,0.487793
0.2714844,0.8676758
0.4912109,0.2871094
0.2744141,0.7246094
0.4428711,0.5854492
0.4140625,1
0.1137695,0.2553711
0.3623047,0.5424805
0.2416992,0.2539062
0.4916992,0.5112305
0.484375,0.2744141
0.4262695,0.4550781
0.456543,0.3974609
0.4272461,0.00390625
0.5336914,0.347168
0.480957,1.000488
0.3901367,0.3310547
0.2495117,0.8603516
0.3725586,0.7602539
0.3110352,0.8320312
0.28125,0.7172852
0.4707031,0.4980469
0.3432617,0.4506836
0.2280273,0.8081055
0.331543,0.769043
0.1435547,0.2998047
0.3862305,0.9345703
0.4033203,0.8935547
0.6142578,0.2773438
0.6171875,0.6518555
0.2548828,0.6425781
0.4453125,0.331543
0.6430664,0.3203125
0.46875,0.6762695
0.3510742,0.159668
0.3647461,0.8901367
0.4541016,0.4487305
0.2202148,0.684082
0.3842773,0.7026367
0.09814453,1.026367
0.3813477,0.7700195
0.5356445,0.4995117
0.6186523,0.421875
0.5727539,0.4086914
0.6230469,0.7539062
0.4941406,0.581543
0.4335938,0.2211914
0.2636719,0.5810547
0.269043,0.421875
0.3632812,0.4272461
0.5820312,0
0.4868164,0.734375
0.2802734,0.3310547
0.3510742,0.1748047
0.4033203,1
0.6015625,0.3125
0.440918,0.7944336
0.5742188,0.2719727
0.4379883,0.4291992
0.2460938,0.2060547
0.190918,0.590332
0.3276367,0.4160156
0.2929688,0
0.4086914,0.7734375
0.1640625,0.5991211
0.4594727,0.7241211
0.5913086,0.7436523
0.4794922,0.512207
0.2827148,0.4272461
0.3637695,0.3818359
0.3334961,0.5898438
0.4594727,0.008789062
0.1953125,0.4111328
0.5703125,0.4780273
0.5263672,0.2885742
0.284668,0.2983398
0.1791992,0.6801758
0.7568359,0.8588867
0.3232422,0.5566406
0.5610352,1.000488
0.4365234,0.2412109
0.6386719,0.4067383
0.4487305,0.8139648
0.4931641,0.6337891
0.4257812,0.4804688
0.440918,0.8037109
0.4624023,0.3427734
0.465332,0.6254883
0.1313477,0.2729492
0.5424805,0.5395508
0.4306641,0.2832031
0.2001953,0.5317383
0.2006836,0.828125
0.3798828,0.652832
0.3071289,0.3037109
0.2075195,0.7773438
0.4868164,0.7563477
0.3320312,0.6982422
0.3984375,0.6577148
0.4580078,0.3779297
0.6274414,0.5595703
0.543457,0.190918
0.4091797,0.3334961
0.3515625,0.6333008
0.2324219,0.590332
0.4111328,0.6010742
0.4550781,0.824707
0.7592773,0.9916992
0.449707,0.2734375
0.4580078,1
0.3852539,0.1689453
0.1669922,0.2109375
0.3730469,0.3442383
0.1328125,0.4711914
0.3710938,0.4916992
0.6264648,0.6342773
0.328125,0.418457
0.4770508,0.9135742
0.5751953,0.7109375
0.4541016,0.4755859
0.2421875,1
0.5610352,0.6484375
0.409668,0.2412109
0.4003906,0.9438477
0.2900391,0.6416016
0.6176758,0.4980469
0.2558594,0.6811523
0.237793,0
0.1435547,0.3330078
0.5234375,0.4267578
0.5292969,0.8251953
0.4418945,0.6533203
0.2290039,0.7011719
0.4472656,0
0.5356445,0.6611328
0.3242188,0.6166992
0.1484375,0.3007812
0.3383789,0
0.6333008,0.7270508
0.4418945,0.5888672
0.5727539,0.6933594
0.3588867,0.5039062
0.2597656,0.2885742
0.5244141,0.3793945
0.5087891,0.5258789
0.2460938,0.355957
0.5541992,0.8862305
0.4316406,0.6186523
0.3598633,0.8330078
0.1416016,0.3129883
0.375,0.7700195
0.3125,0.2558594
0.7602539,0.2753906
0.5708008,0.7011719
0.7104492,0.9501953
0.565918,0.5644531
0.4936523,0.3188477
0.5512695,0.4121094
0.328125,0.8525391
0.3271484,1
0.6689453,0.2792969
0.5649414,0.0703125
0.737793,0.5483398
0.4594727,0.8378906
0.1899414,0.574707
0.3129883,0.2402344
0.4155273,0.550293
0.2763672,0.8959961
0.5336914,0.5126953
0.4077148,0.6108398
0.3789062,0.5078125
0.5498047,1
0.1279297,0.1845703
0.5561523,0.168457
0.2480469,0.2631836
0.4663086,0.4702148
0.6416016,0.8447266
0.5019531,0
0.4868164,0.7333984
0.5166016,0.8603516
0.234375,1
0.4580078,0.5551758
0.5258789,0.7099609
0.3588867,0.4555664
0.4350586,0.6513672
0.3779297,0.5922852
0.4550781,0.824707
0.2392578,0.1689453
0.5620117,0.6469727
0.5195312,0.4365234
0.3461914,0.8413086
0.6044922,0.4956055
0.4262695,0.4169922
0.6679688,0.1479492
0.3735352,0.6591797
0.5795898,0.6010742
0.7436523,0.7875977
0.7207031,1.000488
0.2758789,0.8022461
0.2514648,0.8388672
0.4750977,0.5644531
0.1411133,0.3261719
0.6982422,0.8383789
0.2861328,0.6816406
0.5722656,0.4370117
0.5341797,0.8789062
0.3666992,0.8242188
0.2797852,0.1010742
0.5332031,0.7333984
0.1928711,0.6533203
0.2490234,1
0.1953125,0.6552734
0.1210938,0.4238281
0.2958984,0
0.4716797,0.09423828
0.4916992,0.465332
0.4130859,0.3959961
0.3964844,0.5874023
0.4404297,0.4458008
0.2451172,0.5996094
0.5463867,0.2519531
0.4794922,0
0.4492188,0
0.2783203,0.9106445
0.3120117,0.262207
0.2910156,0.269043
0.2592773,0.1787109
0.4560547,0
0.3491211,0.2558594
0.387207,0.9145508
0.378418,0.1845703
0.6333008,0.5424805
0.4492188,0.6484375
0.4794922,0.293457
0.300293,1
0.5380859,0.4853516
0.4394531,0
0.4521484,0.4003906
0.3291016,0.8691406
0.3144531,0.6762695
0.609375,0.347168
0.4199219,0.5996094
0.3427734,0.7548828
0.4858398,0.5390625
0.6240234,0.2358398
0.6274414,0.6948242
0.5751953,0.465332
0.2592773,0.1787109
0.5185547,0.3383789
0.3383789,1.000488
0.3139648,0.8486328
0.331543,0.1025391
0.262207,1.000488
0.4516602,0.512207
0.2583008,0.4072266
0.2207031,0.1259766
0.6679688,0.9321289
0.4003906,0.2851562
0.597168,0.331543
0.5117188,0.1943359
0.4604492,0.5219727
0.4931641,0.6533203
0.3964844,0.2211914
0.4467773,0.4516602
0.2963867,0.6621094
0.1723633,0.5673828
0.418457,0.418457
0.5537109,0.4350586
0.6723633,0.168457
0.3242188,0.2592773
0.418457,0.6147461
0.1274414,0.01806641
0.6538086,0.7817383
0.4916992,0.2314453
0.7675781,0.2739258
0.3393555,0.6083984
0.5375977,0.4038086
0.3291016,1.000488
0.3886719,0.5302734
0.4775391,0.1791992
0.5214844,0.684082
0.190918,0.2861328
0.5102539,0.7543945
0.1376953,0.5947266
0.3720703,0.1455078
0.08398438,0.1694336
0.4023438,0.3364258
0.2290039,1.000488
0.5009766,0.7895508
0.2353516,0
0.5732422,0.4960938
0.347168,0.4873047
0.3901367,0.4003906
0.6464844,0.5126953
0.5527344,0.8144531
0.1391602,0.9008789
0.5043945,0.4882812
0.4902344,0.4907227
0.2563477,0.6538086
0.456543,0.9458008
0.4541016,0.1401367
0.4052734,0.1435547
0.4785156,0.5898438
0.6879883,0.331543
0.5649414,0
0.6152344,0
0.08496094,0.3217773
0.1767578,0.4213867
0.4609375,0.3745117
0.3676758,0.6918945
0.3950195,0.2675781
0.6054688,0.2861328
0.4375,0.1474609
0.6523438,0.6044922
0.5449219,0.7236328
0.5693359,0.6518555
0.2949219,0.6611328
0.6611328,0.402832
0.4169922,0.1606445
0.5634766,0.6298828
0.4052734,0.4746094
0.4165039,0.4389648
0.4082031,0.4082031
0.4736328,0.7680664
0.3422852,0.8178711
0.3041992,0.2890625
0.6586914,0.5839844
0.09033203,0.7851562
0.7177734,0.4638672
0.590332,0.4614258
0.5219727,0.71875
0.2563477,0.2416992
0.3828125,0.5800781
0.4189453,0.5576172
0.1650391,0.8701172
0.5317383,0.6455078
0.5737305,0.7373047
0.3881836,0.2822266
0.5703125,0.2724609
0.3286133,0.7475586
0.3583984,0.8095703
0.4086914,0.6699219
0.5014648,0.7290039
0.3349609,0.3232422
0.5131836,0.3154297
0.3544922,0.453125
0.4711914,0.2919922
0.5332031,0.2827148
0.2241211,0.409668
0.449707,0.4780273
0.5092773,0.6162109
0.5214844,0.2807617
0.4614258,0
0.7480469,0.5327148
0.3681641,1.000488
0.4697266,0.2802734
0.4287109,0.4819336
0.3085938,0.4628906
0.3398438,0.6542969
0.53125,0.2070312
0.6088867,0.7099609
0.1860352,0.1142578
0.6508789,0.1113281
0.5029297,0.2338867
0.2958984,1
0.7290039,0
0.3422852,0.8608398
0.3081055,0.5854492
0.2529297,0.1240234
0.456543,0.9458008
0.4223633,0.7763672
0.1264648,1
0.4355469,0.421875
0.4243164,0.3574219
0.5209961,0.3935547
0.2827148,0.6015625
0.6689453,0.8413086
0.3408203,0.6040039
0.4082031,1.000488
0.5292969,0.8271484
0.3535156,0.4047852
0.5229492,0
0.4389648,0.8486328
0.6484375,0.2294922
0.4140625,1
0.640625,0.5283203
0.4423828,0.4765625
0.203125,0.3916016
0.3330078,0.3852539
0.2431641,0.2441406
0.4458008,0.7875977
0.2871094,0.6855469
0.4365234,0.6000977
0.5429688,0.1958008
0.6411133,0.4248047
0.5825195,0
0.1191406,0.3666992
0.3061523,0.4765625
0.5385742,0.5302734
0.08691406,0
0.2177734,0.4628906
0.3959961,0.7402344
0.1870117,0.3574219
0.4448242,0.3730469
0.5273438,0.1689453
0.5170898,0.3154297
0.6430664,0.7084961
0.347168,0.75
0.3764648,0.5356445
0.2285156,0.3920898
0.4731445,0.3569336
0.3374023,0.7075195
0.3178711,0.03710938
0.6904297,0.152832
0.3583984,0
0.5922852,0.5175781
0.1103516,0.7285156
0.6088867,0.5224609
0.2871094,0.2841797
0.4570312,0.4985352
0.1665039,0.6538086
0.597168,0.6738281
0.3007812,0.6865234
0.3881836,0.1254883
0.5849609,0.6572266
0.3779297,0.4160156
0.4101562,0.7700195
0.230957,0.9438477
0.4711914,0.7641602
0.3144531,0.5561523
0.2832031,0.4433594
0.5991211,0.1933594
0.4492188,0.3510742
0.7436523,1.000488
0.5439453,0.7783203
0.5102539,0.7441406
0.5605469,0.8686523
0.4291992,0.3974609
0.2275391,0.28125
0.3476562,0.7084961
0.3286133,0.1904297
0.5756836,0.9135742
0.3779297,0.8754883
0.4228516,0.6499023
0.5224609,0.5263672
0.4858398,1.000488
0.5595703,0.3300781
0.3374023,0.6074219
0.5131836,0.8154297
0.5634766,0.5678711
0.3999023,0
0.4555664,0.5673828
0.4423828,0.7319336
0.3183594,0.2919922
0.3330078,0.2851562
0.3959961,0.5727539
0.4521484,0.7558594
0.2490234,0.6005859
0.3334961,1.000488
0.3442383,1.000488
0.1855469,0.25
0.4233398,0.8271484
0.4555664,0.4931641
0.4165039,0.9360352
0.4199219,0.7802734
0.3251953,0.6948242
0.2749023,1
0.3359375,0.3110352
0.3857422,0.8681641
0.3632812,0.6049805
0.5253906,0.6318359
0.5375977,0.296875
0.1767578,0
0.1811523,0
0.1220703,0.5566406
0.5581055,0.4238281
0.5874023,0.2744141
0.7216797,0.4306641
0.2875977,0.4189453
0.3999023,0.5063477
0.1469727,0.8486328
0.5361328,0.7617188
0.3398438,0.484375
0.3369141,0.965332
0.5141602,0.5532227
0.4384766,0.6225586
0.4619141,0.7963867
0.6318359,0.3730469
0.4023438,0.8950195
0.190918,0.152832
0.2636719,0.3876953
0.5996094,0.7158203
0.3603516,0.9716797
0.3696289,0.2998047
0.234375,0.4316406
0.168457,0.5166016
0.5058594,0.4199219
0.4736328,0.7729492
0.4931641,0.6333008
0.1943359,0.4941406
0.1923828,0.8613281
0.5087891,0.2011719
0.2958984,0.5415039
0.6362305,0.328125
0.390625,1.000488
0.2973633,0.8222656
0.300293,0.1650391
0.5239258,0.3378906
0.4975586,0.6850586
0.1484375,0.3007812
0.6425781,0.5634766
0.4750977,0
0.4501953,0.581543
0.3554688,0.6704102
0.3554688,0.7441406
0.3603516,0
0.3754883,0.809082
0.543457,0.7529297
0.6469727,1.000488
0.394043,0.1430664
0.4931641,0.7075195
0.5615234,0.737793
0.2739258,0.7866211
0.4492188,1.000488
0.4370117,0.5820312
0.6347656,0
0.5117188,0.5585938
0.5693359,0.7822266
0.4438477,0.3164062
0.5839844,0.1342773
0.4321289,0.1977539
0.6171875,0
0.4594727,0.5698242
0.5761719,0.7055664
0.6459961,0.581543
0.4536133,0.5927734
0.3989258,0.6318359
0.4155273,0.3256836
0.3242188,0.2592773
0.5332031,0
0.3120117,0.637207
0.4501953,0.7612305
0.7075195,0.3686523
0.3271484,0.09814453
0.2910156,0.5288086
0.6459961,0
0.2333984,0.2124023
0.2314453,0.1704102
0.07568359,0.3769531
0.5048828,0.6357422
0.2768555,0.8071289
0.5737305,0.21875
0.3925781,0.7788086
0.4707031,0.644043
0.1386719,0.2573242
0.3867188,0.4355469
0.3950195,0.6977539
0.199707,0.5566406
0.4946289,0.1166992
0.1606445,0.2353516
0.3706055,0.5966797
0.3081055,0.5498047
0.2929688,0.7700195
0.4438477,0.3164062
0.2363281,0.7578125
0.4008789,0.2875977
0.6142578,0.3154297
0.4946289,1.000488
0.6113281,0.6699219
0.3857422,0.2695312
0.4658203,0.6254883
0.5141602,0.4331055
0.2905273,0.3178711
0.2797852,0
0.2709961,0.6137695
0.3193359,0.5576172
0.3735352,0.1645508
0.6635742,0.1713867
0.340332,0.6806641
0.6269531,0.3056641
0.7036133,0.3911133
0.1508789,0.4951172
0.1640625,0.5654297
0.5571289,0.7246094
0.3085938,0.8510742
0.465332,1.000488
0.5703125,1.000488
0.1074219,0.9995117
0.4941406,0.4633789
0.1899414,0.7475586
0.2817383,0.6523438
0.1665039,0.4526367
0.4208984,0.4394531
0.4648438,0.7104492
0.5385742,0.3916016
0.5024414,0.8959961
0.1240234,0.6376953
0.4887695,0.6162109
0.6264648,0.5107422
0.5351562,0.3647461
0.5415039,0.6162109
0.3164062,0.2871094
0.1699219,0.2104492
0.1245117,0.4780273
0.609375,0.6850586
0.2138672,0.59375
0.4111328,0.7758789
0.6113281,0.2617188
0.6030273,0.6137695
0.512207,0.7773438
0.5273438,0.6894531
0.4941406,0.7539062
0.4067383,0.4384766
0.3085938,0.5136719
0.1655273,1.000488
0.5449219,0.7236328
0.5107422,0.5610352
0.6220703,0.4365234
0.3925781,0.5727539
0.4492188,0.4785156
0.4785156,0.1474609
0.4619141,0.3764648
0.6518555,0.1889648
0.6030273,0.3510742
0.453125,1.000977
0.418457,0.7460938
0.3867188,0.4921875
0.1738281,0.3647461
0.4428711,0.7041016
0.421875,0.3481445
0.324707,1
0.7241211,0.9956055
0.5620117,0.1479492
0.6787109,0.1962891
0.3886719,0.3125
0.6606445,0.4970703
0.5786133,0.7275391
0.4443359,0.5556641
0.4277344,0.3813477
0.7573242,0.7592773
0.3188477,0.6689453
0.6054688,0
0.2451172,0.8227539
0.3496094,0.8300781
0.3876953,0.2392578
0.7407227,0.6386719
0.3120117,0.3530273
0.7138672,0.6054688
0.1850586,0.4746094
0.3417969,0.3549805
0.3623047,0.3505859
0.3930664,0.5332031
0.4194336,0.7719727
0.7568359,0.1142578
0.4316406,0.2788086
0.6621094,0.503418
0.1894531,0.2832031
0.2460938,0.3901367
0.609375,0.6772461
0.5537109,0.9101562
0.4584961,0
0.4189453,0.7368164
0.402832,0.7319336
0.2919922,0.6572266
0.3349609,0.1435547
0.3999023,0.4658203
0.418457,0.1586914
0.3022461,0.6201172
0.5546875,0.2099609
0.621582,0.1264648
0.4892578,0.2441406
0.3061523,1.000488
0.4624023,0.7333984
0.3432617,0.3579102
0.3383789,0.7075195
0.3295898,0.6962891
0.4951172,0.6445312
0.6171875,0.4550781
0.2353516,0
0.2944336,0.4604492
0.6157227,0.7963867
0.1352539,0.3569336
0.4082031,1.000488
0.3510742,0.1108398
0.2348633,0.4575195
0.2788086,0.4692383
0.4106445,0.9887695
0.4379883,0.5942383
0.4277344,0.34375
0.4189453,0.7446289
0.2084961,0.4912109
0.5112305,0.5532227
0.6005859,0.7231445
0.7504883,0.8037109
0.578125,0.5878906
0.3266602,1.000488
0.5185547,0.7797852
0.5205078,0.140625
0.2431641,0.3867188
0.1977539,0.1708984
0.3813477,0.2670898
0.5180664,0.4946289
0.1928711,0.2871094
0.5297852,0
0.3354492,0.9926758
0.3510742,0.809082
0.2016602,1
0.3950195,0.7167969
0.1557617,0
0.2548828,0.6923828
0.2827148,0.1669922
0.5493164,0.1269531
0.2680664,0.9775391
0.2749023,0.722168
0.5444336,0.484375
0.5419922,0.2583008
0.1655273,1.000488
0.324707,0.3959961
0.4072266,0.6118164
0.4199219,0.5390625
0.2060547,0.7470703
0.6328125,0.2431641
0.4814453,0.3286133
0.5131836,0.1416016
0.6245117,1.000977
0.3164062,0.2407227
0.3339844,0.5327148
0.4365234,0.2661133
0.1201172,0.4853516
0.2954102,0.7470703
0.5234375,0.8339844
0.4492188,0.6376953
0.6367188,1.000488
0.5229492,0.6567383
0.1650391,0.2392578
0.4238281,0.5439453
0.4228516,1.000488
0.5786133,1.000488
0.4306641,0.5200195
0.5825195,0.2304688
0.3842773,0.4887695
0.3364258,0.5625
0.4770508,1.000488
0.3164062,1
0.5610352,0.7172852
0.5048828,0.6591797
0.5751953,0
0.4467773,0.543457
0.4995117,0.8120117
0.519043,0.6298828
0.4042969,0.2211914
0.4243164,0.512207
0.2685547,0.2807617
0.2084961,0.6972656
0.5292969,0.7890625
0.4082031,0
0.4438477,0.3754883
0.3579102,0.4814453
0.6987305,0.4946289
0.4023438,0.3930664
0.6381836,0.2763672
0.3886719,0.2324219
0.09472656,0.9326172
0.6113281,0.690918
0.4975586,0.8764648
0.2519531,0.5297852
0.269043,0.09228516
0.5419922,0.578125
0.2060547,0.7495117
0.5258789,0.5214844
0.2543945,0.5039062
0.309082,0.2729492
0.4140625,0.1000977
0.4125977,0.5922852
0.6323242,0.6293945
0.359375,0.7573242
0.640625,0.7080078
0.3037109,0.5009766
0.1708984,0.9995117
0.4145508,0.1508789
0.7338867,0.6049805
0.3862305,0.3496094
0.5820312,0.3173828
0.4404297,0.6977539
0.3676758,0.4824219
0.2016602,0.2919922
0.3520508,0.7368164
0.621582,0.6054688
0.4926758,0
0.5117188,0.6865234
0.4438477,0.4477539
0.378418,0.5429688
0.6279297,0.7167969
0.2363281,0.5581055
0.6665039,0.5786133
0.4057617,0.105957
0.3339844,0.5517578
0.699707,0.3554688
0.6762695,0.1835938
0.5800781,0.2915039
0.4726562,0.6796875
0.6860352,0.2958984
0.362793,0.4770508
0.2495117,0.4560547
0.3183594,0.2709961
0.5810547,0.5703125
0.5957031,0.2514648
0.3623047,0.5996094
0.3745117,0.3862305
0.4755859,1.000488
0.3881836,0.6796875
0.3413086,0.578125
0.4609375,0.8222656
0.4194336,0.7822266
0.5478516,0.1972656
0.4589844,0.7832031
0.4477539,0.03466797
0.3071289,0.6333008
0.4599609,0.2392578
0.3349609,0.2373047
0.3564453,0.4042969
0.4433594,0.1547852
0.421875,0.284668
0.4365234,0.2285156
0.5473633,0.8647461
0.3823242,0.3930664
0.6030273,0.6152344
0.4453125,0.4648438
0.6665039,0.1782227
0.5288086,0.3989258
0.425293,1.000488
0.4023438,0.2226562
0.4399414,0.8076172
0.387207,0.8168945
0.5581055,0.8188477
0.4077148,0.9990234
0.5454102,0.8193359
0.387207,0.6508789
0.4794922,0.2050781
0.1005859,0.9995117
0.1201172,0.5605469
0.4458008,0.1166992
0.5556641,0.8222656
0.605957,0.2480469
0.3823242,0.9208984
0.5087891,0.2119141
0.4287109,0.8544922
0.3701172,0.3076172
0.3154297,0.3896484
0.2416992,0.3662109
0.6342773,0.3291016
0.4033203,0.5639648
0.6191406,0.3120117
0.4116211,0.5380859
0.4189453,0.7509766
0.4775391,1.000488
0.6572266,0.6689453
0.1762695,0.2470703
0.3076172,0.2231445
0.440918,0
0.4038086,0.418457
0.5986328,0.265625
0.4492188,0.6694336
0.2841797,0.878418
0.4570312,0.7963867
0.1982422,0.168457
0.5126953,0.6870117
0.355957,0.5986328
0.2036133,0
0.5161133,1.000488
0.5668945,0.2944336
0.7070312,0.2280273
0.4179688,0.565918
0.3798828,0.7055664
0.644043,0.565918
0.4033203,0
0.4912109,0.4423828
0.4282227,0
0.246582,0.9980469
0.375,0.09130859
0.4946289,0.7133789
0.387207,0.8198242
0.6088867,0.7041016
0.5805664,0.4682617
0.5463867,0.02246094
0.7119141,0.8417969
0.4418945,0.2597656
0.4291992,0
0.6313477,0.7470703
0.1982422,0.4277344
0.4145508,0.1831055
0.3168945,0.5185547
0.487793,0.2373047
0.324707,0
0.5874023,0.640625
0.4550781,0.6132812
0.5947266,0.1376953
0.6289062,0.5292969
0.4736328,0.7246094
0.4946289,0.3974609
0.5678711,0.5922852
0.7397461,0.2231445
0.4365234,0.6152344
0.3950195,0.6689453
0.5244141,0.3798828
0.5551758,0.1884766
0.46875,0.9199219
0.3476562,0.1567383
0.2680664,0.4536133
0.2792969,0.3696289
0.3515625,0.7485352
0.4584961,0.8647461
0.3813477,0.2119141
0.484375,0.6162109
0.7036133,0.1479492
0.3276367,1
0.3012695,0.2338867
0.2089844,0.2148438
0.5092773,0.5693359
0.1635742,0.1899414
0.3808594,0.4882812
0.3945312,0.3515625
0.362793,0.5927734
0.5390625,0.4433594
0.6025391,0
0.3681641,0.6791992
0.3613281,0.5893555
0.7573242,0.8505859
0.3022461,0.8046875
0.3344727,0.2211914
0.3051758,0.3637695
0.3432617,1.000488
0.5708008,0.6708984
0.5961914,0.3544922
0.5883789,0.421875
0.3828125,0.2021484
0.3974609,1
0.2993164,0.2797852
0.1811523,0.5849609
0.1206055,0.3115234
0.4248047,0.5458984
0.4375,0.1962891
0.3012695,0.8769531
0.440918,0.2358398
0.5429688,0
0.1801758,0.6772461
0.6210938,0.6289062
0.6010742,0.7919922
0.1948242,0.4941406
0.5522461,0.8427734
0.3837891,0.1113281
0.5175781,0.362793
0.3842773,0.4296875
0.3813477,0.5102539
0.5527344,0.4208984
0.4311523,0.2338867
0.59375,0.324707
0.3344727,0.7416992
0.3710938,0.1728516
0.2763672,0.7539062
0.1762695,0
0.3066406,0.340332
0.284668,0.2651367
0.2163086,0.515625
0.668457,0.1918945
0.4389648,0.7128906
0.5014648,0.8149414
0.3295898,0.5024414
0.7548828,0.8515625
0.3149414,0.8598633
0.5336914,0
0.2124023,0.652832
0.3417969,1
0.2133789,0.7675781
0.7695312,0.4335938
0.1958008,0.4355469
0.5859375,0.5732422
0.6137695,0.9047852
0.7358398,0.7700195
0.2285156,0.1313477
0.6435547,0.5307617
0.4453125,0.7412109
0.6113281,1
0.7392578,0.7680664
0.3208008,0.5449219
0.3662109,0.1723633
0.7104492,0.2714844
0.2519531,0.4902344
0.1396484,0.4912109
0.5771484,0.4833984
0.3701172,0.2631836
0.300293,1.000488
0.3901367,1.000488
0.1787109,0.578125
0.3999023,0.4208984
0.4047852,0.5664062
0.3798828,0.3881836
0.06445312,0.7851562
0.2910156,0.2177734
0.234375,0.5537109
0.3232422,0.8486328
0.2260742,0.4042969
0.6425781,0.7045898
0.6513672,0.5683594
0.3686523,1
0.7338867,0.5219727
0.2158203,0.9013672
0.5888672,0.7280273
0.534668,0.3125
0.5463867,0.7304688
0.3017578,1.000488
0.2495117,0.4335938
0.1401367,1.000488
0.1992188,0.1860352
0.5883789,0
0.4521484,0.7368164
0.3701172,0
0.4882812,0.5253906
0.4140625,0.8378906
0.5961914,0.3764648
0.6884766,0.7329102
0.2695312,0.2250977
0.1259766,0.534668
0.2900391,0.875
0.5322266,0.5429688
0.684082,0.8100586
0.5273438,0.7441406
0.4702148,0.3457031
0.5649414,0.8046875
0.3842773,0.5869141
0.5683594,0.5581055
0.3061523,0.4760742
0.2495117,0.453125
0.4160156,0.1865234
0.637207,0.78125
0.3896484,0.1889648
0.2143555,0.7329102
0.2641602,0.5219727
0.609375,0.2158203
0.5185547,0.828125
0.3325195,1
0.4624023,0.2216797
0.5141602,0.9384766
0.6074219,0.3608398
0.3950195,0.2597656
0.5375977,0.2939453
0.6298828,0.1347656
0.3388672,0.2807617
0.6381836,0.175293
0.4667969,0.8432617
0.3535156,0.7958984
0.6391602,0.3486328
0.5317383,0.8930664
0.3583984,0
0.4785156,0.5922852
0.4521484,0.71875
0.4550781,0.840332
0.2163086,0.453125
0.4550781,0.6904297
0.3515625,0.1079102
0.3857422,0.8681641
0.4541016,0.4550781
0.3422852,0.8588867
0.4272461,0.9208984
0.3110352,0.4902344
0.3208008,0.8637695
0.2275391,0.4106445
0.4750977,0.3916016
0.2998047,0.7856445
0.1459961,0.1567383
0.2182617,0.1635742
0.4667969,0.6552734
0.4326172,0.7358398
0.6464844,0.02636719
0.449707,0.8637695
0.4511719,0.5297852
0.4052734,0.5141602
0.4580078,0.4291992
0.5664062,0.5864258
0.4819336,0.1879883
0.4331055,0.6938477
0.5,0.6162109
0.4208984,0.3896484
0.5629883,0.8476562
0.5786133,0
0.1508789,0.3486328
0.6245117,1.000977
0.4804688,0.2773438
0.4375,0.7880859
0.4047852,0.3603516
0.5668945,0.7973633
0.5263672,0.3457031
0.3115234,0.5952148
0.5390625,0.6806641
0.4990234,0.2587891
0.2929688,0
0.2924805,0.7163086
0.3222656,0.6494141
0.2177734,0.6611328
0.5117188,0.6660156
0.1381836,0.2875977
0.3393555,0.5102539
0.3320312,1
0.5073242,0.4023438
0.2075195,0.4990234
0.4106445,0.7299805
0.6411133,0.5917969
0.4345703,0.4638672
0.2416992,0.3071289
0.2387695,0.3808594
0.590332,0.6313477
0.3242188,0.6220703
0.4643555,0.6582031
0.4155273,0.3256836
0.7080078,0.6142578
0.5444336,0.1660156
0.7353516,0.5195312
0.347168,0.2866211
0.4130859,0.5825195
0.1953125,0.5039062
0.472168,0.2246094
0.5537109,0.1923828
0.5390625,0.4204102
0.5683594,0.4677734
0.605957,0.8110352
0.4780273,0.206543
0.2626953,0.7495117
0.7133789,1.000488
0.1870117,0
0.2451172,0.480957
0.5097656,0.7890625
0.3935547,0.7485352
0.4443359,0.578125
0.4902344,0.2851562
0.6137695,0.1679688
0.4726562,0.637207
0.4389648,0.7402344
0.5810547,0.887207
0.6015625,0.6293945
0.3544922,0.3979492
0.4882812,0.1303711
0.7182617,0.5541992
0.3623047,0.8740234
0.5141602,0
0.597168,0.3745117
0.1606445,0.690918
0.2490234,0.2504883
0.4223633,0.1411133
0.2285156,0.7021484
0.5297852,0.659668
0.6582031,0.1557617
0.2099609,0.9750977
0.4204102,0.2358398
0.6625977,0
0.3408203,1.000488
0.4873047,0.3374023
0.4360352,0.4194336
0.4990234,0.4067383
0.4819336,0.7773438
0.6801758,0.7924805
0.6508789,0.6621094
0.4501953,0.8198242
0.5043945,0.1162109
0.590332,0.4614258
0.4858398,0.25
0.2783203,0.5537109
0.703125,0.6782227
0.3422852,0.3188477
0.4711914,0.8686523
0.534668,0.2900391
0.2441406,0
0.5141602,0.8271484
0.2026367,0.9189453
0.5664062,0.7973633
0.6020508,0.8154297
0.4335938,0.5878906
0.3735352,0.7446289
0.5668945,0.3618164
0.4580078,0.2285156
0.3305664,0.6811523
0.3994141,0.2407227
0.4301758,0.2954102
0.3256836,0.4135742
0.3193359,0.784668
0.5605469,0.5625
0.4331055,0.1757812
0.4272461,0.3105469
0.7011719,0.3242188
0.4750977,0.4824219
0.3583984,0.7602539
0.3344727,0.5830078
0.4765625,0.4345703
0.5400391,0.1484375
0.3388672,0.6923828
0.5981445,0.3305664
0.3994141,0.3520508
0.3994141,0.1958008
0.6411133,0.7709961
0.6728516,1.000977
0.3500977,0.5317383
0.5976562,0.3325195
0.4506836,1
0.3349609,0.4155273
0.4946289,0.1147461
0.4829102,0.6166992
0.3647461,1.000488
0.3071289,0.7412109
0.3354492,0.6381836
0.3095703,0.2167969
0.375,0.5219727
0.2900391,0.5029297
0.2431641,0.3354492
0.2578125,0.6459961
0.2426758,0.4248047
0.1552734,0.6352539
0.3178711,0.4980469
0.1411133,0.2988281
0.1728516,0.5991211
0.4375,0.6416016
0.7050781,0.6391602
0.6523438,0.6899414
0.4506836,0.8632812
0.5488281,0.465332
0.2089844,0.7744141
0.4443359,0.4472656
0.2402344,0.3842773
0.5688477,0.59375
0.6137695,0.9873047
0.2133789,0.5888672
0.4624023,0.7441406
0.590332,0.4672852
0.4829102,0.5581055
0.3476562,0.4213867
0.3710938,0.7651367
0.6542969,0.1835938
0.3300781,0.4506836
0.7045898,0.4604492
0.7255859,0.3310547
0.6772461,0.777832
0.5776367,0.1879883
0.3662109,0.4042969
0.2050781,0.2597656
0.2714844,0.4013672
0.1860352,0.1142578
0.5253906,0.3579102
0.394043,0.4204102
0.6772461,0.6074219
0.590332,0.4604492
0.3696289,0.4008789
0.5615234,0.6240234
0.4956055,0.5556641
0.3564453,0.4204102
0.4672852,0.4462891
0.3530273,0.4648438
0.425293,0.8203125
0.7553711,0.4589844
0.4160156,0.002441406
0.5913086,0.355957
0.4160156,0.8037109
0.5634766,0.6992188
0.2026367,0.3422852
0.3051758,0.4775391
0.3574219,0.4838867
0.6899414,1.000488
0.4057617,0.5175781
0.1538086,0.4335938
0.5117188,0.5649414
0.4951172,0.7114258
0.5561523,0.2285156
0.2250977,0.1044922
0.565918,0.2758789
0.6948242,0.05273438
0.5668945,0.9614258
0.1298828,0.628418
0.4165039,0.7265625
0.6088867,0.5717773
0.2944336,0.3999023
0.3149414,0.1904297
0.4145508,0.7172852
0.5131836,0.5537109
0.3930664,0.5014648
0.3999023,0.6044922
0.4458008,0.9223633
0.6118164,0.9321289
0.5185547,0.7456055
0.3798828,0.699707
0.3276367,0.4086914
0.5332031,0.3027344
0.4492188,0.3354492
0.2587891,0
0.3808594,0.8081055
0.3808594,0.2998047
0.3686523,0.7294922
0.5141602,0.7788086
0.2270508,0.4008789
0.5283203,0.3994141
0.6381836,0.1757812
0.4453125,0.7392578
0.625,0
0.2382812,0.4892578
0.4345703,0.2324219
0.4912109,0.6513672
0.2011719,0.6923828
0.3198242,0.5473633
0.6079102,0.2275391
0.1894531,0.2817383
0.4941406,0.7602539
0.6552734,0.8500977
0.2426758,0.5708008
0.5825195,0.1337891
0.5917969,0.3500977
0.159668,0.453125
0.1914062,0.5976562
0.1420898,0.5068359
0.2749023,0.2270508
0.2133789,0.7675781
0.3291016,0.5336914
0.3955078,0.2734375
0.6606445,0.9360352
0.4638672,0.5625
0.3178711,0.7412109
0.3237305,0.828125
0.4145508,0.6791992
0.4697266,0.6865234
0.34375,0.2817383
0.3476562,0.7592773
0.1625977,0.5058594
0.2148438,0.40625
0.4155273,0.5063477
0.5253906,0.3862305
0.519043,0.4243164
0.5092773,0.2832031
0.4243164,0.8178711
0.3686523,0.4790039
0.3867188,0.1962891
0.3164062,0.2407227
0.6962891,0.684082
0.434082,0.6894531
0.1928711,0.1279297
0.4873047,0.3623047
0.6069336,0.3828125
0.4584961,0.1518555
0.4790039,0.2963867
0.4418945,0.5878906
0.440918,0.5341797
0.1782227,0.5273438
0.6772461,1.10498
0.5200195,0.8208008
0.2978516,0.6040039
0.3920898,0.7504883
0.331543,0.3916016
0.6699219,0.105957
0.4902344,0
0.3901367,0.6948242
0.21875,0.784668
0.7124023,0.4389648
0.746582,0.5336914
0.3510742,0.140625
0.2182617,0.1635742
0.2387695,0.7797852
0.6582031,0.8325195
0.2929688,0.3544922
0.4829102,0.6728516
0.4941406,0.2958984
0.5405273,0.1567383
0.3974609,0.6362305
0.5307617,1
0.2539062,0.6416016
0.1757812,0.3945312
0.1582031,0.550293
0.480957,1.000488
0.5249023,0.3554688
0.4711914,0.71875
0.3056641,0.534668
0.5161133,0.8842773
0.5561523,0.2797852
0.5483398,0.8134766
0.625,0.4604492
0.2084961,0.605957
0.175293,0.3666992
0.5996094,0.8154297
0.559082,0.8710938
0.659668,0.3115234
0.315918,0.7387695
0.3608398,1
0.3613281,0.6748047
0.2666016,0.2275391
0.4692383,0.4946289
0.387207,0
0.5615234,0.1152344
0.1582031,0.5493164
0.7827148,1.000977
0.2060547,0.2504883
0.6728516,1.15332
0.15625,0.2270508
0.5395508,0.9477539
0.4658203,0
0.1640625,0.4516602
0.4345703,0.5556641
0.3349609,0.4174805
0.8125,0.8916016
0.4282227,0.5708008
0.2016602,0.7978516
0.3579102,0.8486328
0.5249023,0.5834961
0.7172852,0.4624023
0.6157227,0.2763672
0.1953125,0.1552734
0.652832,0.4350586
0.3588867,0.2265625
0.2661133,0.4946289
0.2983398,0.8652344
0.4404297,0.2729492
0.269043,0.847168
0.5722656,0
0.4487305,0.8139648
0.4941406,0.4301758
0.3774414,0.4750977
0.5625,0.3999023
0.4633789,0.09375
0.4829102,0.7749023
0.5068359,1.000488
0.3945312,0.4160156
0.5107422,0.7983398
0.1357422,0.2993164
0.6020508,0.3125
0.7226562,0.71875
0.1762695,0
0.2304688,0.3725586
0.4916992,0.6376953
0.4418945,0.8745117
0.5566406,0.2470703
0.6240234,0.2109375
0.4677734,0.3056641
0.4453125,0.3310547
0.3432617,0.3222656
0.5581055,0.3945312
0.4248047,0.4575195
0.5722656,0.6484375
0.3105469,0.9736328
0.453125,0.5820312
0.7114258,0.6030273
0.6108398,0.4179688
0.4726562,0.3579102
0.5888672,0.6967773
0.4975586,0.8754883
0.3105469,0.3183594
0.2636719,0.1660156
0.5004883,0
0.5444336,0.9243164
0.6259766,0.7333984
0.5073242,0.7285156
0.5341797,0.1606445
0.5385742,0.284668
0.5175781,0.06640625
0.4243164,0.3833008
0.5136719,0.8276367
0.5200195,1.000488
0.3242188,0.5683594
0.4067383,0.7084961
0.5170898,0.4370117
0.6098633,0.8007812
0.4335938,1.000977
0.4003906,0
0.6137695,0.699707
0.2529297,0.4199219
0.4306641,0.387207
0.5493164,0.6992188
0.3520508,0.06835938
0.5839844,0.2553711
0.625,0.1611328
0.3232422,0.6083984
0.3657227,0.08447266
0.2651367,1
0.1201172,0.6650391
0.4956055,0.5043945
0.659668,0.2861328
0.5253906,0.793457
0.2578125,0.2666016
0.6552734,0.3671875
0.3544922,0.3867188
0.5117188,0.1943359
0.1943359,0.4921875
0.6601562,0.7905273
0.5595703,0
0.5048828,0.4487305
0.2451172,0.2446289
0.4379883,0.2875977
0.2211914,0.2329102
0.4018555,0.1923828
0.421875,0.6914062
0.6103516,0.5649414
0.5385742,0.6582031
0.440918,0.574707
0.3984375,0.6826172
0.3110352,0.456543
0.5219727,0.2807617
0.4985352,0.1777344
0.5302734,0.4521484
0.2885742,1.000488
0.3999023,0.2583008
0.5249023,0.5878906
0.7524414,0.4790039
0.5170898,0.6948242
0.3520508,0
0.6279297,0.3886719
0.1953125,0.7280273
0.3847656,0.2880859
0.5791016,1.000488
0.1005859,0.06591797
0.4453125,0
0.3125,0.7094727
0.6523438,0.2402344
0.3583984,0.9047852
0.2978516,0.8662109
0.2573242,1
0.121582,0.5722656
0.5405273,1.000488
0.7216797,0.4326172
0.4189453,0.1459961
0.675293,0.4165039
0.4619141,0.6503906
0.5712891,0.5107422
0.371582,0.7163086
0.5292969,0.6118164
0.4375,0.5395508
0.7744141,0.3618164
0.277832,0.9140625
0.1938477,0.5341797
0.4277344,0.5834961
0.7011719,0.605957
0.4394531,0.3120117
0.7094727,0.7646484
0.3408203,0.2641602
0.5327148,0.6040039
0.3432617,1.000488
0.3452148,0.2924805
0.3808594,0.4169922
0.4272461,0.5166016
0.4624023,0.8271484
0.3481445,0.8666992
0.2202148,0.7758789
0.4887695,0.9697266
0.4882812,0.7734375
0.128418,0.3994141
0.5078125,0.3066406
0.4414062,0.7202148
0.4389648,0.7709961
0.4946289,0.5581055
0.3955078,0.2138672
0.4458008,0.1772461
0.6083984,0.1381836
0.4702148,0
0.3735352,0
0.1987305,0.5957031
0.3056641,0.5341797
0.3881836,0.3686523
0.5263672,1.000488
0.3461914,1.000488
0.4570312,0.8964844
0.4013672,0.1455078
0.4145508,0.3500977
0.6616211,0
0.4155273,0.6572266
0.2836914,0.5786133
0.355957,0.05908203
0.2587891,0.8144531
0.4291992,0.1777344
0.3657227,0.6962891
0.5678711,0.6108398
0.2607422,0.8388672
0.4008789,0.7001953
0.4438477,0.7724609
0.3432617,0.4506836
0.4638672,0.5913086
0.1210938,0.465332
0.5683594,0.5581055
0.3798828,0
0.5888672,0.5600586
0.6894531,0.6567383
0.2075195,0.6503906
0.5063477,0.4111328
0.1352539,1
0.5209961,1
0.152832,0.7460938
0.5,0.7685547
0.4638672,0.4985352
0.4282227,0.8500977
0.1518555,0.2246094
0.4545898,0.1835938
0.3139648,0.7358398
0.3950195,0.1791992
0.2558594,0.4985352
0.7519531,0.7719727
0.7744141,0.7104492
0.6586914,0.1889648
0.4365234,0.3041992
0.4389648,0.3447266
0.5092773,0.6162109
0.652832,0.3486328
0.3344727,0.5595703
0.637207,0.6567383
0.277832,0.9140625
0.2524414,0
0.2753906,0.6342773
0.4799805,0.8652344
0.6083984,0.09375
0.3896484,0.2172852
0.4472656,0.5888672
0.3896484,0.9282227
0.4584961,0.5566406
0.6079102,0.3979492
0.3256836,0
0.3452148,0
0.2148438,0.5556641
0.3320312,0.6850586
0.4033203,0
0.3369141,0.8852539
0.4936523,0.6748047
0.2036133,0.6035156
0.4575195,0.7963867
0.421875,0.2607422
0.3701172,0.3120117
0.2373047,0.5556641
0.5449219,0.5078125
0.5727539,0.5390625
0.4584961,0.7241211
0.2363281,0.3046875
0.2680664,0.5219727
0.7607422,0
0.5717773,0.4492188
0.7099609,0.4746094
0.2949219,0.3266602
0.4135742,0.4594727
0.3569336,0
0.4086914,0.4682617
0.4038086,0.4711914
0.3798828,0.05224609
0.2900391,0.2338867
0.4916992,0.2045898
0.3452148,0
0.4213867,0.2050781
0.237793,0.5146484
0.5810547,0
0.5541992,0.7807617
0.6547852,0.7851562
0.503418,0.1694336
0.3886719,0.3129883
0.1518555,0.7431641
0.2685547,0.5024414
0.4331055,0.4873047
0.2114258,0.8061523
0.2626953,0.7851562
0.3720703,0.2329102
0.3198242,0.3452148
0.3349609,1.000488
0.2866211,0.3935547
0.2836914,0.5595703
0.5419922,0.722168
0.2807617,0.7192383
0.40625,0.7451172
0.3901367,0.4018555
0.2714844,0.6586914
0.2236328,0.5737305
0.5200195,0.4560547
0.6791992,0.6049805
0.2763672,0.9248047
0.4643555,0.5561523
0.4931641,0.7055664
0.2841797,0.8510742
0.5961914,0.5522461
0.7539062,0.7788086
0.28125,0.2832031
0.25,0.6928711
0.6723633,0.1713867
0.5898438,0.3144531
0.5566406,0.5810547
0.5527344,0.5541992
0.5068359,0.28125
0.4091797,0.3320312
0.5771484,0.4052734
0.6235352,0.277832
0.5297852,0
0.4448242,0
0.4155273,0.6811523
0.527832,0.7929688
0.3354492,0.8867188
0.2490234,0.07226562
0.6254883,0.831543
0.4189453,0.5830078
0.4726562,0.815918
0.5356445,0.4272461
0.6030273,0.5136719
0.4584961,0.2109375
0.3071289,0.2519531
0.6132812,0.7246094
0.3276367,0.4086914
0.4101562,0.3388672
0.6772461,0.8364258
0.2597656,0.4067383
0.4145508,0.4165039
0.543457,0.1958008
0.4335938,0.4887695
0.2143555,0.6225586
0.3925781,0.3598633
0.3808594,0.2143555
0.4404297,0.2729492
0.546875,0.4599609
0.375,0.7138672
0.3789062,0.5517578
0.4223633,0
0.5410156,1.000488
0.3999023,0.1933594
0.3061523,0.3344727
0.3510742,0.449707
0.3305664,0.2124023
0.4648438,0.1669922
0.2983398,0.5053711
0.4331055,0.2226562
0.6220703,0.1025391
0.4155273,0.3193359
0.3671875,0.7358398
0.4155273,0.2167969
0.4765625,0.4140625
0.5410156,0.4423828
0.3237305,0.3310547
0.6933594,0.3095703
0.315918,0.3139648
0.4873047,0.1875
0.550293,0.6850586
0.4794922,0.6318359
0.2958984,0.2202148
0.4018555,0.4321289
0.4726562,0.7392578
0.5292969,1
0.4111328,0.1606445
0.4580078,0.5131836
0.2885742,0.3291016
0.4472656,0.2851562
0.3999023,0.6162109
0.3725586,0.3515625
0.6621094,0.2885742
0.4262695,1.000977
0.4624023,0.2177734
0.6464844,0.7021484
0.6708984,0.4804688
0.3388672,1.000488
0.6147461,0.8842773
0.5170898,0.5112305
0.2773438,0.9121094
0.4335938,0.7431641
0.4663086,0.8325195
0.5664062,0
0.4936523,0.8466797
0.5058594,0.7495117
0.5483398,0.8154297
0.2270508,0.4892578
0.3867188,0.3505859
0.6074219,0.6577148
0.2895508,0.4692383
0.6035156,0.4970703
0.5083008,0.7163086
0.3374023,0.5390625
0.2426758,0.4604492
0.2207031,0.1904297
0.4365234,0.5693359
0.2148438,0.4067383
0.4741211,0.1762695
0.206543,0.6826172
0.2333984,0.3818359
0.3374023,0.3427734
0.1855469,0.7138672
0.3271484,0.7919922
0.4199219,0.1020508
0.6611328,0.5761719
0.3271484,0.4697266
0.371582,0.2504883
0.4765625,0.4169922
0.3808594,0.9379883
0.1640625,0.2016602
0.1694336,0.6518555
0.5576172,1.000488
0.5449219,0.7626953
0.4926758,0.7451172
0.1611328,0.2758789
0.3657227,0.3955078
0.3344727,0.7592773
0.1831055,0.6674805
0.5136719,0.5385742
0.6523438,0.409668
0.4594727,0
0.3046875,0.3774414
0.2607422,0.5966797
0.3344727,0.21875
0.440918,0.4365234
0.6801758,0.6416016
0.5014648,0.3271484
0.3989258,0
0.6054688,0.6162109
0.4169922,0.5849609
0.3227539,0.6313477
0.4868164,0.06542969
0.3242188,0.8623047
0.4394531,0.5703125
0.4609375,0.3496094
0.6621094,0.2182617
0.3920898,0.7539062
0.449707,0.6240234
0.699707,0.4326172
0.2822266,0.6557617
0.5458984,0
0.4013672,0.5229492
0.5576172,0.6362305
0.1420898,0.09521484
0.1430664,1
0.4555664,0
0.394043,0.4814453
0.2041016,0.3310547
0.3842773,0.8037109
0.3569336,0.9946289
0.2519531,0.1640625
0.394043,0.8989258
0.6782227,0.2265625
0.3974609,0.6831055
0.4765625,0.6201172
0.4995117,0.6303711
0.4467773,0.6567383
0.1088867,0.703125
0.3505859,0.230957
0.4472656,0.862793
0.6142578,0.1708984
0.5957031,0.09130859
0.3974609,0.4765625
0.2080078,0.1953125
0.5117188,0.684082
0.6518555,0.4013672
0.4052734,0
0.2792969,0.7128906
0.5214844,0.02490234
0.3237305,0.7866211
0.3662109,0.956543
0.4882812,0.4477539
0.3081055,0.6352539
0.7695312,0.4335938
0.1987305,0.2163086
0.4926758,0.7084961
0.3105469,0.796875
0.5507812,0.5336914
0.7163086,0.8208008
0.4956055,1.000977
0.3500977,0.7597656
0.1567383,0.7148438
0.262207,0.3217773
0.2792969,0.7128906
0.6699219,0.3916016
0.527832,1
0.5073242,0.3505859
0.5976562,0.328125
0.4526367,0.4746094
0.2670898,0
0.5986328,0.7915039
0.3754883,0.5493164
0.4916992,0.6386719
0.5898438,0
0.5410156,0.1396484
0.3847656,0.2880859
0.3647461,0
0.5170898,0.4379883
0.5166016,0.2036133
0.1196289,0.5493164
0.2548828,0.597168
0.3198242,0.6186523
0.5273438,0.9375
0.1328125,0.07128906
0.4438477,0.3164062
0.4365234,0.5395508
0.1489258,1.000488
0.5039062,0.793457
0.4169922,0.3852539
0.3085938,0.8510742
0.4501953,0.4951172
0.6132812,0.08789062
0.4584961,0.78125
0.5429688,0.6508789
0.4545898,0.6191406
0.5732422,0.7861328
0.4086914,1.000977
0.2446289,0.2255859
0.3959961,0.4819336
0.5229492,0.3271484
0.637207,0.3862305
0.6806641,1.000977
0.4975586,0.3071289
0.4692383,0.4628906
0.3554688,1.000488
0.09326172,0.8686523
0.3911133,0.4702148
0.3823242,0.4355469
0.1455078,0.2119141
0.5014648,0.2973633
0.6948242,0.425293
0.08740234,0.3769531
0.4741211,0
0.4472656,0.769043
0.4086914,0.7412109
0.4780273,0.6274414
0.215332,0.8779297
0.3686523,0.5874023
0.3120117,0.3852539
0.5410156,0.7148438
0.4189453,0.6484375
0.3779297,0.5673828
0.4975586,0.2373047
0.4023438,0.2099609
0.5678711,0.2797852
0.3178711,0.7817383
0.2709961,0.5703125
0.1801758,0.1621094
0.3491211,1.000488
0.5546875,0.8574219
0.2856445,0.6000977
0.3706055,0.7246094
0.6303711,0.2993164
0.6508789,0.7783203
0.5751953,0.6420898
0.4658203,0.5327148
0.6445312,0.2597656
0.6831055,0.4799805
0.2758789,0.1772461
0.7172852,0.5844727
0.2563477,0.6308594
0.578125,0
0.2514648,0.355957
0.6791992,0
0.4829102,0.8886719
0.3461914,1.000488
0.4609375,0.831543
0.5673828,0.1547852
0.4995117,0.3652344
0.2475586,0.6694336
0.3168945,0.4995117
0.1533203,0.3041992
0.4199219,0.3212891
0.543457,0
0.3720703,0.4746094
0.2514648,0.387207
0.3461914,0.671875
0.3842773,0.3862305
0.2729492,0.2568359
0.4501953,0.5322266
0.4077148,0.5283203
0.1958008,0.4072266
0.496582,0.3583984
0.4282227,0.6000977
0.1264648,0.8457031
0.4414062,0.5380859
0.2978516,0.6171875
0.2978516,0.2416992
0.581543,0.6674805
0.5917969,0.8486328
0.5947266,0.3051758
0.3959961,0.6230469
0.7070312,0.3227539
0.4321289,0.8598633
0.5932617,0.5922852
0.3989258,0.4873047
0.4941406,0.6293945
0.4091797,0.7446289
0.4106445,0.546875
0.409668,0.7841797
0.5439453,0.690918
0.5112305,0.7983398
0.6005859,0.637207
0.590332,0.6245117
0.6108398,0.9394531
0.4453125,0.4658203
0.2548828,0.5410156
0.6142578,0.3793945
0.1459961,0
0.5380859,0.1582031
0.3637695,0.3374023
0.6455078,0.2050781
0.4155273,0.3037109
0.4643555,0.5478516
0.5307617,0
0.5546875,0.3168945
0.4482422,0.387207
0.2133789,0.6289062
0.2929688,0.8295898
0.6708984,0.5097656
0.7011719,0.7983398
0.4204102,0.3676758
0.3632812,0.6103516
0.1679688,0.7348633
0.2978516,0.8706055
0.5957031,0.9643555
0.7192383,0.7021484
0.1958008,0.7836914
0.340332,0.2900391
0.3681641,0.6806641
0.3413086,0.5439453
0.4438477,0.5576172
0.309082,0.7387695
0.5507812,0.1884766
0.609375,0.2006836
0.6464844,0.5600586
0.2548828,0.6928711
0.2729492,0.2470703
0.7104492,0.6806641
0.418457,0.2387695
0.6230469,0
0.5019531,0.4316406
0.2641602,0.5253906
0.4199219,0.4272461
0.3115234,0.3535156
0.5932617,0.6704102
0.1069336,0.1484375
0.1767578,0.9121094
0.512207,0.4819336
0.6611328,0.5
0.3862305,0
0.4589844,1.000488
0.3452148,0.3330078
0.4619141,1.000488
0.5214844,0.2685547
0.1669922,1
0.402832,0.5996094
0.3681641,0.4589844
0.4038086,0.6049805
0.5170898,0.3457031
0.3710938,0.328125
0.4492188,0.4799805
0.4624023,0.8251953
0.6582031,0.3095703
0.6181641,0.934082
0.4731445,1.000488
0.7045898,0.6333008
0.5576172,0.6953125
0.4946289,0.7250977
0.4428711,0.4853516
0.6621094,0.2944336
0.5102539,0.5864258
0.3710938,0.1757812
0.4741211,0.3193359
0.5605469,0.4648438
0.5019531,0.7241211
0.4355469,0.4516602
0.2954102,0.512207
0.5410156,0.6064453
0.4624023,0.8251953
0.2739258,0.793457
0.4970703,0.6796875
0.2329102,0.5844727
0.4077148,0.2524414
0.3447266,0.7495117
0.4086914,0.3701172
0.7368164,0.8486328
0.5800781,1
0.4980469,0.1811523
0.3666992,0.3364258
0.4023438,0.2226562
0.222168,0.2773438
0.394043,0.4887695
0.6435547,0.2504883
0.6582031,0.1557617
0.703125,0.5620117
0.371582,0.7768555
0.5507812,0.3105469
0.3833008,0.5229492
0.7001953,0.1352539
0.3085938,0.8535156
0.5541992,0.7607422
0.4248047,0.8085938
0.5439453,0.8046875
0.2998047,0.9453125
0.3720703,0.2138672
0.6630859,0.02050781
0.1665039,0.5297852
0.4257812,0.4101562
0.3598633,0.8295898
0.4091797,0.2954102
0.4360352,0.5458984
0.4111328,0.237793
0.5610352,0.2563477
0.2895508,0.4697266
0.3208008,0.8500977
0.09082031,0.315918
0.6069336,0.3657227
0.5961914,0.4868164
0.4365234,0.2099609
0.4018555,0.5244141
0.4189453,0.8374023
0.4868164,0
0.1870117,0.5253906
0.2749023,1
0.5942383,0.2734375
0.3979492,0.8974609
0.3549805,0.2719727
0.3759766,0.4716797
0.440918,0.7983398
0.2641602,0.9169922
0.4599609,0.7734375
0.2382812,0.4892578
0.4633789,0.5273438
0.2709961,0.3476562
0.3984375,0.3740234
0.1796875,0.5151367
0.4331055,0.793457
0.3979492,0.769043
0.1538086,0.7958984
0.4165039,0.5234375
0.5615234,0.7666016
0.2661133,0.4140625
0.3198242,0.4658203
0.3725586,0.3515625
0.6738281,0.2680664
0.4199219,0.1899414
0.2148438,1
0.3984375,0.6381836
0.4848633,1.000488
0.4047852,0
0.4106445,0.7939453
0.3862305,0.5361328
0.4482422,0.8217773
0.421875,0.1499023
0.418457,0.5898438
0.3564453,0.4169922
0.6713867,0.737793
0.609375,0.6728516
0.1098633,0.5566406
0.3847656,0.008300781
0.5273438,0.9375
0.5756836,0.722168
0.5229492,0.1738281
0.5200195,1
0.2905273,0.871582
0.6425781,0.2294922
0.4858398,0.3027344
0.2265625,0.6879883
0.5317383,0.06396484
0.4829102,1.000488
0.5078125,0.3061523
0.3540039,0.5048828
0.293457,0.3149414
0.7573242,0.1831055
0.7158203,0.1274414
0.5229492,0
0.4960938,0.5405273
0.4575195,0.230957
0.2353516,0.7768555
0.2666016,0.6762695
0.4550781,0
0.2119141,0.6547852
0.5888672,0.2646484
0.5302734,0.7758789
0.3076172,0.2407227
0.2670898,0.6489258
0.59375,0.324707
0.3266602,0.4736328
0.6538086,0
0.5112305,0.293457
0.5581055,0.7573242
0.4589844,0.1733398
0.5009766,0.5751953
0.277832,0.15625
0.4057617,0.5244141
0.2558594,0.2519531
0.5336914,0.5043945
0.2197266,0.07128906
0.2939453,0.1796875
0.159668,0.96875
0.4492188,0.6245117
0.5698242,0.04150391
0.6245117,0
0.6655273,0.4692383
0.4155273,0.9990234
0.1518555,0.2485352
0.3813477,0.7197266
0.46875,0.6123047
0.2456055,0.7236328
0.2617188,0
0.6342773,0.5654297
0.7119141,0.5859375
0.3647461,0.8574219
0.4453125,0.4638672
0.2329102,0
0.7651367,0.7495117
0.3793945,0.2421875
0.2954102,0.7495117
0.5478516,0.3251953
0.3632812,0.4272461
0.4858398,0
0.3286133,0.7475586
0.3989258,0.7890625
0.4887695,0.1972656
0.6264648,0.4038086
0.5117188,0.734375
0.2792969,0.8618164
0.4199219,0.5761719
0.5908203,0.3549805
0.5126953,0.6049805
0.5107422,0.2954102
0.2910156,0.293457
0.7158203,0.1616211
0.3300781,0.2851562
0.5004883,0.3491211
0.3652344,0.5385742
0.5488281,1.000488
0.1000977,0.1914062
0.5610352,0.4658203
0.2783203,0.4677734
0.4916992,0.6831055
0.6376953,0.387207
0.4960938,0.5644531
0.3046875,0.7836914
0.265625,0.3354492
0.2666016,0.6791992
0.5214844,0.1049805
0.4291992,0.4238281
0.4550781,0.3491211
0.5317383,1
0.3364258,0.6162109
0.3398438,0.355957
0.206543,0.6738281
0.480957,0.2270508
0.3916016,0.5390625
0.4228516,0.004394531
0.6230469,0.6547852
0.6074219,0.7866211
0.3139648,0.7021484
0.6220703,0.1025391
0.5146484,0.4868164
0.4697266,0.9570312
0.3041992,0.6328125
0.2758789,0.4003906
0.3911133,0.4726562
0.6567383,0.3579102
0.5332031,0.7333984
0.3041992,0.6479492
0.2246094,0.7001953
0.5986328,0.734375
0.3588867,0.878418
0.5141602,0.9384766
0.7446289,0.06591797
0.3691406,0.2646484
0.3598633,0.4150391
0.4785156,0.7148438
0.515625,0.6264648
0.7231445,0.1572266
0.6518555,0.4580078
0.7163086,0.4003906
0.3012695,0.6806641
0.4887695,0.1616211
0.3974609,0.6918945
0.2094727,0.4863281
0.5673828,0.796875
0.1606445,0.6914062
0.4599609,0.6225586
0.5048828,0.2993164
0.6328125,0.4580078
0.2680664,1
0.5957031,0.515625
0.3310547,0.5219727
0.4365234,0.1650391
0.7324219,0.2353516
0.1860352,0.3432617
0.3071289,0.7714844
0.2089844,0.1860352
0.3256836,0.2016602
0.7490234,0.2539062
0.6420898,1.000977
0.5458984,0.3491211
0.3408203,0.8681641
0.2529297,0.1245117
0.4931641,0.421875
0.6191406,0.1972656
0.378418,0.1806641
0.2460938,0.559082
0.4414062,0.7202148
0.3525391,0.7338867
0.3237305,0.7783203
0.5170898,0.7275391
0.3945312,0.809082
0.3710938,0.09423828
0.3027344,0.5834961
0.4770508,0.2402344
0.2402344,0.7797852
0.4658203,0.2519531
0.3823242,0
0.5869141,0.8076172
0.2514648,0.3974609
0.5029297,0.3334961
0.2680664,0.7832031
0.6064453,0.1743164
0.4975586,0.2480469
0.5214844,0.3525391
0.7456055,0.3608398
0.40625,0.7075195
0.3295898,0.07910156
0.3398438,0.6064453
0.534668,0.5878906
0.4418945,0.6010742
0.6445312,0.8364258
0.4350586,0.3105469
0.1962891,0.6689453
0.425293,0.3129883
0.3476562,0.84375
0.4438477,0.2431641
0.6416016,1.000488
0.3920898,0.4995117
0.296875,0.1811523
0.3793945,0.03369141
0.5375977,0.2944336
0.3061523,0.9047852
0.5029297,0.5385742
0.121582,0.9428711
0.2900391,0.6899414
0.1557617,0.2978516
0.5395508,0.7167969
0.3969727,0.878418
0.5625,0.5708008
0.4179688,0
0.4013672,0.8461914
0.6113281,0.6694336
0.4125977,0
0.2666016,0.644043
0.5117188,0.7260742
0.3837891,0.3452148
0.2919922,0.8613281
0.1938477,0.1767578
0.253418,0.7963867
0.4692383,0.2524414
0.6801758,0.8017578
0.3920898,0.7524414
0.4418945,0.8442383
0.3955078,0.4331055
0.3193359,0.8056641
0.3828125,1
0.4350586,0.6518555
0.5615234,0.6245117
0.121582,0.3740234
0.3271484,0.7485352
0.4990234,0
0.4711914,0.6591797
0.4780273,0.5039062
0.3237305,0.480957
0.5180664,0.8173828
0.4814453,1
0.4248047,0.1674805
0.3071289,0.8056641
0.5844727,0.5859375
0.2392578,0.4453125
0.5205078,0.6606445
0.355957,0.8608398
0.2573242,0.09277344
0.5766602,0.6489258
0.09521484,0.6943359
0.4213867,0.1694336
0.3164062,0.7602539
0.5258789,0.199707
0.362793,0
0.4487305,0.449707
0.5947266,0.7939453
0.3261719,0.6005859
0.1391602,0.6000977
0.7255859,0.8173828
0.3911133,0.3447266
0.4418945,0.8056641
0.5551758,0.8657227
0.1030273,0.3115234
0.1464844,0.9995117
0.6245117,0.1606445
0.1333008,0.9990234
0.4228516,0.6020508
0.4711914,0.5102539
0.3374023,0.1938477
0.5043945,0.1918945
0.5673828,0.703125
0.6376953,0.2758789
0.5883789,0.2519531
0.1708984,0.6254883
0.206543,0.6943359
0.5029297,0.3862305
0.3012695,1.000488
0.5991211,0.703125
0.4501953,0.8447266
0.1010742,0.9995117
0.5322266,1.000488
0.3544922,0.3598633
0.4604492,0.5283203
0.4335938,0.1557617
0.5629883,0.07421875
0.7036133,0.8339844
0.3671875,0.2631836
0.5751953,0.6933594
0.3808594,0.5454102
0.3862305,0.9487305
0.2446289,0.2353516
0.6123047,0
0.4145508,1
0.5380859,0.3139648
0.5732422,0.3364258
0.4130859,0.4477539
0.1318359,0.7509766
0.2705078,0.3510742
0.3613281,0.7915039
0.2133789,0.8110352
0.190918,0.590332
0.5703125,0.5913086
0.5449219,0.7626953
0.4702148,0.6523438
0.1342773,0.3535156
0.7001953,0.7817383
0.331543,0.7006836
0.4189453,0.3222656
0.2817383,0.7592773
0.3984375,0.8115234
0.2753906,1
0.581543,0.1533203
0.5917969,0.6264648
0.2192383,0.5463867
0.4677734,0.5820312
0.6894531,0.5654297
0.5214844,0.5449219
0.690918,0.03710938
0.6430664,0.3198242
0.3291016,0.7709961
0.5644531,0.4355469
0.3447266,0.8051758
0.09130859,0.04296875
0.3032227,0.5703125
0.3466797,0.8540039
0.503418,0.1362305
0.3461914,0.8413086
0.3994141,0.3173828
0.5185547,0.7456055
0.4394531,0.1782227
0.3266602,1.000488
0.4160156,0.4570312
0.5537109,0.8701172
0.3344727,0.793457
0.5507812,0.6875
0.2988281,0.871582
0.4282227,0.3476562
0.3774414,0
0.4814453,0.2055664
0.4384766,0.8408203
0.3583984,0.309082
0.3764648,0.8710938
0.265625,0.7539062
0.3129883,0.3149414
0.3823242,0.6616211
0.5952148,0.5253906
0.4233398,0.1411133
0.5292969,0.2114258
0.5117188,0.565918
0.6303711,0.2993164
0.4042969,0.5834961
0.3500977,0
0.7021484,0.4404297
0.6552734,0.5102539
0.605957,0.565918
0.4038086,0.7993164
0.5263672,0.7431641
0.5976562,0.07568359
0.2290039,0.6328125
0.4228516,0.8081055
0.2148438,0.40625
0.3393555,0.03222656
0.4321289,0.1660156
0.4111328,0
0.2670898,0.222168
0.28125,0.6655273
0.652832,0.2490234
0.2285156,0.6616211
0.3144531,0.008789062
0.3334961,0.2021484
0.300293,0.5214844
0.527832,0.3818359
0.5737305,0.7915039
0.387207,0.9091797
0.3481445,0.7734375
0.4790039,0.7241211
0.7163086,1.000977
0.3706055,0.3554688
0.3491211,0.5947266
0.5786133,0
0.6723633,0.3481445
0.6113281,0.3266602
0.402832,0
0.4379883,0.262207
0.6333008,0.699707
0.6357422,0.7099609
0.3955078,0.6298828
0.7255859,0.3305664
0.3110352,0.3032227
0.315918,0.4985352
0.2285156,0.6108398
0.5258789,0.5244141
0.4477539,0.2548828
0.2519531,0.05615234
0.387207,0.7495117
0.4135742,1.000488
0.4541016,0.1391602
0.5644531,0.262207
0.5771484,0.4643555
0.4599609,0.1538086
0.2792969,0.8569336
0.4711914,0.6083984
0.4394531,0.1665039
0.4838867,0.1928711
0.2275391,0.7421875
0.3754883,0.2192383
0.1762695,1
0.6201172,0.9042969
0.4638672,0.8837891
0.1420898,0.09521484
0.684082,0
0.2490234,0.2651367
0.605957,0.0390625
0.3354492,1.000977
0.5820312,0.9838867
0.5107422,0.8300781
0.7436523,0.09277344
0.2905273,0.5610352
0.1948242,0.7290039
0.3959961,0.9990234
0.4770508,0.8330078
0.6992188,0.9296875
0.4804688,0.7270508
0.5439453,0.8061523
0.5415039,0.2568359
0.3120117,0.2558594
0.4150391,0.6542969
0.5751953,0.7119141
0.5131836,0.5571289
0.4072266,0.08349609
0.2387695,0.4658203
0.3793945,0.6123047
0.640625,0.8535156
0.4946289,0.640625
0.4443359,0.5981445
0.2314453,0.2983398
0.4335938,0.546875
0.5332031,0.300293
0.1518555,0.1757812
0.234375,0.4316406
0.4199219,0.9980469
0.7924805,1.000977
0.2353516,0.5253906
0.4023438,0.3925781
0.7104492,0.3613281
0.6132812,0.1918945
0.3896484,0.6328125
0.5395508,0.2373047
0.2246094,0.6694336
0.519043,0.7133789
0.4384766,0.4663086
0.3862305,0.1401367
0.65625,0.8134766
0.4282227,0.7485352
0.2416992,0
0.4296875,0.4248047
0.3754883,0.2939453
0.6186523,0.3232422
0.1660156,0.8549805
0.5463867,0.4702148
0.3852539,0.578125
0.2119141,0.6157227
0.7177734,0.7924805
0.4418945,0.3925781
0.5429688,0.7709961
0.4868164,0.1782227
0.2758789,0.8022461
0.3344727,0.2856445
0.7216797,0.4272461
0.3657227,0.4492188
0.3476562,0.1572266
0.3911133,0.5585938
0.7993164,1.000977
0.5,0.3300781
0.3574219,0.1748047
0.4985352,0.2441406
0.7949219,0.706543
0.1230469,0.1079102
0.453125,0.2299805
0.4165039,0
0.5732422,0.7861328
0.394043,0.6762695
0.4794922,0.04882812
0.3886719,0.7958984
0.5488281,0.730957
0.5581055,0.5229492
0.5942383,0.5991211
0.421875,0.5004883
0.206543,0.4091797
0.1972656,0.1713867
0.3930664,0.2998047
0.2573242,0
0.3452148,0.7700195
0.2988281,0.2138672
0.5234375,0.1240234
0.6220703,0.3417969
0.6269531,0.8930664
0.175293,0.04931641
0.2929688,1.000488
0.3022461,0.6523438
0.5141602,0.2680664
0.3149414,0.8173828
0.2836914,0.2729492
0.5581055,0.6455078
0.4165039,0.2299805
0.5200195,0.4584961
0.3842773,0.7670898
0.7070312,0.5273438
0.5302734,0
0.2861328,0.7807617
0.3398438,0.7060547
0.3862305,0.5849609
0.5737305,0.4414062
0.7133789,0.3515625
0.4707031,0.730957
0.5771484,0.8979492
0.3730469,1.000488
0.284668,0.3300781
0.6225586,0.8164062
0.1899414,0.1801758
0.5302734,0.6000977
0.5361328,0.5234375
0.637207,0.7280273
0.1098633,1
0.6508789,0.001953125
0.4628906,0.6040039
0.6113281,0.4008789
0.4130859,0.4135742
0.4492188,0.3701172
0.7299805,0.06835938
0.5424805,0.5756836
0.3662109,0.4038086
0.3769531,0
0.3139648,0.2084961
0.6191406,0.5639648
0.6005859,0.7822266
0.3847656,0.1044922
0.3408203,0.5541992
0.2719727,0.4995117
0.5888672,0.3574219
0.4619141,0.4780273
0.3452148,0.7021484
0.6674805,0.9321289
0.6088867,0.6557617
0.4399414,0.4326172
0.4575195,0.2075195
0.3813477,0.4086914
0.5942383,0.6103516
0.5390625,0.4648438
0.5532227,0.2416992
0.5820312,0.675293
0.331543,0.6928711
0.2446289,0.2363281
0.2509766,0.3242188
0.7163086,0.6835938
0.543457,0.07958984
0.2070312,0.640625
0.3447266,1
0.4365234,1.000488
0.07080078,1.000488
0.5170898,0.008300781
0.7519531,0.2670898
0.4536133,0.6005859
0.4663086,0
0.3256836,0.2016602
0.4697266,0.2158203
0.4487305,0.8286133
0.6293945,0.4365234
0.3652344,0
0.4526367,0.3989258
0.7460938,0
0.3896484,1.000488
0.5615234,0.6552734
0.3085938,0.4628906
0.2524414,0.1738281
0.3652344,1.000488
0.4584961,0.8666992
0.6992188,1.000488
0.3916016,0.284668
0.5053711,0.7636719
0.2285156,0.1313477
0.3564453,0.2446289
0.1386719,0.7124023
0.1542969,0.4384766
0.347168,0.4174805
0.09179688,0.96875
0.3793945,0.6943359
0.2568359,0.9194336
0.1542969,0.4023438
0.777832,0.8022461
0.2543945,0.456543
0.184082,0.2895508
0.5043945,0.5649414
0.2924805,0.5302734
0.3808594,0.8046875
0.425293,0.8183594
0.4892578,0.453125
0.6030273,1.000488
0.2246094,0.9995117
0.5849609,0
0.1708984,0.6474609
0.1982422,0.1865234
0.5078125,0.5712891
0.1791992,0.7695312
0.1982422,0.8393555
0.4379883,0.3085938
0.7270508,0.03955078
0.5541992,0
0.09375,0.09619141
0.4516602,0.7324219
0.3867188,0.5922852
0.1376953,0.637207
0.387207,0.6538086
0.2050781,0.4633789
0.4213867,0.3925781
0.4477539,0.4770508
0.6391602,0.7700195
0.6826172,0.5947266
0.2597656,1.000488
0.4082031,0.809082
0.1713867,0
0.324707,0.6088867
0.2851562,0.08447266
0.5073242,0.449707
0.1464844,0.8505859
0.3012695,0.8139648
0.5532227,0.612793
0.4536133,0.5297852
0.40625,0.4023438
0.4135742,0.1826172
0.4643555,0.08740234
0.2456055,0.4375
0.3496094,0.3359375
0.5107422,0.7148438
0.3100586,0.4433594
0.5185547,0.8486328
0.4985352,0.409668
0.3085938,0
0.4882812,0.1591797
0.5629883,0.2167969
0.3925781,0.3203125
0.6367188,0.7011719
0.3227539,1
0.5986328,0.1445312
0.2475586,0.2480469
0.5170898,0.3427734
0.4658203,0.3720703
0.4438477,0.6342773
0.4609375,0.3144531
0.5317383,0.9936523
0.3520508,1.000488
0.5512695,0.3549805
0.5561523,0.06494141
0.3398438,0.7895508
0.5537109,0.7871094
0.6201172,0.2797852
0.4052734,0.3608398
0.6005859,0.2055664
0.4238281,0.2480469
0.5742188,0.6928711
0.3647461,0.4018555
0.6860352,0
0.465332,0.6899414
0.6289062,0.05908203
0.7080078,0.3764648
0.4863281,0.5874023
0.5444336,0.2880859
0.6098633,0.3193359
0.2329102,0.4345703
0.2749023,0.2060547
0.4458008,0.4643555
0.2529297,0.1245117
0.4609375,0.390625
0.4882812,0.7485352
0.2285156,0.3925781
0.3867188,0.4921875
0.3295898,0.6923828
0.6386719,0.4067383
0.1708984,0.5678711
0.4130859,0.3271484
0.6489258,0.3183594
0.4135742,0.1523438
0.5219727,0.5161133
0.3696289,0.6479492
0.4667969,0.4160156
0.3364258,0.8432617
0.371582,0.7275391
0.4555664,0.1816406
0.7026367,0.8852539
0.4345703,0.2373047
0.3691406,0.6577148
0.4916992,0.1728516
0.3125,0.7138672
0.34375,0.7856445
0.7026367,0.8852539
0.46875,0.8134766
0.277832,0.5664062
0.1987305,0.5483398
0.6015625,0.7744141
0.3994141,0.7119141
0.3657227,0.4492188
0.5756836,0.5366211
0.3862305,0.3041992
0.3725586,0.3515625
0.3818359,0.2963867
0.4116211,0.2236328
0.4951172,0.8178711
0.3735352,0.4667969
0.6259766,0.4052734
0.6508789,0.3613281
0.359375,0.7021484
0.4228516,0.3793945
0.3295898,0.6962891
0.6025391,0.7773438
0.5463867,0.7265625
0.4345703,0.8500977
0.2514648,0.5263672
0.6206055,0.7856445
0.5708008,0.6577148
0.6220703,0.6376953
0.5380859,0.5068359
0.5698242,0.1489258
0.3789062,0.3120117
0.2138672,0.1777344
0.3613281,0.7597656
0.4516602,0.7324219
0.4941406,0.6269531
0.3515625,0.2338867
0.5170898,0.684082
0.5297852,0.4990234
0.5263672,1.000488
0.7158203,0.009277344
0.1958008,0
0.4487305,0.5644531
0.6757812,0.1772461
0.5332031,0.3027344
0.5170898,0.2041016
0.6445312,0.7680664
0.2421875,1.000488
0.1660156,0.5327148
0.3198242,0.3803711
0.3691406,0.6489258
0.6870117,0.3554688
0.3696289,0.2207031
0.1743164,0.9111328
0.3413086,0.1503906
0.3793945,0.7490234
0.4047852,0.5200195
0.2382812,0.4912109
0.4692383,0.2128906
0.4428711,0.2900391
0.3041992,0.3095703
0.5727539,1.000977
0.5859375,0.456543
0.2163086,0.4257812
0.3574219,0.8671875
0.3608398,0.7089844
0.234375,0.4633789
0.484375,1.000488
0.1025391,0.2822266
0.4140625,0.6743164
0.5200195,1
0.1660156,0.2900391
0.6816406,0.6020508
0.4775391,0.3173828
0.6831055,0.1347656
0.512207,0.6669922
0.7207031,0
0.6201172,0
0.3227539,0.2060547
0.2524414,0.8305664
0.4287109,0
0.449707,1.000488
0.3881836,1.000488
0.3691406,0.277832
0.597168,0.7363281
0.6245117,0.1606445
0.2583008,1
0.3374023,0.5512695
0.6010742,0.7670898
0.5986328,0.328125
0.3862305,0.5952148
0.3950195,0.6894531
0.4130859,0.8613281
0.605957,0.0390625
0.2236328,0.7397461
0.362793,0.4799805
0.2275391,0.8056641
0.1274414,0.02246094
0.7226562,0.4584961
0.5898438,0.2666016
0.5625,0.3071289
0.6533203,0
0.3139648,0
0.6616211,0.6157227
0.190918,0.8671875
0.4726562,0.440918
0.7558594,0.7314453
0.2578125,0.2988281
0.3525391,0.8217773
0.7387695,0.7583008
0.5419922,0.8886719
0.6020508,0
0.5058594,0.3481445
0.4746094,1
0.3999023,0.3154297
0.3588867,0.8657227
0.7084961,1.000977
0.440918,0.4716797
0.4599609,1.000488
0.4057617,0.3979492
0.3393555,0.3833008
0.5185547,0.5400391
0.5273438,0.6635742
0.199707,0.1191406
0.449707,0.3432617
0.440918,0.5385742
0.5678711,0.1586914
0.2670898,0.5585938
0.5,0.3100586
0.2910156,0.6894531
0.3017578,0.6342773
0.3984375,0.3154297
0.3696289,0.4008789
0.3027344,0.675293
0.3110352,0.230957
0.4155273,0.324707
0.5131836,0.1606445
0.1025391,0.2822266
0.4619141,0.644043
0.3979492,0.6904297
0.5273438,0.6889648
0.3496094,0.765625
0.6772461,1.130371
0.512207,0.7114258
0.496582,1.000488
0.2900391,0.574707
0.5698242,0.7285156
0.3173828,0.4204102
0.4990234,0.4160156
0.2333984,1
0.4892578,0.5390625
0.3027344,0.7724609
0.6416016,0.8447266
0.144043,0
0.4360352,0.3447266
0.2817383,0.7636719
0.4799805,0.5908203
0.5053711,0.1601562
0.2285156,0.1318359
0.3833008,0.2084961
0.4331055,0.3901367
0.1894531,0.5253906
0.1074219,0.1391602
0.3837891,0.809082
0.4609375,0.6235352
0.6982422,0.4931641
0.4042969,0.2514648
0.2729492,0.8242188
0.137207,0.6108398
0.3486328,0.6025391
0.2436523,0.7827148
0.421875,0.7788086
0.3554688,0.8637695
0.5996094,0
0.1074219,0.137207
0.2646484,0.2749023
0.2519531,0.2148438
0.4697266,0.2612305
0.4677734,0.515625
0.3164062,0.7509766
0.2851562,0.3925781
0.409668,0.3222656
0.5439453,0.9433594
0.5830078,0.7817383
