0.24188964027761717,0.30754202027257804
0.5688872628969981,0.4670150007130154
0.35349965921815585,0.678354824301671
0.3764814028588064,0.4722198051326991
0.45569181297551165,0.3822315034261834
0.2921161711110942,0.6873643875034219
0.561241595146257,0.24755166309301302
0.37173442333649165,2.0090208607825844e-08
0.622588654090797,0.4921033194094946
0.45864502654987227,0.5189485150130935
0.5878745856778922,0.7356093352496877
0.39708067229358557,0.03206471687937551
0.4215651640694422,0.2196729951383709
0.3569829748506943,0.8575257539154286
0.5469195341948945,1.1193602489356635e-08
0.48118638490473575,0.42257601356187635
0.6946226195521037,0.27493486674137557
0.48882443087426175,0.265961039912888
0.530679152401786,3.2607346156510175e-08
0.36688424366633576,0.4985146804381273
0.2555140894000245,0.5900832600620909
0.13607014799356376,0.7449993553697674
0.6168210529302924,0.2349100072657535
0.7488886964504569,0.2537060082670841
0.43116015857125634,0.15621922613952677
0.6199873509430693,0.6069443589149799
0.46037522642222717,0.3964382454677242
0.7645726937839896,0.559521671509696
0.5465201728528495,0.6155474669519911
0.613975162246934,0.2951303661199063
0.6845342311938305,0.5786504213988373
0.16528054368157186,0.6439727236254065
0.3841104573266745,0.26473059095236096
0.7518035862227106,0.5429657062295732
0.4283376595178874,0.49819214502414155
0.6100068708090305,0.39217005167713737
0.36054831537503773,0.3774118031660336
0.3701296186368963,0.18636178633696332
0.20055715685124698,0.28973072707936964
0.49583552949827947,0.7003005740423802
0.4104393360458709,0.3035041455957703
0.2554572799151176,0.6228355483907038
0.4178038864467273,0.4425906838112219
0.21257746397288546,3.096581835393408e-08
0.5151331663327063,0.2504825303778233
0.24128072475859064,0.2868632047834012
0.5573357243709789,0.4115765382163161
0.48860359867666725,0.8296383589817005
0.5505278639456845,0.22616476074919234
0.6413085241689411,0.9794096615881323
0.613918566514108,0.09492492338492653
0.31515091382573246,0.5662470638882411
0.47305030488851063,0.21819402380052821
0.5432198795260086,0.8219620733939088
0.39197225592648843,0.7791079383310873
0.342839091742273,0.7608745059792774
0.5369769271432188,0.3034756679554711
0.3748913754214782,0.6962534113685628
0.6094668398971796,0.313267115739297
0.6141015600148925,0.1701136360858726
0.23266098642771116,0.125706159961112
0.3456043933788018,0.2622350309935797
0.3451945406172001,0.6528445196885855
0.48725418859341785,0.07162337462989044
0.3421062845994167,0.8661866197278165
0.9096015747409028,0.40338938093995935
0.20996389082616762,0.6187203143671809
0.43106802983740566,0.6841333118652955
0.13570305625569112,0.3011997062848799
0.6848284073265076,0.44417802924359506
0.5257547491518135,0.08729591261184311
0.4617788609019664,0.3508407900631241
0.6130816652802831,0.6907521233193563
0.3886069663906424,0.3700740277386565
0.5354769927473835,0.8883840338076539
0.3466463462451759,0.9999999237063832
0.6957000129198332,0.3148082109892911
0.5624116526900402,0.3356390888160341
0.38272198660299805,0.5618569106800457
0.697879840150581,0.790622071488194
0.2759680522850254,0.1793607058001001
0.30132966902845526,0.9718182201201166
0.5121243089306211,0.2871014845668718
0.5861184375527966,0.7324418489438749
0.46938350964288755,0.5095833086815844
0.6012865253148285,0.7065169040560804
0.42625195336972643,0.68001602138499
0.14268668967476428,0.8962087002790646
0.18609300494394398,0.35398698504849335
0.3965994918401985,0.17550744731089551
0.2955055861913629,0.8608083045942152
0.40317460272148775,0.18057056431263874
0.3685780668660419,0.5519080728422097
0.37863896788710516,0.04642817737950722
0.33447771779137625,0.23945637060331393
0.3273267509906783,0.249496519874306
0.3410210252172958,0.4432873358619709
0.5903593348427081,0.46077552102325825
0.3211402884260641,0.3621077097163834
0.36245916265641576,0.28868143617940234
0.5641784433882888,0.4736324433447159
0.5718686906947017,0.9911077067967504
0.3834199045866984,0.395344187207062
0.4038756575115787,0.21809789929907097
0.5304799965285154,0.48838704235906505
0.5547361407949407,0.07396483954254407
0.5043273343770185,3.139760451631446e-08
0.45831126274116896,0.1985183590346722
0.6288857160948118,0.7528803153618888
0.667356401450844,0.6615487563772362
0.36172379396588816,0.29460802686922705
0.5281016284308246,0.9379596270497998
0.6946238848172808,0.6684189396331632
0.6213792341152189,0.7526436618210539
0.4705603573013404,0.6622037955360476
0.5377003565505718,0.9999999254162617
0.36880469313112085,0.365869940652221
0.6136417360562048,0.39154651982326527
0.435932096997234,0.4803533519395735
0.5119184876235985,0.7589881736291666
0.3230370826813518,2.94180360072005e-08
0.25175011277652093,0.48233280742671525
0.1356377661159871,0.4139486229876397
0.6059581509198568,0.5592829184162653
0.16746890920091095,0.7372980884975675
0.360124265303595,0.5022082732677688
0.3461618032032816,0.5662813508049744
0.41601496447614217,0.25210049555180447
0.17695452632194897,0.9136953245828607
0.4613099679964514,0.4982481669360723
0.12150460645765548,0.4645846706680068
0.11447599578468282,0.8325704694440113
0.6819428442150408,0.14690041764852424
0.41149275835675647,0.7323664767593208
0.3371681958256194,0.16449066248530286
0.6191107954490902,0.4231092625686479
0.36865363935661133,0.9999999288791521
0.2675397075540875,0.4415126409642589
0.41107559157635976,0.1822777293204254
0.43860552130657426,0.3225841763827937
0.1339776947736646,0.7520005417002551
0.27584876682306314,0.9999999267266624
0.3777729256537099,0.8785230717176411
0.6630913733872559,0.5951407777864333
0.3778875675220048,0.6513351082780936
0.38743960525007015,0.4345171160781973
0.30871378528601,0.8494781757504981
0.4164232225242612,0.5454317546244987
0.45210614218515177,0.9367877044552273
0.5837871652933306,0.2301952313105815
0.3023586723325731,0.2593943353572712
0.5024812003679799,0.9999999327970706
0.5228582371856989,0.43991813343707165
0.2644632988100355,3.581081386982987e-08
0.19077229918464766,0.5903961226269381
0.5399378247901527,0.14739029140585558
0.5474577315884468,0.32466026573407447
0.5201681353256853,0.16339942221959092
0.23234362440509715,0.3427214203629205
0.3520571230975831,0.5883354169566672
0.4537646849482013,0.25731479716905525
0.35668764508792306,0.7516091969376433
0.36169712766104123,0.2647200125306419
0.5352618679875585,0.40272061288339245
0.2823207807625132,0.19116125707079945
0.500899385018772,0.8934333673004922
0.29554056478148016,0.16707758445929954
0.3230712119715604,0.7762141286710502
0.12663232217097997,0.5049796786490361
0.7151495368081755,0.43451377311088635
0.4172594881779461,0.37929130287879076
0.7385122194921809,0.31021375452549904
0.34638649520621634,0.24241697627925518
0.41563474321169425,0.5549756821580338
0.48339631830911944,0.5414995954361572
0.28124412354035355,0.2732718019589342
0.23314153092374612,0.7380273759300735
0.45595959734857994,0.17548573669704126
0.6445580305581129,0.25881446756865145
0.5207292645061266,0.016353994134210126
0.4469006820167105,0.8704374331993954
0.45147588280921047,0.5801480766467364
0.372414204457892,0.5313842622327165
0.34607443903563073,0.6073220834492226
0.6677721411952633,0.2379087544534393
0.4463702626270005,0.8142539686043904
0.4118775097111058,0.3368275427647873
0.46779317673886345,0.5821100389031137
0.3964565059117371,0.3206261768575658
0.2995824922764756,0.4375643949913375
0.5717182729526433,0.7385492840415999
0.6988695032017893,0.37211668562503775
0.6129783345586408,0.39857740029862043
0.2037058415538362,0.3909372579985124
0.44213139010591584,0.5882818830198566
0.290778912218681,0.4114859784799876
0.30383539019956274,0.9999999306479204
0.44181788175589265,0.6548081882661663
0.5082944225872414,0.5011248312772985
0.42650467564161776,0.4540282515505183
0.575153818833325,0.16794691545685225
0.36315309678110097,0.2254603559040298
0.7527321963557649,0.7704296982710446
0.41549236790063526,0.734291820555864
0.5103046427987548,0.30333581522592823
0.44503016880267765,0.43764395347992746
0.5071971380962244,0.4480432870387645
0.5617925865804616,0.6553744209517163
0.4811050299134805,0.5911788874272581
0.3455062455975728,0.6421913357387616
0.34603006384342594,0.8710113053834974
0.38639501911291774,0.23336835894809838
0.38553474890751405,0.6174035644162785
0.4464985740545515,0.07025859796747369
0.3798566284552849,0.30672276175821267
0.29269232224735564,0.2850114997111106
0.41965757220445354,0.25393742492285654
0.5219011902157575,0.27947853568027625
0.4941653986703991,0.14782090013958182
0.3355917711643288,0.2744632537410965
0.34680966797141943,0.5326221517128822
0.4549614512461857,0.1979857091147359
0.15115049022771743,0.5026817478871308
0.5107284607894882,0.2875347227199576
0.549076622984702,0.2322268895905104
0.6613833295910516,0.8573051805674474
0.33802547513175396,0.6829668843200274
0.6766428897650063,0.8011475643085326
0.3324771797995991,0.30165506640897277
0.22423739933183295,0.4102607617976233
0.302944329472441,0.9928872562530273
0.410363067642189,0.8192516739052884
0.36046506435344217,0.8738302597452368
0.34651249310953736,0.3452788286528019
0.14424947161036972,0.4158993018805752
0.694636078097516,0.6041641790753722
0.33254846299085505,0.562186354315731
0.6264448643325231,0.7469159558830825
0.6702888798037017,0.9999999393649937
0.5306675255198119,0.251641700730346
0.2892888118571024,0.8134149765458396
0.34028401634215655,0.31678675810924517
0.4362877020839955,0.3139310421202559
0.1523930175460917,0.2863370251644888
0.2435187609866598,0.39291840903389286
0.6724469679226623,0.391960500076447
0.2863001059465238,0.9999999387960976
0.5383074468407272,0.331553122031913
0.5441503715901694,0.8042139099200085
0.46405344359609346,0.5629982660170576
0.6093507263616051,0.6128327577740045
0.24983871326531704,0.99999992919237
0.2609103328713971,0.42292888196111633
0.3731094909542705,0.6625048906135511
0.2721900165542457,0.4991449851910268
0.20644767582448242,0.25851122803140214
0.43473635386520826,0.5729958576486531
0.5840051060012539,0.13289103659104384
0.5605046793060025,0.3019749476610478
0.4036727041751611,0.6881764318576735
0.44137957617991397,0.4340884858620555
0.06881810475221162,0.5119417405121567
0.4873602763665037,0.7544195510067446
0.5394289903819351,0.360056079750823
0.29080254635356173,0.4118618845185722
0.27345510663514316,0.2665686986821285
0.3981353779154322,0.4527844245347019
0.7629477433261895,0.5337361248323518
0.409453059711006,0.8714826241541438
0.5415917293109063,0.7222596604284952
0.258217991550056,0.2892690788336374
0.5092135309467078,0.8004505522818874
0.3146158086394757,0.8458681740187615
0.34423591043987134,0.5910181094217464
0.4355507197258319,0.328392204503281
0.5278741039287045,0.43819188930364916
0.31410185917422107,0.32152728451234225
0.5758048435978709,0.6880890544662535
0.5045242280112769,0.9999999271781839
0.5246985782744993,0.17908654054886242
0.6117357853681238,0.42305074431561707
0.12032071903940311,0.6654721880486285
0.22621328344010694,0.41931665209258284
0.3831860389438675,0.3108021210488836
0.3576002861276488,0.47241164847517325
0.5143586907207331,1.73183636320573e-08
0.5313585350396091,0.5159637924992246
0.4141768374047783,0.35093909173384574
0.3048307048778329,0.20679383202864443
0.262576095270147,0.5235222909420365
0.18592535658416276,0.595834109496046
0.38652168045039526,0.41920115227427956
0.6167248146600666,0.7210033652184897
0.5053260404442166,0.5210304003565511
0.446033150795452,0.8448223979887075
0.6634154336889342,0.09269244677088295
0.5791394461191954,0.9999999363128858
0.17041217849144763,0.19378326093831078
0.347614248522889,0.6305309965121317
0.16302705170297793,0.9999999229761798
0.5977102296211676,0.7987718498537291
0.40831324993115414,0.8407245733559989
0.212866555043576,0.2394275516597304
0.34013655948161414,0.459967483399101
0.7164307016128904,0.5972069810976137
0.1316629180834048,0.07482403540980442
0.5767007772386719,0.25474440098860285
0.3272644452390332,0.5462556904019458
0.7133236987007074,0.7632159321005467
0.5253024396725601,0.47519108550691413
0.5078040813600921,0.3066694217109358
0.7770027997702993,0.40006237761787844
0.6567524737131314,0.5180420641839518
0.12945850081235744,0.9999999525320433
0.6506778013572028,0.17576360137192992
0.30822804578074336,0.9999999406969629
0.21537066250217896,0.9999999368473276
0.20603683377953663,0.5041939445923624
0.22159921204570043,0.7379932773876767
0.3200676054079734,0.36745963989839936
0.4421494793828331,0.41571581163664106
0.42674238181602275,7.163087900607934e-09
0.5361259552227962,0.3701552240332049
0.4095365244878386,0.30711096667473825
0.2599541318144669,0.9999999474738566
0.5024170418236285,0.2642780043281263
0.7238508583190488,0.19418072671362907
0.541220116572426,0.7172650326369165
0.3065603623817017,2.1133306660203743e-08
0.41320850786391494,3.591872044239608e-08
0.5603900112683733,3.093804323839322e-08
0.699290157036824,2.971939849771843e-08
0.24350220942557055,0.559288727892838
0.5269975198865713,0.16954896837618705
0.3051696900446119,0.5563024382480641
0.37056082096132803,0.874956499973262
0.12741628925780502,0.6957286636215514
0.4657447036364819,0.47732571349228436
0.5137074529237395,0.9999999428916304
0.49682813506295265,0.3551092914345304
0.42750211746004263,0.769947500109712
0.43757522475065214,0.99999992470309
0.6798003830986876,0.8196006967086191
0.3504312316139502,0.4486148755709962
0.31016970319152826,0.38219458310890175
0.3408731964302505,0.5513400409087161
0.4448452526617537,3.4734210174747204e-08
0.3448783125565824,0.7250217887975445
0.4551862404670919,0.24072863452181537
0.31948524781294596,0.14769788467359035
0.4442142268453333,0.6941760407871875
0.5281503655860269,0.7206820524561905
0.6064046277602975,0.790224926123571
0.2740268755774662,0.9999999369399539
0.23139712536967005,0.7135997996487369
0.47755407792071525,0.8032609347176489
0.5077056326705249,0.3364227352049305
0.48685981415363244,0.5864252335457287
0.29833676907965634,0.6048314854959251
0.3898732141618564,0.4069681311027793
0.6299678652625129,0.8243109885885254
0.6908668818621719,0.05535910421346557
0.5346209615447295,0.5216761486395569
0.4538563328668541,0.09191211783875985
0.16114189587575467,0.2764885296078958
0.28531365966555455,0.7241077940007692
0.32959742038411477,0.7204615761264321
0.44774640761970286,0.2893091657474436
0.6030694118800728,0.42997670703251245
0.24572850889839204,0.10765196082250128
0.3872473684114257,0.8038220889519394
0.3501766991653983,0.8363151240302713
0.1656487728834164,0.24069286079401664
0.3961121018595115,0.7080334874419592
0.47626343658613957,2.640451768343155e-08
0.5635661408313455,0.999999954595566
0.5612074550685975,0.8619010862070198
0.6211463036784939,0.6988148252680872
0.4173849488177308,0.14154710720481134
0.34120186918777407,0.6814816004244548
0.6158267565774045,0.11463601213134211
0.42024543660449076,0.6090936388346044
0.533803710329924,0.40304338168629883
0.6216119855253575,0.551710573836214
0.41391370658722426,0.5066103361932939
0.33709611329768663,0.999999931976788
0.207607032688367,0.9999999514470836
0.47329549492775813,0.8516019803730472
0.5671773937028202,0.2976715725129111
0.4324080953834635,0.7371585464596109
0.45671154107158385,0.2163084662242376
0.4087053139425598,0.36092402050543626
0.6275903405160359,0.5606541090176265
0.3347653914426365,0.3474054081526923
0.5064897196973446,0.723705580563692
0.5848104808346961,0.5835631681506683
0.6528043853862715,0.31273847746311745
0.20812235113117383,0.2020497968397308
0.45934288794245903,0.6497017134574854
0.15584970916789143,0.4037635849403678
0.4412030743777784,3.0045185894778115e-08
0.33561577408598176,0.8825162099245318
0.5122785216670271,0.20223986193841625
0.491638495669398,0.6052240433221705
0.3320846281763572,0.9999999365496244
0.09739271023310225,0.8380210185942971
0.41954424114745903,0.21485540614454024
0.3384802866093386,0.27812810624102013
0.3637445319389343,0.713328022494153
0.2190320999754043,0.5587281797332402
0.32725318190351294,0.2491983599220582
0.6121227758108727,3.066079656832699e-08
0.19788388979002614,0.6802558379015728
0.4710734478987879,0.7157674974088657
0.5884409089821414,0.2697954281571171
0.5315423355770132,0.47975501124611597
0.5889825302321658,0.2551894554172591
0.6229129773711746,0.6105478417536183
0.6040248868408322,0.27511318096674486
0.2664687349356982,0.25275552532270495
0.5618742998431987,0.38417858279684935
0.1659157655669734,0.9999999317604917
0.37756410251403505,0.39180114828169366
0.4222245299028371,0.776790231776527
0.21429123570843478,0.8044260952086759
0.35480714832281457,0.37814713508637965
0.3393697053627913,0.029571282183546543
0.4715297763000632,0.818727384110499
0.3640748729684127,0.4259390110138739
0.2997810560034684,2.182141400908222e-08
0.45244874819287473,0.2427288184367029
0.7157382206471046,0.44610830307268046
0.2672288586114311,0.29890756705252386
0.3397108905516468,0.3597831469573656
0.6054481366737776,0.1715913568266494
0.2132285503802489,0.4439491987332005
0.4867085696273179,0.6045172366883342
0.6228389185171253,0.12919009464165399
0.33488249744367415,0.8183230013977614
0.34906753826561454,0.3318969516996404
0.5874071387317903,0.3153257622898096
0.1887068607807838,0.99999992289262
0.2675831131412263,0.22657699056868807
0.3733182394352803,3.528989722667575e-08
0.49522303039972293,2.7306207073252153e-08
0.4321510462047988,0.18806613701697117
0.24042532275640305,2.10740225270456e-08
0.5264809148819332,0.4291371090792815
0.29845321993182017,0.7703465200188653
0.5293887313327899,0.7541941871396958
0.1428304287287796,0.8878986039576588
0.5092361883437078,2.5787311841440896e-08
0.36923130941383464,0.7305493715159557
0.4157867411760825,0.22961441461913523
0.5632654722116359,0.847977128364775
0.5608537970596608,0.47824145624980474
0.5845005937345689,0.2593243585303213
0.3545356245085669,0.7612547691450224
0.6497674759888468,0.9860570391268766
0.36117714331945194,0.16651253697962076
0.19745575009842753,0.5254148768697711
0.308635903695083,0.46975347248388744
0.14974274448269442,0.7367498896379452
0.3896127504220588,0.18999127718975117
0.3743037161227343,0.7418051512641135
0.2768000377421309,0.4182629244872693
0.458832683374911,0.9142307407656389
0.23707170376245434,0.7595998016739323
0.4911475264201961,0.9363178158795407
0.5089975538377267,0.634246241147082
0.45951556554824613,0.4824735590600113
0.0706576010176847,0.08767675043310419
0.4562789299066017,0.6287085938312273
0.41669688972666563,0.9999999233970627
0.5837737829578038,0.4114595593316679
0.2849644315247062,0.1501950508620702
0.5302301017048863,0.7004299649174968
0.46089044306210036,0.18659489916574046
0.5844994753157011,0.2560079402477058
0.4101856407075579,0.9999999224547871
0.47928136495606655,0.7270440489981773
0.4281961291540446,0.8534542026424283
0.3003921829193734,0.16228357129704918
0.3312831296797265,0.3306851343801469
0.509315921786643,3.097926892792202e-08
0.42384969060155075,0.9999999306214242
0.4546068159451955,0.3855381779045821
0.5297845938317076,0.8314954699583943
0.49062323093497096,0.5776636143174443
0.6187244095627293,0.34891018158478815
0.20951994353594383,0.4816801469193486
0.18718445923726668,0.7268662950929219
0.4500271817837249,0.16145917036506674
0.21800027836079394,0.4045072636951481
0.524508481429379,0.6798687201133724
0.40514186595516666,0.03002144709824961
0.11737834775705469,0.24893672191905836
0.4081585079095582,0.9999999234623971
0.3295869622298859,0.883473560884326
0.6182140216142886,0.35487303191267117
0.5143136891157116,0.6064465199552274
0.33916901057800475,0.22272856631220606
0.25734974184581594,0.5623481610113004
0.40099195079767735,0.28814738045578636
0.3006529813196295,0.23781801666429558
0.3648733573150529,2.961443357207827e-08
0.46511565899563534,0.4786524834960382
0.42713925076048387,0.6102964489535658
0.38756199852132234,0.24495485490448132
0.4306866117047785,2.6672136499428234e-08
0.22067645398466817,0.16873533686440823
0.24235915466353664,0.3313736953132178
0.3717895592663374,0.35857027554246557
0.33851479748021607,0.9999999318274995
0.5143534756148709,0.8091914574226884
0.5377457125398397,0.4028003119341079
0.4945880992368168,0.49095147528403515
0.32969292014094753,0.07128063872119839
0.29206446308708633,0.4191323556061697
0.28167710337966767,0.7182805208786078
0.5075277851922015,0.5217758668536483
0.3326560044568243,0.6433090425982328
0.21803830436794724,2.9498171016939523e-08
0.23045123354429942,3.185589392273869e-08
0.4142869649884897,0.6446481694583994
0.21875059500253258,0.4534332402742365
0.49840241615981995,0.5687243795427648
0.22672451757829748,0.5525690532744214
0.3509169694654939,0.5445337010885929
0.4699647434809786,0.45400980766693877
0.5581272007468523,0.42401034436822727
0.3927579174846083,0.5712492744662185
0.6292079527021719,0.05758533000939181
0.44503387724142085,0.2657154985190111
0.33166390501772636,0.47576254145855756
0.4895173707642333,0.13375996684103342
0.5227853444107211,0.33673431064132586
0.5519108312552734,0.5267701023976521
0.719567339673775,0.6304250387172168
0.5412009202630981,0.43818272739863673
0.36136404142816714,0.5262971736312991
0.46549365882821947,0.49958603969028204
0.4163418587341883,0.7419388523293797
0.4094522111218506,0.3673670962238411
0.3067532931431427,0.2838462494851157
0.6281889856330811,0.7027139406174037
0.331676479566406,0.7210520293593206
0.35298589478972,3.1575620340618116e-08
0.5449756991921975,0.5202473864548978
0.29512597463168166,0.024355036601892976
0.46690326452967046,0.39362585157958563
0.3681474445600128,0.8874595951583046
0.40375509521505615,0.2857422485424941
0.588446709979431,0.34419058110176337
0.50750840765259,0.7149680986785398
0.5181138170507871,0.616702817513822
0.14643948251936223,0.4573452952994934
0.2495440030111058,0.3565504060489495
0.42066523193581906,0.7726426678999267
0.5116326109275224,2.0918605514452793e-08
0.7451894109104344,0.1729421690113817
0.5766423931993154,0.25833674640878
0.3508329067364633,0.9760981357840883
0.7079326878007408,0.3957100736427286
0.6616088377238714,0.6101618781137219
0.3981620095636238,0.549940840722833
0.529558896725491,0.16819969157111103
0.46045063097521943,0.3199797627550254
0.449357390784066,0.8357964584356701
0.256119537197391,0.3572885412321476
0.5835542855339027,0.803727637014763
0.5862317253257627,0.716737046681466
0.2227714719549283,0.28459876232086145
0.2930832577389144,0.5181232528455872
0.15634600040992197,0.7178031499338147
0.2758997319714114,0.999999926728254
0.5598686518824936,0.3915141123897179
0.13709952076400533,0.5936040767142359
0.31498916052845694,3.0570319609068974e-08
0.4207748554495012,0.7210666462384303
0.43681255171183553,0.21135818497714354
0.22574439459195217,0.5724428728456559
0.210325172455605,0.6276606299846001
0.5137469852379875,0.8049618947577883
0.1403817057862904,0.3215507305990002
0.3322198109223602,0.7001423399446018
0.28610577390716374,0.5522873894209113
0.45806290714070785,0.47035094298403024
0.49083658761204374,0.4248598680487561
0.1989050246407329,0.7748420785064951
0.29150892852229804,0.27079743147815094
0.2231422262474747,0.6616041847669436
0.5852753913442923,0.5721972027158202
0.37162819899087296,0.3029924343540813
0.6302023818934526,0.3931109251673668
0.4298917677829057,0.2943902075364839
0.39332912368072215,0.924685587188371
0.347367625528471,0.3579597791655331
0.44488356420339237,0.7710734745502812
0.39052454825367544,0.6212793788820221
0.5307325876482576,0.25445248462031955
0.6199130871650502,0.15945761237220424
0.43557991556807885,0.582689533560572
0.15983674397669656,0.5645340562472896
0.31160652640984354,0.9671151863117231
0.3389640744926621,0.3457625539079494
0.45109934524981155,0.6010676484455324
0.5276680395462798,0.9999999232041645
0.40576889138331973,0.9999999249728546
0.3446115362646731,0.3437420897662733
0.7117446528533788,0.38588549567275976
0.588533197750166,0.7873102011621995
0.28450475734169434,0.3288654460718483
0.5307430341388217,0.9999999281416301
0.2142834787928769,0.7802841779941723
0.5122937036389654,0.6565093924860861
0.4984114203868497,0.17666249195014316
0.36649163544929086,0.7161051322732135
0.28016798251373887,0.15089810835002382
0.3045872597953716,0.3788977165304779
0.5109530137519585,0.8908231010410539
0.22612248910853028,0.8656826989062729
0.2686587489928667,0.7463051624532717
0.28448954106455693,0.7432184932373289
0.08425206257969897,0.16763235848737423
0.40551274862163167,0.971790072288929
0.4033034724232123,0.5856020352117532
0.46981306683406165,0.6905347339888408
0.4450324338679468,0.7773452396408267
0.5672284739617424,0.09812509434319949
0.33376474122897415,0.9999999256847545
0.515509818007001,0.29147715091692916
0.4681413871936604,0.3196280032755183
0.4656688137949718,0.5317218450625596
0.5329161511233056,0.5871605175442092
0.5271036996122658,0.7190411938782901
0.40066481717693314,0.10266063750693277
0.503353369605664,0.6969531557991893
0.654708061234083,0.782754481131505
0.4367932741871927,0.9999999309643997
0.24057628904218964,0.29994732948687286
0.27589922620592944,0.999999926728254
0.525012484870298,0.11388071976767122
0.5428816807566155,0.6879279110931549
0.554219728120211,0.9051691895088112
0.6647667968477529,0.6086607032998863
0.35012122756953046,0.6712707960385842
0.6793921546171386,0.3958056130643435
0.5797069268964083,0.3207264596840176
0.3447849050255356,0.7746680067619103
0.4557385276644794,0.5129682530306638
0.33727596409697824,0.25063278186768656
0.5039199612035636,0.718705052367703
0.43044786318489514,0.304361201205694
0.5474973505492504,0.9999999368084929
0.32013321262628347,0.9999999236380219
0.542547495605048,0.3997570989387107
0.6525653607675879,0.23791999951657417
0.6395849181145041,0.10867512059808249
0.21493890654268366,0.11489320658096602
0.4351312975425716,0.38133389883822844
0.566744831468605,0.5843020813409971
0.2509323232143763,0.3835796077229219
0.5012091075445628,0.533021018897923
0.3280975152064447,2.542308763509027e-08
0.4026978029525483,0.3221889940712259
0.551773062905792,0.5610710788208451
0.4638426104061235,0.7580086366466219
0.5219571087317036,0.7519203934932506
0.4940420150773548,0.46550989982610247
0.414845365437968,9.316931226521774e-09
0.3684148979276234,0.33757094718382774
0.3911812188724886,0.3446714275496561
0.2387379869377737,0.29706681403143165
0.5776641365572801,0.18549902473937152
0.7299983809222241,0.8503655864189561
0.3542517861048551,0.8079762829499231
0.42579907065150246,0.6230276661637753
0.3070804666871201,0.6130258198681595
0.65651700585593,0.35829393073885996
0.359613526509444,1.8190849715438162e-08
0.582867050349448,0.5607074208480078
0.4305670597784621,0.4937068678132839
0.5253416285990578,0.35597489735035026
0.30509027317895754,0.7158393663784999
0.7534089999160436,0.6124972693531845
0.3804401809396918,0.3922294555056496
0.39938497399273665,0.6082766476681201
0.1558375078960239,0.4457280995105286
0.38917874630734905,2.7140607983255904e-08
0.48449272753744177,0.8255072435122628
0.3684451384927625,0.732983507549978
0.3698735219606224,0.9999999319636537
0.7124831610544868,0.6031236931247257
0.4866474788517263,0.8529165648322845
0.490580824840833,0.45662629091738083
0.3730519149927747,0.2745615286732388
0.1516585296382833,0.03624922718039514
0.6100795248912165,0.5541311338570196
0.47786818929559205,2.9009886048925182e-08
0.16881828854120684,0.9999999317941572
0.46379991399349896,0.7881526071850864
0.4078014463789983,0.6108717502745726
0.10087256087581808,0.19431629309713117
0.4617763226227596,0.8226548066401804
0.1345760331143424,3.3386164943749463e-08
0.40297417193567275,0.9999999280164573
0.5660590950523741,0.02008250344837137
0.234087961216094,0.5982252707610591
0.4547076777905752,2.136567189836569e-08
0.11502275242924664,0.49369248234575736
0.4818904475572392,0.18996761869930623
0.5539439113730689,0.17774391258807398
0.6329344663613989,0.19917118069531625
0.16920523729209647,0.7709622508808778
0.298465507439575,0.7704982468356505
0.6228989786145442,0.2753146836493663
0.5808809009612612,0.37812688152225604
0.3280870047912132,2.5435184625166585e-08
0.5458075413762513,0.7586929249793108
0.29286859996464765,0.7590742309121339
0.1339471455198371,0.7683122575199981
0.4790452850291538,0.5880027133232808
0.6103740792178725,0.8759779828826844
0.6886807255466274,0.3490767945882425
0.5141634728682836,0.9999999506067461
0.35261329154870635,0.8000479726323562
0.48274506543988327,0.31712935781084894
0.5344284780503825,0.587427079456738
0.37219038514426916,0.7158547431629287
0.3262890510156802,4.8262904783769045e-09
0.33107364966728214,0.6956864203954964
0.33281432828191804,0.49745265921102444
0.41486249753429094,1.0134190375765684e-08
0.3426763496650942,0.224553977114212
0.3766361716578306,0.29464896382216565
0.4160026377690711,0.387045103056753
0.713085308023842,0.7933945492212864
0.4459936849887942,0.3292350801315571
0.46709327692234215,0.025469172243049343
0.5016929244588422,0.566454716175194
0.6305029703841467,0.6242584105994773
0.36315948967399647,0.5975507904722157
0.3762112872758183,0.8519724832592566
0.48802629518975404,0.9999999279487355
0.44142226588282796,0.22760765575542763
0.43006928709709946,0.48372634423332883
0.2848741709309479,0.851635534743675
0.42609323801319876,0.015117395918537113
0.33606151404873197,0.9458472551029722
0.5466278993246783,0.439777464033714
0.3090933332093835,0.6482241501496588
0.5440241861745876,0.689916201849428
0.43695589326220396,0.6582358800253196
0.27498641531944523,0.207853136787147
0.2441286221905563,0.5819361141133612
0.5541381680638939,0.9071012517527102
0.4934671525615757,0.9712413325832259
0.6246105367904491,0.6503472941705688
0.5275238310619623,0.02474282121079341
0.7617750634853881,0.7233468606562568
0.31329352855328674,0.46045305121874236
0.42009726049447016,0.07999284865014289
0.367633814592196,0.01636951341481918
0.30948007561531865,0.3060416874861005
0.2929181081417003,0.39102938061606807
0.4604666516718532,0.37810755305727994
0.3875596625933255,0.1797910749395335
0.4920090866418838,0.5100613929375797
0.6656042304896395,0.4560120013389728
0.5006118395873642,0.74412592757675
0.5093479563391319,0.6311779452100126
0.2704152579246011,2.887237471327353e-08
0.6735413950898144,0.15104576184152307
0.23251209084851832,0.47246278271134656
0.48890137464655536,0.9999999245557909
0.2224125640141974,0.1376846953077937
0.7848688073364825,0.9999999250852163
0.4751097539946145,0.9999999232756274
0.4512488101143304,0.23029242617896273
0.48706097703580786,0.6170692338535027
0.633300274479832,0.5485755306788676
0.4484217570307458,0.7862133532219922
0.14415623137642575,0.8378919320702671
0.3950732526473506,0.19653923647026872
0.5281201645577855,0.9373240218217305
0.40283921991162375,0.429146205046802
0.3884062635399217,0.5239358998488228
0.44807830046386066,3.2813048278512724e-08
0.24880310522609816,0.3710673182813693
0.531978513471361,0.3459638455614069
0.26601194537736683,0.5017515700425079
0.46961473442755963,0.6805964072619659
0.448136339847681,0.7826053026363731
0.5146111142238285,0.4522919921093731
0.1302247176325202,0.2924652329579551
0.3648048882523307,0.44076355387166544
0.44430271731255244,0.7893991194978902
0.5844824177891552,0.2566681142834497
0.43015897701968564,0.6164815081572392
0.15825329686186373,0.4952840902732092
0.4782772700289635,0.5227282173429231
0.43257632897863907,0.24096567392914992
0.21966840771913088,0.461785356207276
0.44147495891603716,0.7926884264829255
0.34015544868092906,0.7183948369124487
0.4507026939070813,0.6950597009382484
0.46919356173547255,0.1100043778741231
0.4740782172697644,0.32357461749872485
0.7064920353106814,0.6420418463736368
0.5086009082423302,0.8846462783384688
0.6380107511782165,0.31700249969426153
0.538813064435709,0.1537929366823505
0.26365468123002245,0.25164627877266454
0.5298330451096738,0.7486258842317071
0.6326560404240364,0.5043200987629746
0.3141205321733649,0.6990738991776588
0.4288968386326535,0.3597495828024506
0.45746401669124737,0.9458938943983775
0.45898090681714665,0.20919755119090766
0.7074416809575563,0.3655383725889081
0.6453684343584629,0.9295118285547908
0.2613630930404591,0.4221072704093842
0.33501000548020476,0.6695673550526386
0.5182141938815614,3.2834375218726564e-08
0.14840339076060394,0.4844444730406927
0.5476910013015686,0.6659869522409174
0.24309689745949248,0.6531590252188693
0.24908034188892403,0.8754739141974639
0.4557025956606706,0.25925865994165775
0.4622459776157313,0.4448208096353987
0.6454812357609123,1.7156104092919122e-08
0.21544117683882424,0.38418171981864546
0.4986069268117759,0.6486097439815453
0.6233633902840232,0.6621135951828414
0.29169939906072617,0.052236655153720335
0.49715061232121194,0.8655754561467006
0.284059341475809,0.4137605415764405
0.3721418836202788,0.5708164840876329
0.20163761493465593,0.2901676653318006
0.2928439353929524,0.5625719307649568
0.45075069897920894,0.7894490123087756
0.5090512649653149,0.9999999314670127
0.2638810305905732,0.563581527885276
0.2465543110585826,0.3919459260198046
0.23227562732267915,0.4899290313282627
0.31768766863171827,0.6488688103006233
0.5643968645395052,3.5872325554464624e-08
0.18954202914188611,0.006370023237092681
0.550802919690768,0.2213670860770165
0.20284856377781457,0.8277157854404678
0.4990044984296005,0.4062170827642575
0.5244980076349814,0.18045175665314872
0.7391460253330724,0.766462227074399
0.23335494791166056,0.28803881677646004
0.7175855519439573,0.459199746334253
0.5355774845049215,0.3595208537771981
0.3882879431258477,0.36614035296523184
0.5465982400522158,0.786586887190829
0.23560419136437138,0.7697107984358098
0.5436372472933271,3.5244859475369594e-08
0.3803460799080689,0.05691452677203657
0.40898562222887813,0.5174486999871917
0.180140129454891,0.8573938106161201
0.3776644783348746,0.45824496775038526
0.5145669413288951,0.5168315527239322
0.5190761000872928,0.2968383120829259
0.247557650103285,0.39043502629256466
0.3384713024911665,0.1931954361867234
0.3573032038940065,0.5668267374440283
0.48194766309931625,0.7924395165982254
0.19121180746641286,0.8048524463618634
0.17693340043206218,3.244961988002615e-08
0.1953099326814054,0.7317466765494558
0.29290218022752823,0.7294658782140964
0.4654981279695609,0.5098059639722976
0.3869738033795409,0.5826563081711384
0.3240334791446644,0.9999999474994006
0.4508303572933383,0.6222694871430932
0.44704494733041233,0.8061184776402115
0.374872740538958,0.476255032024298
0.28548081924431257,0.999999931578742
0.49997679008955,0.5790229827480537
0.3310000560003501,0.4351191877277216
0.32970944667510915,0.5092437529885352
0.5581811570719024,0.6315251539954296
0.26070478897673244,0.409053534754527
0.404985692545456,0.5661481640978678
0.4843646889134554,0.0346753355827758
0.3653794180051082,0.2506085391086046
0.627813369724425,0.15938472772167245
0.5213419164523274,0.03332471269269277
0.15190519865576446,0.7527011328599862
0.4615704915168184,0.829318718248679
0.6401246731218575,0.268221896676085
0.5098414462697844,0.5402401042529696
0.38280562963801357,0.258138088818189
0.5208688421209158,0.39533361290498803
0.5168544034213354,0.7165375376913659
0.5938556743759471,0.13466667164904678
0.4577739886436527,0.2082347483564746
0.3311957652876809,0.806905353763419
0.21804028777389384,0.22138188370885103
0.3054045348421788,0.8743305346111399
0.23346936816026886,0.5876138002034637
0.3980674906852322,0.603325038779051
0.3288735231908002,0.39455007091487815
0.2535731782634003,0.6407564312578415
0.5719279867928644,0.5361547264729758
0.20916476644746984,0.2913960301657461
0.46534814778156575,0.5127030747830439
0.37235117028302867,0.7170643558091214
0.69938533525715,0.24636934791778486
0.38939351375160136,0.48712366571166044
0.3765369681202353,0.5797868206272092
0.5959209776690564,0.30315831724919207
0.2730010887483427,0.5044743570338568
0.5282588140878892,0.5142684653956024
0.5924372968137597,0.8461135994445641
0.5288614046806992,0.2883510784255492
0.567998309420175,0.5839275909640627
0.2349319545485784,0.8423314802080952
0.09484257312650257,0.8700138326379339
0.4507725867905532,0.2940913738792901
0.567696034329574,0.5619666744798941
0.33830004212491804,0.16483511771257753
0.4154865326269901,0.28882231392721636
0.2872444683479216,0.5483789789784197
0.5800607876864068,0.7028194697535142
0.3992519716852816,0.4871238027604399
0.26959140711566665,0.34948869677180383
0.4858027739336497,0.3423870809820073
0.4186360522620669,0.7374528204879915
0.6611746984579954,0.5960995469836483
0.40351822273226956,0.8068546883783227
0.4885914103169644,0.3575759633277116
0.2721683374517414,0.0584068743702133
0.3510942623860762,0.5851335924543157
0.17412346061861061,0.49650696856698673
0.14443027905627215,0.4713301840285702
0.4638842214665351,0.19929918713577166
0.42335833514495347,0.36284520769832795
0.4402641846685169,0.3136746251503233
0.2773961394291624,0.4241980917305881
0.16122779923475639,0.5358699182252131
0.4849415396025494,0.5096530673227271
0.4105308074181311,0.7225417569820749
0.4142319589431813,0.3228208834694719
0.6331015121232983,0.6348492370786474
0.6073056583196141,0.5608977678126159
0.46364759495736774,0.7426397651202059
0.5206870470032126,0.744984076641245
0.5188871398254555,0.2762060545968801
0.34522465202954145,0.7690534080107874
0.39399467089633555,0.48085041537040496
0.38790610057051467,0.46715072464198926
0.3388672851834946,2.412319233258131e-08
0.4089487468806188,0.36818002129282235
0.4165301494210727,0.7855822879377392
0.34951431710842895,0.5040190511674325
0.3138812963074229,0.18163034888806706
0.24415267049391254,0.2563230722449603
0.38412003213463564,0.42491963654631704
0.3272244701605995,0.7870631465215467
0.4999844111747196,0.24204433413902393
0.3840786672364227,0.08778497653925754
0.33859482580835465,0.5505046804387312
0.3499729473145088,3.35730163669723e-08
0.43782144583702776,0.9999999247679412
0.20297375441061627,0.9159613875936294
0.424539418976968,0.5165894469967611
0.27796383063718677,0.9034244681319805
0.4700010938262036,0.43520223472062014
0.3699221149157417,3.5510325346876925e-08
0.17122234032845185,0.14065822614132273
0.4499552439657504,0.5495496522143135
0.4307018224095658,0.49397965418102885
0.41571640406022947,0.3061080615932781
0.6634039429865326,0.5658017608883199
0.6216074855798555,0.07106843175483135
0.5622164491480897,0.33144201223673875
0.5367937082786516,0.28613460122623735
0.527592230495975,0.6623401389485899
0.45886440572974685,0.35954823327788077
0.2728235092778588,0.29759209183054836
0.5763684440359431,0.24266729094195938
0.31584387391943247,0.5580761400800824
0.33612401070165143,3.315053831443038e-08
0.4876614446226575,0.7178551651633214
0.7068029247617882,0.6430723542075647
0.5216180532959998,0.9999999339402841
0.31741291407797423,0.5584132467786311
0.4573688932697699,0.3320867704791084
0.43886668039669274,3.44348372038894e-08
0.45161975073494887,0.8432595763066146
0.4875317136819737,0.731256454377565
0.5314070086597189,0.31450993823551343
0.3543253639767201,0.5968191072214992
0.3001390497827927,0.19106375946611465
0.327479407051102,0.7318383283048604
0.18283753557115068,0.6571323959594544
0.7946711465784513,0.10808057125966286
0.35637591293665816,0.4748798686273865
0.3745019045561504,0.5212238904907096
0.2990185765054423,0.5660815174025515
0.27959161972164903,0.8104557339633978
0.37431238449826587,0.35275967187424584
0.4481206306477641,0.4531432198774361
0.3622920614769769,0.2616342456745855
0.6357883027342393,0.357528445443247
0.31705242968616965,0.5489272092498148
0.516794724756191,0.6862183225465053
0.4018798664336303,0.6987462599390568
0.44150002157375257,0.7935394070999493
0.6523340814667731,0.7751199451907134
0.23494490154036551,0.8422591512357656
0.4482731337583705,0.7290286891240321
0.47068301575016847,0.7297122205493203
0.21265772228924407,0.26419411077744925
0.4014597584599864,0.1234475151110992
0.6366469368957302,0.7087175883979739
0.593208141699082,0.4948282853772312
0.6366504781555693,0.7085235058309323
0.1419776670201034,0.42406378974868986
0.14211919343711754,0.42415163767552144
0.5460983706747298,3.5879963888874045e-08
0.44931655603341625,0.6801019139907574
0.6195330644090644,0.10993936542478622
0.5292175404018149,0.37874417577400266
0.3996203324550964,0.9999999287528674
0.4633188028778954,0.2555703365255546
0.38442795582823397,0.33224766631623837
0.6452522405857684,0.42067844299165813
0.3149788203157593,0.5591249086276981
0.5295908321250016,0.7191857331093772
0.7252613386816908,0.6742705599519425
0.4472845732223374,0.4709002188231466
0.6607573109036005,0.49475106568029403
0.3567683635509695,0.27944406448776604
0.18993162175864375,0.7654519795346957
0.49787495886058153,0.8719846795135702
0.3785332745910006,0.8749175127985822
0.100320543264945,0.17315237680376683
0.6341990884283142,0.3298055527269881
0.47136450769999305,0.01661567743716219
0.553612792831256,0.25001457148859885
0.20085437584499655,0.5827516696752113
0.3893738263120552,0.23261907933287773
0.4954403660872737,0.7104162435234684
0.4945279647664558,0.707619876928586
0.5812696354296372,0.9999999541549478
0.7283703491312643,0.6327797608309496
0.5769183550305921,0.6498472483624163
0.2612024660250958,0.4238915100513232
0.4478680561763917,0.6845100326082303
0.565055351604415,0.16593210018039173
0.3584196781001676,0.6334349755105073
0.1959954169088336,0.807963982605127
0.3946829612265481,0.26929625172558147
0.6001367697033659,0.7156746965454346
0.22683610361990159,0.05672679370998068
0.6270738905338957,0.5979206112891653
0.5293916440228563,0.6586059779669675
0.48645248983985123,0.3968568723710959
0.47440113883600743,0.49506912349168886
0.3734393106496934,0.6553281395399537
0.7207372925774749,0.41467070939469153
0.5942546701227216,0.332356010968784
0.3513661340431815,0.10598413653168137
0.0840408398531034,0.9424592113131887
0.2933464966472399,0.27398808941663333
0.5003272357262247,0.7508330878841605
0.4467733265598093,0.4516765327712271
0.38757962243848,0.43563911831479274
0.3791873125177503,0.9999999323858937
0.37882073660804405,0.2347579188319493
0.35675323408532833,0.6720563747616417
0.44703055399702096,0.8196308502713627
0.1985310682251944,0.17139944909470373
0.5090800591968461,0.35550016837197873
0.5218862308146104,0.5093217905563776
0.5327787773955754,0.9834157795793566
0.3475684854730545,0.8026421493712661
0.48486689787711246,0.7171210284616869
0.5309519460352314,0.5993795424620281
0.47849817324243293,0.3090906050230906
0.5817303108319392,0.6683049312298763
0.3165582364320523,0.24626600475833627
0.3817180301303442,0.7974822609623402
0.26454505208678336,0.7307904413512247
0.6353636531898514,0.4546871875189069
0.23717736970777548,0.6567008243870589
0.757716065473895,0.18041952861640453
0.4014735823742268,0.6803891353299711
0.4158366633684989,0.002723381106815026
0.25891095328327474,0.2997410444576225
0.2595751920234983,3.492368350066499e-08
0.359824390396684,0.45991530841378037
0.46056434226512355,0.7591100523627006
0.17957492461403035,0.6806006919151493
0.29772150019202304,2.9575996762787327e-08
0.42173573508353046,0.7075598062601927
0.3803686448965413,0.8000183681147846
0.21672689775068577,0.584339321820373
0.48027857152971887,0.6432682962768475
0.42621797635087644,0.14199207310480944
0.5175801806155897,0.18273210056610623
0.3442736750438269,0.3939724515256344
0.36906491060547175,0.26409377188954863
0.43752540563521647,0.47379507685235467
0.4124003526042306,0.6806188140784286
0.6389700040702277,0.33905747581694
0.35035707342633815,0.56879795599734
0.40094504454418667,0.10945480896752358
0.51438117512193,0.48285981006590717
0.5565996555444821,0.40881484639530186
0.2673475017062237,0.6257594028549711
0.17858382365140724,0.4659207234238174
0.2715921341738383,0.16532053488882426
0.6049077360479505,0.9999999423841679
0.46135909740634373,0.2983387917992424
0.33215960319728843,0.12675568344626598
0.3893798629375045,0.67624908753778
0.23645350646952146,0.9999999516484159
0.6675491675337812,0.16713533786373347
0.5000927004028344,0.8172217494098533
0.6231597429582263,0.559222531031093
0.16654343514342695,0.5953528280128921
0.45885451629310836,0.5173500862236899
0.46904646149034734,0.6734238215740369
0.7096480464200456,0.35084010731658566
0.675886771597249,0.29136826300830876
0.6992206194339321,0.5327984245354536
0.3489973159370803,0.41490808326959794
0.3260434249819504,0.9999999539681781
0.5847154123491181,0.03688698453342809
0.3513540943523199,0.04387409515309315
0.6802971184790092,0.41168066354948607
0.5120477959245289,0.7269323777524974
0.49199209832338964,0.5143298433273706
0.524186108790806,0.34767351904514143
0.5357836531540143,0.515897314848953
0.4967334435909283,0.21927247264526528
0.4167804535548929,0.482256578508494
0.4484611553205906,0.7730651085035269
0.11380799249254814,0.19805691379248458
0.4892811597391278,0.508542037242254
0.6523526843034486,0.41989663951827794
0.4907760080318919,0.17443427866005834
0.4138362142773433,0.8584322683620549
0.2051445762419215,0.10495949573612151
0.3854161975001764,0.5000943207127477
0.464518344286895,0.3047954490919764
0.12555941182917651,0.8415985625765323
0.4948201852084515,0.4750395694487324
0.57337516105193,0.6288234913375845
0.40794506689136645,0.3257621501667387
0.17750276644794916,0.21009072530634043
0.17372502841234372,0.5877391446893903
0.5033978022049617,0.999999936579389
0.4623405583447555,0.8224147783031981
0.24676032666160053,3.074555010584845e-08
0.5758022825660589,0.6930723850677225
0.4095575581562172,0.5786897351226585
0.15164946120965617,1.526693793607592e-08
0.32188744400290803,0.8077661229515201
0.17730571977172582,0.9634639527216535
0.37116834824273726,0.44124218329893594
0.23432875678960974,0.42305469300779563
0.42282479474546397,0.28921475000248975
0.22873604363291866,0.7027017141374401
0.1396051288997704,0.8412142994042711
0.3525394887157143,3.159813743991435e-08
0.33166140319947734,0.303493022986121
0.3180344842485061,0.9531136542695045
0.29152730641581437,0.51408551902081
0.45290405783405996,0.24490279539250182
0.27946089792074913,0.6985444851675631
0.22173828438367194,0.8394848626295008
0.5159434395573479,0.28911613612041975
0.4375183929761186,0.288431967280129
0.48292248151269224,0.6518596145096538
0.4177511374145415,0.9998101888086417
0.41073818494724623,0.11524050551316023
0.6018147112272705,0.32273117655096684
0.6938123564727374,0.770254255533473
0.3667473425206218,0.3988317734197899
0.5276090959470823,0.5857200197500632
0.5322673120792869,0.9023159668313276
0.5531601147090632,0.6554078712023106
0.448167335800417,0.03186160359697965
0.4254095377337115,2.8984818101207566e-08
0.3540561027643889,0.8510512950625291
0.4454251684302979,0.5090541433029934
0.2037121195391678,0.39385792340926074
0.42821652020595247,0.462793620468279
0.2526306222746735,0.35237017938395
0.218568823697614,0.9922774296389321
0.4857761313894162,0.34041720183309465
0.3875586165682008,0.18312755863881236
0.47640343133361496,0.7952470085487349
0.3890929406241801,0.3705743706510951
0.2900669152977011,0.5738746490313993
0.44387651122243543,0.5801375589371283
0.40185806953748626,0.698974600957019
0.7483743071911757,0.2523555459014517
0.6222184495887615,0.4353485974533413
0.2603165293857339,0.32960609330115886
0.21857361658927177,0.16252042618374318
0.30909195607510176,0.49578770551626405
0.4238090750063326,3.129773773480338e-08
0.38441238678697776,0.5860420775804656
0.43260996567109267,0.9294681591451948
0.25265188478938505,0.40771790738656577
0.6998786441675522,0.5488105691682037
0.4024480943190891,3.575717499870734e-08
0.3120470212404105,0.8499802439576278
0.39239146184275153,0.46566565490767076
0.6079877212528189,0.8127406003037372
0.5061040103964598,0.1470008018097957
0.4470022794131636,0.605501301656588
0.7355125145359618,0.37985510270632616
0.3143583360146702,0.8412833675657794
0.4823668379688302,0.18641708225033682
0.5088135418171702,0.23924539965773306
0.4026632629086859,0.2685153699373899
0.663239179018694,0.9999999301466644
0.20944857093805913,0.20744370284429436
0.4272484571914128,0.8482171636173561
0.4504745166470645,0.9999999279427634
0.43029199611041014,0.5868980513501434
0.14641546744435674,0.5105457772418909
0.43704492807542605,0.23717091851658978
0.17737511003643514,0.9118164356276814
0.3311915320453931,0.7991234048189959
0.16836932607226185,0.5165021958936542
0.5066932476996144,0.28887801916755507
0.6976960421134546,0.6472897097616581
0.43373824657666216,0.23733629519265165
0.26823973720158767,0.3150851536870185
0.4971284392867914,2.258535758414837e-08
0.2100722435484048,0.6200620337853948
0.43523457872961924,0.9999999432013453
0.5886116179318193,0.22973051884744322
0.5162037028600075,0.5044716186477203
0.39752312025872527,0.21067967723870495
0.3764376688112354,0.8601874215781216
0.3280499359930982,0.9999999238259853
0.49558052867945035,0.1551112159292174
0.16941513318269097,0.731036536047597
0.42126617111290976,0.3927625281336695
0.6465767226342432,0.5777911922564982
0.4078215516523045,0.8464555822113766
0.28532690492793433,0.32640212055125417
0.3884395745674487,0.5280844485059113
0.33617461596661125,0.3252560994349949
0.39238236867959886,0.2854874479724181
0.5049811354026361,0.2645616814304823
0.48590232565409597,0.5556125864741723
0.5617399390631621,0.38372565933657654
0.3025933372474925,0.9989998103708473
0.23893534964860486,0.6699312055404683
0.5824048242837017,0.5386334746026797
0.6478212787116333,0.999999925354988
0.38317628912701496,0.9999999319383512
0.15613769500136865,0.6101704712444693
0.5480552330790789,0.8646457877375013
0.5038195034485562,0.689992276744988
0.2245010660524862,0.4148466062886378
0.2878292131003164,0.4515019286801625
0.38311732157699296,0.26557289492447467
0.5443838089157751,0.8447883775531011
0.6786662960863525,0.867436946513866
0.1786362431510824,0.5860137263797576
0.13742327993329617,0.49527459634548165
0.19406732552129924,0.7301159485187441
0.5500576540741622,0.7213267869291649
0.26468291843654956,0.27569160329887765
0.4037274373720887,0.7288918799786614
0.24106381356433504,0.4916668721560562
0.4439020695352007,0.6390308932249589
0.36990123563153743,0.3953871567577849
0.45488481945353243,0.45940281421245643
0.42177371136997177,0.42172014438332184
0.5166683704269519,0.8693202841606613
0.4553082841010867,0.4517713447785212
0.3481328741283387,0.39405153584045394
0.4116087616235822,0.3393007564049171
0.48657315328502726,0.4183728984962407
0.3686783085931893,0.5896383409729715
0.25461420563871195,0.9999999364439454
0.4624406545000923,0.35958488596970994
0.5929012848059387,0.27251108656937006
0.29392606595226844,0.8293358964255866
0.521500622952976,0.6444769389422866
0.44529117762977366,0.841565437579554
0.5730348683772548,0.49722681324819007
0.4204932194897144,0.16588122673229933
0.5326781361027644,0.30263341333260385
0.24839211171850462,0.9999999516042486
0.40800125214040994,0.3590776597823151
0.10777143871439598,0.9807562090363291
0.5396774554496142,0.23639253873628974
0.5122300540365616,0.7584068686715781
0.4156811363962061,0.27378466160630666
0.3505861452186365,0.4178132133114829
0.48837704673421456,3.100926804222581e-08
0.2444725668999146,0.7860828389897208
0.7219709839999311,0.3073077738990584
0.32364010130304477,0.8571943919122234
0.5790674794985633,3.3198997329009217e-08
0.2300032569293773,0.11202119136835975
0.36776860719332305,0.8427001708948936
0.30797532857668575,0.7247298530002695
0.42868410632115816,3.408024085160832e-08
0.45075440670714695,0.6175511313561444
0.34477147551078424,0.711409951467953
0.28732993693313835,0.4066112546700431
0.3934146566768768,0.3117252884139745
0.4000978579704322,3.279570037761914e-08
0.5500949179443246,0.8100423828007735
0.5145479246086864,0.4339370716957305
0.3426873027515489,0.8155107509866717
0.5409655612695476,0.9999999325735374
0.4642575938168023,0.5638807753739989
0.5159624416753679,0.45774093246446057
0.15201053664419817,0.7529361743943497
0.4971491833975432,0.9999999352565716
0.7626483905686521,0.8677469063039283
0.32191972400814306,0.8699937581613781
0.5168229590943749,0.3439866674828025
0.45886107976356527,0.9763833016219294
0.4698262745543338,0.27972635528180945
0.26043705846720844,0.406130805442924
0.3677744625895105,0.6360441786137727
0.34375284811131124,3.4703255380463816e-08
0.19755654728046323,0.17111848374287675
0.42752762422115254,0.3331489101120617
0.45825169261858667,0.855895798661372
0.3949379401624822,0.4281617134621065
0.3423367555445904,0.20933835423816305
0.6189175805646436,0.14337382982958857
0.5632425867249307,0.2164731139440761
0.3345173029660833,0.9999999265234223
0.5145957429992385,0.8232120882463292
0.6007222200069617,0.28552975941768466
0.462657399443394,0.33255371962447455
0.5675258369296361,0.4001079463023771
0.7746836045525685,0.36128048306470006
0.3176308082226069,0.46964876979832226
0.2643166852264045,0.4847645007164978
0.3276513921022657,0.08472691504794483
0.4771831438087921,0.912497553918385
0.4748807568398732,0.5658513459510317
0.5191713680766994,0.3293567115586242
0.16809819331120712,0.5735761300410793
0.3772167977103087,0.8107615007704823
0.3842999657989594,0.41477459038470244
0.49414857302482984,0.13510529575400554
0.633257538024735,0.8129501417260698
0.3873572686659439,0.12948305307552843
0.19240674392312584,0.5910450657253463
0.3299094332450374,2.244919627969466e-08
0.3891316144178112,0.37471753674663333
0.1748632135744228,0.5589504221315131
0.514697165455742,0.43309852309866415
0.576200965908285,0.19243475278921096
0.20895575583820092,0.7212122911549876
0.5467157987424476,0.12107585809927457
0.4212588983483698,0.5308027012151442
0.2614129231796558,0.9999999286211647
0.1971142624042601,0.1675378133865557
0.4153514948095305,0.179586285852384
0.3494233738290351,0.5663456024759448
0.5717368116743025,0.7383279381336578
0.21384561912360756,0.34049534028709516
0.45775296656845343,0.8329017163894221
0.6051663869675314,0.5846506209120115
0.47041991550839013,0.004111773146597386
0.4034058015818429,0.8128797314851646
0.599218932667593,0.7222471166283917
0.6259792144795422,0.6343978204808849
0.12494747213022084,0.6615374812651744
0.5163850495491649,0.6933704567414303
0.4133000771081159,0.39529844294516536
0.3703467655022026,0.7037130932809958
0.6400722148790279,0.7670890135324555
0.5257711685867372,0.3593932998427576
0.14900080347861344,0.4837031478362306
0.5149851769220724,0.5112539177568145
0.37731523124975874,0.4776960645195487
0.22675539428206726,0.6333740277705999
0.20365282069702761,2.4889843075470708e-08
0.40572386592929943,0.5134852960087386
0.24626816285522501,0.8263342937376024
0.3008560594964935,0.8094564186434674
0.3311720666860838,0.7592218108790725
0.31419481073422606,0.6989959366853498
0.16022874074187143,0.4843370256205368
0.4287841730057331,3.4098540879767825e-08
0.3756283159540095,0.6648637340728705
0.4028040032950506,0.4639056874454752
0.3351813200811913,0.5599615427343352
0.09177125964439847,0.5388040074498051
0.36806690368799977,0.26292107526958475
0.47958296152202307,0.34946197580812566
0.33025809977072385,0.9999999362352163
0.48462055253614933,0.31507131849406633
0.5315080867553417,0.999999926279358
0.5211876270937372,0.33184409342005594
0.5834844266878227,0.6649411990916896
0.47257538443901703,0.7172031784526531
0.6021196139816456,0.2615451476747843
0.54330408737211,0.9694077608904941
0.2516754312244216,0.44540739065395485
0.45640735700474355,0.3705847553932067
0.34977514969337875,0.4586154377664009
0.408070460543136,0.3586433326392715
0.2988962939458846,0.6502691528704005
0.45931869247049084,0.39741849536327223
0.3303771285345749,0.5485271261700078
0.4177107686541186,0.7505086315139167
0.5322270989938573,0.6271675544441351
0.4933564070183918,0.1773094056305986
0.6095311818129021,0.7028270651291457
0.48270787699630313,0.9955999027569256
0.34981883566990213,0.2549697165054212
0.19597898693366167,0.7286716839384653
0.5529523598303392,0.1683015986323042
0.5063343592082741,0.13880166795050286
0.41083790526690533,0.5414198683366145
0.5387259010568273,0.41945226671133184
0.25684698014577023,0.22820588921029739
0.42581935592483955,0.8404008816589617
0.2503368112846216,0.6954425962108495
0.4150351211364649,0.8254106261622738
0.4505445162046411,0.27445180451840656
0.5201205285440462,0.8741135432812577
0.5554745318597769,0.40787609918255896
0.3957081944640555,0.7829389052362963
0.3175780917146107,3.338465504043597e-08
0.2171005717140253,0.5412676615542509
0.5145492882699538,0.6508959868306299
0.5606284128887151,0.4674135240298334
0.3489645977133371,0.6369369450198832
0.6022032460021616,0.14078070047595403
0.4586430081883828,0.5179432943657822
0.35251273223281654,0.7590950894732238
0.6453704721002103,0.20741160106896928
0.5282641605776153,0.8095082677889245
0.6673405618330484,0.39369371578405676
0.5328834006629353,0.9452777159818133
0.3137759232144792,0.16621906130059472
0.37951982658976746,0.11387267616673213
0.6731253452599679,0.143162169372669
0.47007081492664415,0.4650026814859203
0.6429239004268226,0.5252792011387939
0.4706011578653717,0.7286700313345236
0.424537024835423,0.2662876741595177
0.4575730378629572,0.5437261995953051
0.41618945982113464,0.7396386508698605
0.6280597513585788,0.2716172026570298
0.3862239723756429,0.23722901081318426
0.5243567616074567,0.6464629291421318
0.4161504125095603,0.5794008697250419
0.30472243793584175,0.3731353034789109
0.2976898191508113,0.4305243089285149
0.5028467028110355,0.7302672982317837
0.47308620677232316,0.7644773675269008
0.18796270145433835,0.1430054811228807
0.32561276339996237,0.27069013172424405
0.5947321732203115,0.5630164409341418
0.2553481143163454,0.681806406493557
0.34037122212738025,0.605078011084121
0.597237450784962,0.42306385664815593
0.24419334762136424,0.7808950523562501
0.3573381885502198,0.3039057677618757
0.40267141873607626,0.5614246506799212
0.423910821649768,0.5092560461439852
0.34525339793418475,0.6501016184845518
0.7128006993819107,0.434461086974693
0.47975486582364146,0.8189302451176985
0.37209768226573203,0.3567561596896667
0.7130980966741336,0.35609977123481684
0.32694543727054715,0.9922080333539256
0.10974829287316146,0.27001144480020045
0.5182346984595916,0.29679542430903183
0.24686613825268733,0.15426750791837662
0.2514029664829076,0.41591307285427703
0.6995014621615891,0.6815736991535708
0.41583653815926924,0.5035782418761805
0.4854689285452527,0.20368154731916022
0.24601846025095409,0.7552946850522879
0.40752221767588015,0.19972867660627713
0.3680664934906166,0.4174677870245418
0.2996576391115875,0.46020225494774536
0.5058373886638297,0.8260817705270469
0.535305805345041,0.533670117200554
0.616878385062638,0.19118210773199706
0.3373293229560499,0.3091435490401544
0.5331107653818834,0.28618201286746725
0.44634029836060174,0.8146835325658479
0.2452724325822908,0.4583415121499641
0.4834945286858141,0.5430649832422603
0.42133398261370214,0.6505194724076233
0.26905572487710705,0.7832944378848481
0.262501867920792,0.9683666988972952
0.5116870672311258,0.6640929258486707
0.3319854203848074,0.641434895868084
0.5359360962572111,0.8449509094189089
0.4663309976849628,0.6803078995574445
0.48603138370095156,0.7145728936932016
0.30748805106763033,0.35636256694363766
0.5111877175243458,0.31435961831738624
0.382859678960902,0.43770220014072336
0.7043981903306373,0.6862566408040927
0.3413257501659732,0.45623259699808116
0.5155043875059331,0.7071474167425009
0.3071441069393446,0.11855063255493903
0.5735737060365218,0.7882207760597524
0.16926629542849092,0.999999931740124
0.49365988563724406,0.7388801581506073
0.29931982401283763,0.5539159251299317
0.21160629543456544,0.8069672892826922
0.6774131106713099,0.7804350306114713
0.1584489140968759,0.47288012236458954
0.23255909145018983,0.12222637011869963
0.45865633948258155,0.5160972781560957
0.5483914930057523,0.8634997684292394
0.6202229331653348,0.6819680108857114
0.23552889983093905,0.3615460629113656
0.5054164214196186,0.6126394656179102
0.5475650357272999,0.4227958539609169
0.6016032945337626,3.31787894936042e-08
0.40374061334184885,2.5109713419624313e-08
0.15940759102765378,0.8666741897946437
0.4027820939893143,0.5088594253839176
0.3050846179908482,0.9851432644947558
0.30303154999069504,0.8109856278177929
0.5378051466732154,0.5056309042333424
0.39954069311938367,0.44608123908509256
0.5729614946989727,0.5385901406385045
0.26508243593876646,2.3168500007386683e-08
0.36008631278945824,0.525917493456884
0.6975851915539817,0.7690153804085327
0.5588893256981193,0.41890475125762094
0.34549615448608373,0.7038847766578051
0.5330269896218693,0.3877741118054878
0.44618924039558205,0.25982910726384745
0.5154058228105338,0.08587921797073861
0.3129499033994678,0.5296670067246971
0.46624799202247447,2.3958069306218022e-08
0.1928124326219427,0.7642857803857339
0.5091106669419152,0.22639734471132655
0.511990656484631,0.7953500446663462
0.20718835721329798,0.6747349970133989
0.3702401192457243,0.4288874501579407
0.30620324359207984,2.0427293634384114e-08
0.4557208114880211,1.9034931852957016e-08
0.5606825119322805,0.03627310690096053
0.4910573401211411,3.042254448359927e-08
0.5291588677833907,0.5148170057190171
0.2562713182383334,0.5755791455078203
0.5183571027815574,0.5149421985933209
0.5078736664439405,0.3053162233019293
0.40654760452507777,0.7835380930055855
0.3682049444776565,3.1117096455091087e-08
0.5373484842834713,0.7294945333527245
0.6827349375555407,0.36691597525237185
0.16214652729186918,0.478484295963046
0.5385284024601074,0.8451402806774837
0.3442701679183662,0.19541214678307384
0.18610867328971192,0.3538144195262305
0.41668834306834457,0.5082540545474181
0.27268569622684957,0.8741548497192717
0.1780908585074763,0.41185879351746024
0.48892025054841115,0.13304449852556388
0.2868802305224909,0.2374739469603
0.269461802631759,0.29706250709225657
0.58851974582771,0.3520107910824102
0.2494074829027113,0.68766422926128
0.3389827602281903,0.15552412798889392
0.412583558065974,0.6120652638131361
0.3852117824058787,0.4316304815901759
0.6735831149481082,0.39596685426193545
0.3975554778808523,0.10619932088188122
0.21780598319888833,0.4431605727752803
0.6517481492523829,0.423382164667089
0.4984227289807408,0.7763503466091954
0.34789701712747245,0.5508949949472601
0.40977697379647804,0.36523368237544673
0.39430724956697105,0.36835643393626327
0.40491661582275906,0.7964877324636817
0.26891195884535835,0.3650312068023247
0.5078007463293845,0.33505443685169567
0.6200894448717218,0.22193734538869947
0.5576458509035618,0.674724330332154
0.3796579596207392,0.5955899340897446
0.5790269482239809,0.23953403000385265
0.1658666582655326,0.4680299875936953
0.11045268130069008,0.2835553250436149
0.4868652040352668,0.5864207314953553
0.675137776102471,0.7334837733250339
0.519681997289736,2.691317746439381e-08
0.39774614643245343,0.7293768076812555
0.4337367627461792,0.2418511232846754
0.33511245679162016,0.5832117942476032
0.03139084101494927,0.3544556711979787
0.6659265789466966,0.3070595100144047
0.3212831882917131,0.6487574824353572
0.5323108931116369,0.4004879466270239
0.21098084853467736,0.5250416772876605
0.18968929406664303,0.6470400431931616
0.5536220364158853,0.9999999311006391
0.4655197469513297,0.16744607599728312
0.4803407204279915,0.644606631311504
0.12025269804771632,0.3698715404712303
0.5083313226691244,3.085042976636032e-08
0.25990305701032046,0.4398610305436996
0.5229725459281749,0.30224386526604263
0.3849783782799201,0.8941655927740548
0.5945666477261962,0.15338850276128113
0.33645274341250664,0.3050819644703928
0.4017922718603959,0.9999999477828609
0.5104236368125359,0.6555862579425664
0.42703514482169336,0.68961036081296
0.691028978601345,0.6875170288014907
0.3217553532900497,0.41579495577596504
0.6164397584792796,0.27281496507361425
0.43040781464249633,0.814885447409111
0.3952456731010501,0.2102931269083932
0.4941338498401642,0.27746846211008247
0.5681139890742912,0.8036094096056381
0.4617642306205454,0.3467605734495933
0.14845727646990348,0.3072483227113736
0.4176943321705293,0.4192678169241866
0.5819084281921265,0.5506679999037729
0.43018829472739784,0.7425751864914609
0.40305634221027553,0.18154686335213555
0.5495967862001998,0.21599789107980527
0.36418855526548377,0.5453650041387661
0.38703922634242716,0.7740468165067043
0.6955786837232703,0.15591094273911565
0.49597152236981534,0.7959130793829203
0.216335414187673,0.6797223935052337
0.739736248591746,0.7320049904845582
0.45621603256220933,0.1450992048352333
0.45696403270877894,0.33038188982744643
0.7815497030287379,0.09421725693746197
0.5596195013528029,0.5138706225075467
0.41242843703678034,0.663939076311511
0.27558943652102563,0.6201814312493212
0.39275882117502015,0.7762823590871086
0.4518973754078601,0.41681021052696465
0.44144650193380164,0.6911065087779349
0.6382541883386463,1.887450196136342e-08
0.5769383252083373,0.23568940327794152
0.30574877816947543,0.5061042966651819
0.4446992063581474,2.6094166827306253e-08
0.35889149112627283,3.3571424751244194e-08
0.4967379836381145,0.5238559453196743
0.5690166610272449,0.40331411921831517
0.22574985679467563,0.9999999337612309
0.4446016679324494,0.4374358841513626
0.4145153715197649,0.0672365832911268
0.64168789373071,0.42609934468469746
0.46939355908393665,0.2886373995911953
0.5680837698108352,0.9999999549604297
0.35677770768557515,0.14762481227587188
0.4663118756591693,0.08009959210244588
0.5203305533503997,0.3894852540303937
0.27501264930055846,0.31757923845638913
0.6898987245444408,0.4748258517764974
0.5016255715121338,0.9999999256603225
0.33191903687153035,0.2580892712918761
0.40295526698010686,0.773310768201874
0.5146078286776263,0.45134274970768473
0.33455658396831334,0.9999999367872441
0.35430190754142776,0.766273542851188
0.42986382795219225,0.42597506642567495
0.4774823617217172,0.9999999318158821
0.4181794882650136,0.1600574523647431
0.48929461553969533,0.15861267610782193
0.46515324372618894,0.7035674681454864
0.5275843539030571,0.3834428438274422
0.1365460676073047,0.4392273733717502
0.42137322751130446,0.00705527445031251
0.32023917748602004,0.5997718289915959
0.48645501786970247,0.6332665006843321
0.41681170768727327,0.1303365625841728
0.46836769482756013,0.5198140664698414
0.1818415367423798,0.6588541558528895
0.372109233148914,0.36610116865696796
0.15163027326705825,0.2271266459445549
0.4835422951343351,0.2684534964113503
0.33131700411881004,0.5166432021177698
0.1889013105103614,3.0655229465992306e-08
0.3650382753464636,0.34460558782184947
0.5044423486067666,0.19168487166641768
0.3179012980666207,0.5904751164917847
0.1478547688805123,0.04247471978816719
0.41242525887817605,0.8099349380918994
0.46459617485132343,0.657120740747235
0.48611165799724576,0.1745311899422184
0.3890700343419904,0.37210582493267097
0.3935523157659664,0.23547893890322769
0.31754531925437757,0.8769949725383057
0.584496789678973,0.25596801649857426
0.32186608664928684,0.7666588547300215
0.3307490891895215,0.4870683764769055
0.35156090166077103,0.5425900994780868
0.2778589526947073,0.32616331368431517
0.3339241664077748,0.2016681878458506
0.6268408792330868,0.3931402451239663
0.28807640121423006,0.12418817259309023
0.5522965737874581,0.41061434064058133
0.33869657096680594,0.08348980432245767
0.24241011458306527,0.34780516745161805
0.21621970303241467,0.9999999266536115
0.26871236465154613,0.36543781453249835
0.516509019495158,0.6245832450363515
0.4530200055269047,0.23032605894643865
0.416385840762882,0.5344222503722271
0.46333399287015364,0.758077173185324
0.5092107327900628,0.708311088119892
0.543056513419029,0.5262332452855496
0.5121462886959955,0.678952741287798
0.11877599937309746,0.8246632084849246
0.4695038708935182,0.2156420935247283
0.24326395397889033,0.8420380137632364
0.40017160730878487,0.31187215282283276
0.3210444451276069,0.3488801737769158
0.478933365882249,0.10537949012494963
0.448478791597025,0.8082715834245171
0.2866026517347242,0.5456690692512041
0.6309214965260859,0.39623221423511623
0.3980785489668781,0.3380881057005034
0.40750874125772407,0.8360461345880736
0.1465214595703248,0.1991323574037338
0.3450905151935171,0.770709787882371
0.25661356782910527,0.42748625805809226
0.47680077257730025,3.143723503740148e-08
0.3485808561707038,0.5954354887708462
0.13786430124619242,0.42926822203725834
0.4388849376985138,0.3086394892964961
0.6146038147270243,0.3804309788278353
0.440146927921516,0.6578088648651352
0.3841206947654916,0.08752404871871633
0.5845461441318216,0.587478766624411
0.2660745118517913,0.6090497586628274
0.4115638601489886,0.22416582406357222
0.19153101755141178,3.271795634418595e-08
0.2744023560865396,0.22631383930800197
0.4308387362100783,2.5687203475399656e-08
0.5420799834494261,0.9999999284749812
0.47325093548106567,0.18298098536632068
0.2013161970743571,0.2879082478249728
0.22708326523158195,0.1554273782982456
0.5890708031057015,0.31189303230229015
0.4822133789339689,0.9999999281544412
0.23565947163246115,0.8666032534802675
0.366729162432307,0.6430825688409172
0.4442803950793137,0.8223936726743801
0.22041111423254867,0.7127460547498821
0.3881957198819621,0.45511648446598585
0.5335687579671058,3.228282707823382e-08
0.6103584420132924,0.678196013909794
0.46943245013911605,0.4993916155107989
0.4953011804621781,0.8862330801652618
0.3358561321754343,0.9999999282126915
0.4548962095550362,0.3457802941886925
0.4552343486929993,0.6107090194108338
0.3177626192449172,0.5913441418988334
0.6908009826490704,0.8009899512273009
0.19236878592618512,0.5236490438449621
0.3377625911721669,0.8966379825351858
0.5618545698617692,0.8611033083310602
0.41438960535030933,0.35378603714174517
0.3363024408835251,0.6246688907052125
0.4672612758182799,0.6920248959601025
0.5278503942332593,0.9999999231264987
0.1491312020143054,0.6429492924906768
0.5001390705090931,0.3351477434190002
0.5054391778452576,0.3822096152232888
0.4566726542602302,0.6985930454645803
0.3484238591802922,0.30176080186994625
0.33464103599987904,0.9999999242715383
0.08446748338968257,0.8627851232013661
0.4411860792698774,0.6914141052250216
0.37191109082867957,0.06445927920427508
0.30898418652053783,0.7610069537089785
0.5615492045385273,0.6406584743354706
0.3667144714307633,9.75428804395051e-09
0.2717867569004504,0.1931906323505217
0.5328578485558326,0.6057985081119917
0.7056205769615729,3.1304022485301175e-08
0.4694737515790042,0.7083347162259948
0.5329023614886297,0.31030186530154324
0.1623376663526317,0.6569896998512625
0.334650192161813,0.24034383681476967
0.5808097535089045,0.18904233805283965
0.12337437648428962,0.9999999421950889
0.33039943080853007,0.7829906224298249
0.5380530214552346,0.197313294749204
0.665834532203156,0.9999999296015574
0.6240386619983069,0.1005410533342257
0.32515548318890763,0.7580979965177086
0.30245987287693676,0.11882768401827093
0.533957600231667,0.48424209053914424
0.3703937302817959,0.9999999254593099
0.35818071935690554,0.853007452778769
0.20108971960301192,0.6628083635488693
0.6381286912910977,0.21746411114493114
0.33389665312907724,0.16909716010317055
0.22761341020193537,0.8680220367541835
0.13588901614046245,0.41074847616735966
0.2331604419368407,3.267498271952718e-08
0.293230459267281,2.888407024670414e-08
0.3928123544236324,0.5702532706400021
0.5150292987703011,0.2381182055793829
0.3452541762651169,0.7031117081527682
0.30128209096237235,0.2530318520959689
0.5613362754218958,0.8198524738186315
0.41401990706391656,0.13694238120725544
0.47514035545500244,0.9999999322141626
0.17954688596825008,0.7023113112165973
0.4004609914979773,0.6388883437804935
0.2579978706676451,0.8816829166159224
0.5050016877485946,0.3315410925218458
0.2858947985716518,0.814677100675187
0.2753095377931931,0.8628995378219741
0.28036163386473323,0.47694152777611265
0.47066996876249023,0.19887595860555152
0.7999179228978366,0.9999999392079921
0.38515744353481507,0.8026727530865294
0.5148448434030808,1.9403053386213287e-08
0.285335173620628,0.6231186990221715
0.12951371252735333,0.7526830643088402
0.5671391385995301,0.4471941864736735
0.7229753459717667,0.3897059306117434
0.4296779165513742,1.8294780801397792e-08
0.2846168271248275,0.2981431508131962
0.15715716776053013,0.3070603311710549
0.16942735299226763,0.7303255454746918
0.3572268585113414,1.8419555658510944e-08
0.41790489124922203,0.5136526171347882
0.22706079017905623,0.6787000426761729
0.5831176114301599,2.4289985134373637e-08
0.5445561218140047,0.7291293909033847
0.4077574422823851,0.5160760431809557
0.3847736820640648,0.4431849661289
0.7965637302878608,0.9999999426492359
0.37588006797957885,3.253070701703109e-08
0.5199892704296385,0.8748784852215508
0.5024429951290088,0.6534363232331586
0.4472467415637138,2.6552452681016803e-08
0.40593851789639723,0.2518101129902526
0.7401325414892428,0.17910247652706346
0.1845437834192616,0.7276101661084482
0.5760898827624423,0.5359434234881988
0.3508572996421968,0.5384208656471756
0.7396993240189484,0.7315760533066289
0.37783793965029977,2.1421936224896854e-08
0.20573436506029852,0.17169658651793895
0.133522743841322,0.08699823355582836
0.4601504217864152,0.9999999245003259
0.2052314166361513,0.9999999261825927
0.2300083935999937,0.1511204086986737
0.3720601873478113,0.7775807930642209
0.6491110518282057,2.3514502345278743e-08
0.2861553399040071,0.0405455233398051
0.36358299359242796,0.999999935564297
0.1785626877161115,0.45681365443777366
0.5745422444248898,0.7496561506267376
0.3011782719970211,0.8891471057730698
0.7292101367035375,0.5766976654364093
0.545296685612572,0.28720554245455787
0.6638786171866742,0.9235248655055983
0.5596809637655316,0.39110591264412875
0.47465965836336466,0.7756568399541024
0.3922585274082673,0.47991359738862016
0.6430171903379627,0.9999999410613505
0.5909958846691588,0.18973692724257418
0.3211230928502049,0.16498056132656558
0.2033588421465624,0.6536754542438494
0.37331410741695237,0.5321234898327205
0.4187502298093979,0.7335222435344377
0.3239509379050176,0.7077751447517002
0.21761109145464053,0.8243620311135018
0.10341994616508376,0.314570935672819
0.39073422327206986,0.8797889305349926
0.1487868449077867,0.8095935995939278
0.47114080201584496,0.72970077996683
0.7053773330064845,0.5688382970964412
0.5500721537713074,0.3827096603321074
0.26365126543679596,0.28670779871123386
0.5920037527654527,0.3079099116969459
0.7201987268661814,0.9999999297138409
0.39149266060007637,0.18253871362497875
0.5391420625674059,0.14479782616124126
0.47585731254559427,0.9286985357242941
0.042074903534707886,0.999999926473528
0.43372182371781154,0.2761030507551716
0.30998296393977,0.5841382189743918
0.6581385795056924,0.5981370099012047
0.6876122870368979,0.3804308192591854
0.5037046166562948,0.4105581852197915
0.411395590395887,0.25290664055151524
0.22256165919285387,0.33073568326662794
0.3894538484296235,0.23924669941066767
0.52844159571596,0.6895690900696536
0.558856594473879,0.6440271279824898
0.3745081471652112,0.25474059507852687
0.4333713267783317,0.6189231604339511
0.32148112161067166,0.7868510665425106
0.40443443114684774,0.42554970707593043
0.6679187488867218,0.7745197826744601
0.20956781533366975,0.18996862256254943
0.549908558186921,0.8236417908221725
0.09200018546398203,0.05160109766838872
0.43051870713215123,0.381765663226421
0.17257408783415196,0.36729635962072393
0.32606686897785453,0.36651904036671823
0.47516856800519713,0.775366521505962
0.17405279418326502,0.3645932656277324
0.43844699836761203,0.7471082808056018
0.5097029479327171,0.3459139999179115
0.2853670016576717,0.678675340809729
0.2712983792234902,0.6527598580980971
0.1014037089181885,0.7534636661097771
0.5140651818218256,0.2229691806452898
0.42593948422012673,0.6005739562206394
0.46065821283512554,0.832939583107617
0.44372698641887576,0.4555162410973992
0.3951960976808877,0.32047901197296014
0.15833407483257256,0.23323595203041236
0.6933667225209663,0.3623690826002246
0.5005502639990853,0.3911843390838641
0.3350986428870786,0.7989830723930886
0.49089252800361827,0.29753460904590767
0.32404973752927013,0.45190679036359427
0.5601331849647813,0.9999999221972722
0.3761390853720492,0.206247650259062
0.38000555341066455,0.6519795606445093
0.29845695324869714,0.7698003672356961
0.2399430291481246,0.9999999229741867
0.1797891911390832,0.9999999407378688
0.6336563680162097,0.19622932675958538
0.42017698560389016,0.6621505148494151
0.3771285930236501,3.591259201130015e-08
0.5436782910756572,0.18807595572594593
0.6110312278909444,0.3465092239024372
0.3698346705482254,0.7488995988573386
0.3462081044949179,0.15007892133679945
0.1612894552956683,0.164042493266642
0.3839315626257176,0.4285421915551204
0.4746396410049387,0.9999999317361414
0.20579835115389633,0.7848966319785013
0.2776906688022045,0.599668310887143
0.5790761153235429,0.6645621156223491
0.41048825228768715,0.3874800936713214
0.3392768794551353,0.4091149634306177
0.36097033668836653,0.3047351824028901
0.2983767150486538,0.1382721643991296
0.35800374501477705,0.34074087019213195
0.5199771606186272,0.16373965564030257
0.3651556063825998,0.8672731738665576
0.4847524746622818,0.7185873009138497
0.24407702595720648,0.7885707168772846
0.27732768249004724,0.5550066145894128
0.23526463309466727,0.7366369444365901
0.26662553030533687,0.20684790560616761
0.6199169080591909,0.7397531799844543
0.32450645350724105,1.2888687450640646e-08
0.4394983795412837,3.496649370049454e-08
0.424371033529376,0.4141408068283887
0.3480731615244892,0.15731215157450507
0.4185889671532079,0.6195044303625785
0.4092510523730368,0.3671875579219481
0.3364271426102885,0.9377069545636232
0.28586373273167753,0.2110227285252151
0.7287595276843213,0.41467336181862535
0.39527228733213926,0.6400383164724239
0.43212237460845637,0.18625682632295337
0.4102325504059965,0.201170027936584
0.4299358940662281,0.6796782943279993
0.6016304128083627,0.9363115177045636
0.16310608887730282,3.06956522422297e-08
0.23292461199118275,0.2867546673741863
0.3657690484993865,2.2623556361622832e-08
0.49702713107848906,0.6450406135322453
0.46814389828993885,0.22139717520860103
0.28538917177875156,0.6221597730902211
0.5517602569993496,0.23990574446830237
0.48619157626608045,0.49028611510397013
0.5527058629679846,0.4670124291110511
0.24993827777010358,0.6746171304125497
0.39522857906963127,0.9183569568216399
0.30822273070356676,0.8157268548432306
0.444619186032273,0.5982953801011135
0.5796211428533553,3.090979561193308e-08
0.4865491663680075,0.5997203884737097
0.5264262162644813,3.1412962897547914e-08
0.42727455375081824,0.8223506256782329
0.3367875911629312,0.5521479995241556
0.44787487659396596,0.49984581384189397
0.37896737462183205,0.41820446850854154
0.39647605740439573,0.1416228922035785
0.7321243294237743,0.9999999245905649
0.4265453949382154,0.7927694426670975
0.5972809256059941,0.5291719788793934
0.5856862547220891,0.17629970532298245
0.4668345943772976,0.6581156748440229
0.4663908095079745,0.9999999449277759
0.4082038486743911,0.999999923460404
0.3020536722712688,0.656251947920282
0.3821094786012309,0.6543648470228973
0.36132482418715517,0.20967445458238032
0.5084491004931437,0.45442910221487054
0.44158947472108956,3.32088703203226e-08
0.3952907151112046,0.8381741731463848
0.46163427804333335,0.23771898366109312
0.4684149506200028,0.3208857582135991
0.267414669984515,0.38241921628574715
0.4778090553870493,0.26576985040001233
0.17693230959557127,3.248670310540547e-08
0.36875404396012845,0.45468674873841053
0.09548582548192996,0.3789834476297216
0.7047281042136722,0.3691364031264577
0.5911892257468931,0.4336115395502418
0.5953137847883112,0.713090517773761
0.1684407182563974,0.5632696820018488
0.38279232396575846,0.20650956292208633
0.43497888877523794,0.17178368009571088
0.46581113343299796,0.5294782192658865
0.44820314818049267,0.6301892903193291
0.3255484110067939,0.9999999230115897
0.2556386147086882,0.4871436874632096
0.25558395850581483,0.8434389774002504
0.35683243908260565,0.5561271980252656
0.3656578967688495,0.6913398994463265
0.47770344362048034,0.6159119713324444
0.3186464270295586,0.4852259067974245
0.3393738904739876,0.2927500265379166
0.24332885672898685,0.3385118138823593
0.2380409954763687,0.9022765516858726
0.22740073533196048,0.28933015768744497
0.6303451889223539,0.9490734208263127
0.35213717710536807,0.7154811242018653
0.33600340013379437,0.5393204532781226
0.4697016485204166,0.24022948306718206
0.5893877351806949,3.226683276125186e-08
0.5385631280248218,0.1523876079569284
0.37248685782882296,0.9999999447704546
0.5322770268700414,0.9021579389792329
0.36677714334798006,0.15119608083201186
0.1959080318806059,0.7327489389968349
0.538031043358707,0.2090959174915099
0.3748346010198178,0.519854552252621
0.5428174109476123,0.49697766151237843
0.4657734411509469,0.21377276657699085
0.7453764242559009,0.5320305658089275
0.5110612818600666,0.3024756909156032
0.5528328611089321,0.6855489117916314
0.46545538244846396,0.47727924215100614
0.4075082611957894,0.6932133617834033
0.3515639157394084,0.6009113930485164
0.32460668060535225,2.8185539235892065e-08
0.45148394345447285,0.6437581435895616
0.44955994511636366,0.8304285613325462
0.2842969358968457,0.2918501832666003
0.4695855307849137,0.21254608234910322
0.37461417211257286,0.019385581069080615
0.5380340403426307,0.1532315462053333
0.490625483489187,0.17466995936068486
0.3660845527765031,0.2511992181863967
0.5454798475713374,0.5481925436330783
0.4293343611260969,0.5490645181031368
0.4840905858634881,0.9999999357002949
0.532068865795587,0.2020740848775091
0.4857692529365365,0.30707075024034225
0.3212584096735789,0.585624555946616
0.4561462000423746,0.7192092101312966
0.4200508444964415,0.1698555347316173
0.5714885720577332,0.5807792425458693
0.39378960415867637,0.5314140642897982
0.3542227793503363,0.3834878917397546
0.294601343932849,0.5579972039717589
0.421729726123691,3.129527215151029e-08
0.422671232374781,0.28198761837492725
0.46147326241615616,0.7036926325172956
0.41683635978673106,2.6466587144113873e-08
0.500940038910175,0.2397104654968487
0.4702360057085295,0.7326403360890055
0.34671177511067475,0.6055434601988523
0.3896600644057284,0.20901846551909387
0.10041345335543994,0.11126660615835249
0.6657554523441722,0.6289678779773773
0.7224527973713784,0.025115805817009118
0.603030403279722,0.7635972729341312
0.35356404415917053,0.7965069583791795
0.6092615343625281,0.3496483051506374
0.43485900475166517,0.1707649372899418
0.4192378327555679,1.9556480879145965e-08
0.47330407684019704,0.44099946914683485
0.30944437892839893,0.432628702215073
0.6737110576087457,0.26802886304098195
0.22165437814037592,0.8372172527472088
0.6363553168275038,0.6437336945662544
0.4854733845347887,0.34536412956671114
0.5119916864633409,0.7063475453090007
0.38071086534521825,0.6407520037563508
0.3448017527040421,0.9959737579670822
0.597701411338615,0.23813038933086617
0.5704333969986468,0.8142365239315623
0.5320928445718338,0.6851499708058952
0.3464529755639818,0.22608871210121606
0.18978614743522293,0.2837176436951445
0.3930382413034934,3.169037299244337e-08
0.44677617620473464,0.4785594663141701
0.4931972230462405,0.5476623546982893
0.37478257055969166,0.6972886597063379
0.4457067743149743,0.7341822214937821
0.43378339599109994,0.7368966183885597
0.40797441763232856,0.7000457908712789
0.5372246386877868,0.6835765628087138
0.442948449492381,0.10978803252583091
0.2610559615628629,0.4236981321358684
0.3641234419480788,0.42631108022462527
0.464862469863756,0.4551352282723258
0.3004177374012018,0.4070762501422358
0.3560798017894582,0.39244959308823724
0.5323125717324166,0.5165791353711349
0.5131134922480065,0.5566625821449342
0.5497078750710016,0.8167162097752652
0.5862070659040417,3.4661077563669096e-08
0.36528505104823106,0.8359710950587953
0.6871425503870174,0.6117384139057691
0.38356984436548514,0.7417694915404205
0.5105647972255882,1.8185357220090737e-08
0.1890475327354082,0.08318626243843852
0.3788717086016278,0.6832332821123117
0.19082449501894105,0.6227641371351105
0.38205390426159136,0.9611904824079893
0.18913255607022617,0.326132880011766
0.346200701248379,0.8414363764041326
0.14937922592944464,0.020824008451423737
0.26784911480354623,0.673301922162377
0.7270334609692668,0.8357541216592246
0.3443642209233597,0.5981705101937678
0.1973987346881847,0.5879439278366405
0.6729895639076426,3.5700917777603536e-08
0.46130231434773883,0.43973530631667046
0.4411630945730116,0.4365623429420751
0.3771316492829153,0.5838247955273772
0.16852676939879974,0.7468212047185716
0.6235565936836895,0.3119226457739188
0.33131808400231977,0.692152094210261
0.5910390834929569,0.6902796841375896
0.12122962878945831,0.6363843610833406
0.3727237501284302,0.3141017946142348
0.36149612882860094,0.494383500338742
0.3976866381176305,0.18778625573729357
0.4668750986307697,0.9999999380713867
0.3996139451706955,0.6606972275258478
0.39814830718097927,0.5999497256289779
0.5283279710079714,0.9999999229187218
0.28236123895344756,0.9999999296909223
0.12600887862409493,0.999999922131142
0.4024524690712483,0.5276488640997563
0.4115569917749231,0.23747902460703685
0.5973794346407093,0.6761721943922083
0.41435379616790957,0.9999999369068497
0.38208546244814645,0.7436822342901124
0.41051219728267707,0.11901686257500899
0.7114549232595149,0.5446363305609125
0.24864552853667066,0.664263487403133
0.27207539528052394,0.2086443628031347
0.4613098505559674,0.29878029847888854
0.3001056638250126,0.9999999241050617
0.5591039847058323,0.2521468456376468
0.5912421784871715,0.30876905520383247
0.18898830813052747,0.6476441367215493
0.44335342185934445,0.9999999223407521
0.5651575321478322,0.41222159013580395
0.36464971703575255,0.16316482276731392
0.26586048150906905,0.5390161732762913
0.3736902844776018,0.2962461174747304
0.727876213585243,0.11126912506077602
0.5540953079865503,0.6091291915897976
0.4452577012296226,0.8408381307268797
0.17837144685902206,0.2752789442454713
0.4670132074562039,0.024959289780571936
0.23545036769588945,0.35868109191595465
0.530748292539847,0.4400987727767145
0.4266487379248356,0.3095777847558594
0.6015633047416018,0.2432988205169444
0.521504475572411,0.10493960519801959
0.08370193000478565,0.9420455367126657
0.15719105912824238,0.419770351468852
0.4698530242259027,0.6551263204087974
0.549108026086389,0.4420926094231383
0.3755995460845445,0.7275627799833302
0.6223516213741398,0.28658266611446237
0.17353687556465136,0.5959140542319972
0.4731877771468507,0.6484289138068782
0.5281147516659552,0.9374276140732007
0.2784456235942643,0.5887276133661885
0.5905761697903791,0.8104336865104784
0.2755620483568606,0.2600753104746687
0.13161415265821086,0.07484875327983787
0.2855837825975316,0.5381488970277069
0.4429781747750621,0.7192349217147864
0.5572184466055887,0.4121589904244338
0.34195845487933907,0.282718709848087
0.6969196371209838,0.3411706094143483
0.4706031577896428,0.6745214701143603
0.2682748512824995,0.7267090399507197
0.23189486427447603,0.06588702122026646
0.4514761745367495,0.3714638164386663
0.35768114133803675,0.3363491287287985
0.5272973579056397,0.24980057447424642
0.4454297614351739,0.899462452649427
0.2629479290400618,0.9999999426381763
0.49201250257896056,0.3831903270344057
0.3380270658657851,0.33562648159905706
0.13470248559980558,0.3209076821260872
0.47489989359517626,0.563992186712845
0.7079464977731615,0.3967678330165434
0.23023636039340145,0.25629137730989626
0.5999317966899591,0.9999999237475237
0.4662866663011278,0.16085097717936847
0.3557458546882466,0.990099044420127
0.6087889308902432,0.7027247644260974
0.41404205890408097,0.6521050886292983
0.47332723272067145,0.3558614317547253
0.43829114741793607,0.8172501983115446
0.7210210769262186,0.3906121201937296
0.479903608765607,0.8196988290050768
0.3038281359592565,0.7930645987742544
0.1421406608791802,0.8603274767582967
0.5604153077892811,0.705410676789004
0.5833912662507585,0.7846348835228554
0.36943863659331333,0.9999999454159081
0.544700167885225,0.35988045902090704
0.4506408175903722,0.8689991881912498
0.371349592959477,0.5796322684321957
0.4169478846725685,0.3625117575888801
0.5179182005288512,0.49257671046949625
0.5780827990208377,0.8075428122498458
0.3802717466486243,0.6773523157036188
0.48458840477931897,0.551670718047987
0.5020545934028746,0.8679937779684579
0.545683876980187,0.5206187595456448
0.38268770784064854,0.1847568921077567
0.34027161557301655,0.725100922503632
0.5722407926860109,0.7340074338501417
0.5090844612482592,0.8145059291446763
0.5102581014303889,0.290078322632894
0.3055787884950658,0.9999999405930353
0.45224964824807756,0.5006258227350351
0.6440777638906714,0.3418116523178085
0.2138480246853267,0.6482617462845042
0.3312540936091364,0.7600224704256391
0.2629102828751124,0.5509458121431656
0.1742633147607684,0.34703435242999703
0.3302444042016801,0.6259102295405192
0.3320571030831383,0.43289098157223904
0.3289881654996303,0.2626730220732689
0.4767574301297923,0.6156969198233639
0.3421314577522532,0.7230895409296636
0.41457240071158763,0.838017183984924
0.6589917234123934,0.8606950378021097
0.1940658668960209,0.26486124175531955
0.6137605737691203,0.7360597922467029
0.24985334052076658,0.475090092318716
0.3271543186451553,0.3225453740306712
0.3837998972886476,0.6370635436864056
0.36177015705572657,0.41356420108085956
0.5597989240852113,0.1107657958865289
0.36436986099389657,0.15094237559310386
0.15593177781846235,0.9999999256013581
0.1312989789714436,0.289505116312732
0.3068769419128614,0.8375969887755303
0.42840240290847076,0.5721755792023657
0.39699503087648313,0.45009228432148873
0.41002017314310635,0.6851507514530795
0.12046767771294764,0.7945596077766837
0.5626512714989964,0.676091507985479
0.4318589133163062,0.8193350368078178
0.44274532890142293,0.37129943049310654
0.44547276217479226,0.5413192224171333
0.25132677438042617,0.24744834252090797
0.16592928107691352,0.31450075691583024
0.12024815649426479,0.3012765990022501
0.4861976184337182,0.632370146843126
0.38750253983556604,0.5387588537818289
0.5610468369211845,0.25488810699765807
0.5675868713676113,0.3302871841973172
0.7547173125567244,0.720179316477811
0.36573205428606803,0.25096596314736175
0.4591536195726942,0.9999999253776686
0.1714678249943571,0.43935233990412215
0.42645802773312846,0.5415056239189759
0.33799051867613983,0.6057767064852371
0.1698491314374717,0.6566408810216835
0.2278233019447211,0.8762006202686266
0.4250167964498903,0.6939261534236252
0.24204699152483222,0.36405650137090717
0.5000267167692827,0.7296525314219977
0.1986550227012489,0.73748928225789
0.47150912447138493,0.8776390288075042
0.31932078597816815,0.5779352016882164
0.5447554129719374,0.3621700064379958
0.7263911681553541,0.9226273337705777
0.2921544783277903,0.6295767501673204
0.5453525184376624,0.7598747477064478
0.5083340576183417,3.081231625401415e-08
0.3027985730864695,0.3698038205036873
0.11077418757780189,0.7275459733701553
0.38108298614740255,0.2741703430446236
0.5443779992236446,0.4473952754149231
0.5055767832935163,0.5638672767215347
0.3362558113791967,0.8921834200051961
0.4485561370565381,0.47815146042564294
0.5808263441318764,0.8016916662018403
0.3775771659834426,0.550813104790322
0.37347284463467734,0.5331109761281319
0.670761206058089,0.5357899621210684
0.1387927838277756,0.6049081351368457
0.4512936396615239,0.33146383993410566
0.7139903236851595,0.7658859596037395
0.7529172361329319,0.4896117203835786
0.5210373288579939,0.9999999341260164
0.2851664320781082,0.7744192587350618
0.38579383989253735,0.5020008755543657
0.5500140186702476,0.9999999297184559
0.39800080297679186,0.33808092510894383
0.12295034002645133,0.06624431120521734
0.3050713588315861,0.7161329282426259
0.4277436388932796,0.5884727973307875
0.6913011103254227,0.15055990687305254
0.5379808132162784,0.5823321109273962
0.37326531330856527,0.7534463996409677
0.571121311210633,0.5468210990673334
0.31320691812127865,0.6077487469353535
0.4665159417600324,0.7058598199591728
0.3999772233602257,0.3140913285490434
0.18962611250090644,0.24070179327656405
0.6612930388518365,3.580333185482232e-08
0.3580900672954006,0.7438260251775226
0.47287072169103794,0.562202573730314
0.18562581772553344,0.47868711527467767
0.5785341515485931,0.4093660193245192
0.595161349031017,0.4367001634115546
0.5078230378841364,3.469624942908922e-08
0.6415419765830235,0.40980562123300857
0.3305176772650489,0.7961239636341091
0.266478566692268,0.7350367111995695
0.4026943452021876,0.9037967826012725
0.41736190530555284,0.8182679871402314
0.3469285503902859,0.5480638936818352
0.3864693189042496,0.8416078293474492
0.7579138060719437,0.18161156407737522
0.3912099330578034,0.8092080900283634
0.6715571256405979,0.8500412389199141
0.36869383406615075,0.9866474868896127
0.6307977486520047,0.570134727540001
0.47199771402407675,3.432645812040391e-08
0.40645390284020255,0.6286063651584364
0.3914947254239678,0.18246939073362256
0.6228296489695366,0.9999999246964038
0.7300353656941332,0.16554237232885072
0.45305368139411595,0.22930621463962098
0.1764455880118394,0.5610026334444171
0.43186075500404675,0.18042715069242377
0.356827372185208,0.9999999426147816
0.6233774180777489,3.2997750309959883e-08
0.571780135219619,0.5102024488731836
0.5377726888026708,0.4023038445775491
0.34242038496721694,0.7226405989138982
0.2191298907906436,0.4612490773904767
0.4355290647609986,0.34440004675441926
0.3651128031521411,0.31511446790839415
0.5535626133613722,0.6153431632868056
0.7135768437460048,0.7940227945643628
0.22488494418575966,0.9999999245398747
0.5202672828869388,0.3892745521210088
0.39025454027329776,0.760700665320325
0.23167806696387006,0.39386927654550874
0.34872131718899535,0.5116687772762631
0.45038822341997786,0.5241953548913934
0.31429039309617535,0.8340308140507489
0.5176837612738789,0.5413268587987154
0.5517963288130847,0.27242238780643646
0.46117957391779285,0.7698245578842666
0.10927551846518124,0.6947526891771751
0.43450088379731966,0.42408525407260456
0.29281584467105626,0.9572164560294851
0.5574351299764375,0.9999999238244719
0.3475076601270284,0.39408489756120346
0.23095544619144714,0.42444394238866323
0.48156373212792136,0.20572637268290705
0.6523478707893111,0.6764085867705525
0.434148278732819,0.3676991477281142
0.6367536737765338,0.4087492985313652
0.3814453993513105,0.21029485337255593
0.41983764643791543,0.10706529289660338
0.7244227854905665,0.3043489851186294
0.6032057200070247,0.7689437866889826
0.5707582025826756,0.3246559059576981
0.3664813418917898,0.833335704984794
0.5889866347357589,0.0985772380571106
0.338758906526603,0.4836702222626883
0.590535993882193,0.3613984969471993
0.3604637006270659,0.6580801223086219
0.1549878165137244,0.11074192301375874
0.6210840545917438,0.48573375144032127
0.5674050962000861,0.7914645780069876
0.4663032029867402,0.6737047759852359
0.4484953049507121,0.48912985651960383
0.37922863173323895,2.4246933350013933e-08
0.3372887108456535,0.8436497776275083
0.30760745276771084,0.4647630704697825
0.2621492618325334,2.5007697246337557e-08
0.44832027098937655,0.6859880344127838
0.24561592148247824,0.8339273136876173
0.3213229467080905,0.9999999554828527
0.1938047605924944,0.2934913160611181
0.2101601117637637,0.622472385890461
0.23519607392047748,0.1072660840298667
0.49383120085565624,0.592715910327982
0.29491987929455155,0.8583158968003417
0.48761881588162304,0.0766360235211323
0.38555917479904434,0.47247825083979933
0.407475360154292,0.39978443405776787
0.361488855810026,0.7435590582141991
0.41686898432987674,0.279702372470787
0.4444033703616266,0.3495336431640439
0.38006911598510307,0.055941379073978226
0.562725141783381,0.503191096725029
0.1619518005697942,0.5769264817419888
0.5276465530016528,0.6887531608819089
0.3432588812648367,0.3687120989335888
0.6877282842408188,0.9999999246022604
0.3084704034723562,0.6352593949909178
0.29806484196425354,0.47258758908086307
0.42783215037319877,0.26714625469795195
0.08479224388614215,0.8608401031367521
0.3811957618602153,0.800115015168096
0.3199140669963709,0.467485196987532
0.5643763658458942,0.607063818532172
0.4580601365641148,0.7269152633130851
0.5378742114753847,0.3871315080595714
0.4011002683679865,0.564133060658925
0.47655209371674845,0.4148766850991805
0.3482096276522859,0.7913265405771952
0.5230273743084277,0.8169462679426118
0.7315683519171117,0.6307449089185333
0.2859205088069894,0.9999999396941313
0.431823984124478,0.999999951825636
0.347451112983884,0.3394910665498294
0.3413760137041564,0.5527727663629491
0.5089483703057796,0.31600008129988666
0.44528506899821796,0.16479398173418147
0.581211452026579,0.6693473492441235
0.34682038403425963,0.08664813109904657
0.33316536483553527,0.6936152921078182
0.6613934077602841,0.8569990055146128
0.5119189364101393,0.5077981123830249
0.6061184105180955,0.30302702241700175
0.4901882184634383,0.1690866244801974
0.39382124657132556,0.7840615751669588
0.5228828103351271,0.5522559752075971
0.3318107334993661,0.7673634613648517
0.2678535931323296,0.37723406198099596
0.32653489115771706,0.9999999224936964
0.5973436004313832,0.5272589657012965
0.30701098077817246,0.6020722574161468
0.4984576618080059,0.7233384886002945
0.39264374943827907,0.8621121246923806
0.46669355845611404,0.3644466922636518
0.5801404724027126,0.5017282862950623
0.23323690319158086,3.271270543336868e-08
0.43916199226802277,0.7236406141339202
0.16925309954750745,0.9999999317453749
0.48162947488227603,0.29833848400276963
0.35050174898718245,0.5133931621823002
0.3166674700814136,0.7296528407181881
0.732494046701818,0.2650160326893243
0.4855192737267462,0.31251258837979634
0.48555370766243433,0.7437384851577811
0.5494369612349139,0.7858537584205152
0.4251856828617582,0.8177301679187785
0.3251150908002911,0.9597640614869718
0.31979441954758725,0.49741377831268707
0.5998425169955937,0.7153628998700867
0.43441740488873437,0.585054544872694
0.5767643748573676,0.5710899646480172
0.45303763072832615,0.3139861344026187
0.2600197304740339,0.7040899300265444
0.5198250591465041,0.5841521227385336
0.6408614613650099,0.6380482902982507
0.2932291261485589,0.243920927477145
0.47272979627546885,0.33184891099991987
0.6064764447255682,0.6827618141811129
0.18898531933552354,3.0711568399510725e-08
0.4493102404656528,0.6214831363270257
0.5383816430987585,0.9999999268146738
0.4431620705746888,0.7285824111159727
0.6876441729171114,0.38084398028077615
0.4048927263461808,0.3076635856652352
0.342513824085795,0.8596157570479761
0.1527878846396873,1.4804907522147914e-08
0.35901052194889616,3.334065112881035e-08
0.6233568040004664,2.791792397260906e-08
0.3486720594662174,0.7728272603625399
0.4813369651510846,0.42359902006148076
0.609501731705719,0.8212025978415802
0.5120475157936539,0.7269587027880569
0.6041725504119904,0.4168885956671957
0.5198576035791227,0.5004778815044837
0.38315476169443574,0.5046806977764824
0.3801792380716158,0.6311967811057784
0.3643825821578477,0.4229331924320192
0.3361672775612612,3.1469703287712036e-08
0.2071381893146187,0.8519385573615956
0.4098626359759736,0.7470325775164923
0.29292080553809186,0.9556573963447192
0.2699471956864312,0.4809470373658833
0.4282970963243309,0.13306518571181414
0.4426098467689217,0.43993420825454876
0.5369757794403833,0.7092932906346903
0.5077718839210013,0.22070835590971072
0.3647576771773542,3.253182612183991e-08
0.33144264436582027,0.9999999315537522
0.5045391490376545,0.7389750308439851
0.5013855342903564,0.580582356563422
0.4386303107503684,0.7390654577321811
0.34452607077534125,0.20220899443970097
0.46519403442504803,0.6175612332062705
0.3991104221128339,0.8532984361290765
0.1926993680756799,0.900637266036096
0.13444672796890877,0.4964905016311647
0.47099073301486793,0.20079992973368377
0.3745184916446971,0.720389947008119
0.6506470010674206,0.17867564461165486
0.6053710902077336,0.6868954252676502
0.45605886221092407,0.17605696247143499
0.47581521280583017,0.49156643410970347
0.32179986175547626,0.8277153512938469
0.5910289199675365,0.6268305291830956
0.2511600630816808,0.34061809912030583
0.2917604393579025,0.22040658335528818
0.6361614407073786,0.33276002346488553
0.29867117709497126,0.2145938077185079
0.40279160947097736,0.11989973008663668
0.6082602420795773,0.32585236951802443
0.5058633806395894,0.8028286716278501
0.3441025782413556,0.3577839965692533
0.640507388838742,0.803352371897514
0.6855417196828086,0.10830202199635153
0.13374970468544678,0.2557718225139425
0.30880292270128606,0.7665584935846219
0.41638525362689105,0.5568552789542629
0.42770838884204965,0.369151841108895
0.33528810555557964,0.2736351179055312
0.5639151382008798,0.4245431140752487
0.28368952190441554,0.8106034343442445
0.3849649685770813,0.23819164973619067
0.2594540329496007,0.633208365730713
0.4730427311648673,0.44561744289174143
0.185442930094462,0.5522246377309905
0.5366746837371368,0.7668087679092714
0.39328451080491567,0.9999999272548195
0.44961559560183684,0.7952656428063563
0.27265743581650925,0.42142640841731804
0.32836178640939284,0.1717007879024628
0.37527034885706945,0.3009083746852177
0.5182017309446549,0.5510633886335512
0.3314102879500824,0.27925124014345926
0.5490548599421219,0.5725440607914223
0.6930338842023884,0.4288231002214573
0.35278316138385035,0.6847969664815032
0.3595970348922344,0.41804630303884593
0.46287671521387175,3.52185978158559e-08
0.5096629221157452,0.804829665368036
0.6005048746601971,0.9082375623594849
0.5540131805436825,0.8265076487254319
0.28664736361820164,0.23217858468033015
0.41709865733453944,0.1381236028418087
0.30372405566828675,0.7073337617616957
0.18697273451970586,0.6653976062940394
0.2092874435485803,0.49259732620457797
0.19384563073283978,0.7630582595752671
0.370203419999906,0.3089764904501031
0.4562756393849563,0.4407090271157692
0.7506719314730539,0.6796064946113667
0.4720639626633605,0.6787880528418775
0.4966445247679454,0.6142681789302955
0.34803036226146356,0.7764695273667428
0.5360148200926202,0.49821034375741036
0.3680398333905299,0.9999999223093994
0.45728014801336014,0.7536006989324378
0.5799956864561526,0.2907447532855656
0.5161479778733526,0.48109246314576026
0.32363584172414095,0.9150487499896016
0.3457415364637537,0.5877654175760156
0.3449382276223485,0.6572706660096088
0.25995092751825055,0.7034299922625706
0.4488151684591104,0.2613329804204376
0.36905321976023986,0.1838366872884869
0.30472272019205393,0.4708206423647745
0.3262285842235291,0.9999999372580248
0.708467523824801,0.7320854280616338
0.6126977403811416,0.18696413547516855
0.48598648113011933,0.8528444647404854
0.4110430182092353,0.7805130075380973
0.3670407033163592,0.3128973056988045
0.3623023657589881,0.5759764212377547
0.47242210809823115,0.7851568369154656
0.4058771053745418,0.47913335051796935
0.609362383746407,0.1897666674542009
0.31772734408862613,0.2767430253297647
0.19406388485887183,0.5633192751909348
0.2377119490013948,0.4691532782359644
0.21212689094205794,0.7490449122325451
0.46999908451886885,0.7220849520490162
0.31005699115611174,0.33089398990531294
0.52938467912794,0.6585983687853592
0.593679430993634,0.5143642669812643
0.5070461823177501,0.2737840040898831
0.523141606742263,0.30375142369669916
0.5020588997478885,0.33696512860553085
0.3429030913199673,0.2233006589044777
0.5323647321414766,0.508702981468133
0.5281312097140405,0.30116922224958387
0.38152740276211317,0.5188435877770416
0.5856160181817773,0.9999999231256247
0.4835134259384888,0.5506534168873429
0.30035599474720565,0.19802143396788452
0.392964222568541,0.35195380808028176
0.14125978941758577,0.5378119334769984
0.248785805879987,0.5465691040233729
0.307659154578928,0.4618652712852622
0.16060286873576546,0.27877525136265646
0.40528688604989727,0.7589589773048253
0.559110165643613,0.9999999232240597
0.1842087523810112,0.2081506986040722
0.43978139752619105,0.4086909174148943
0.3390938370947283,0.2227096602634937
0.4000188220233958,0.4357782518216382
0.7308571378309785,0.41976999400410264
0.5060646082601554,0.98891479238684
0.2418106140911518,0.31074431368544
0.3333227293227319,0.6964549886046818
0.14939002517521338,0.02050677740402662
0.5772943392627656,0.2870862948762962
0.37121029368555014,0.21009775556978383
0.642248662702062,0.38939349937894363
0.6303522242974093,0.13463802106058154
0.5323498347761602,0.6435351256162036
0.49513663989645895,0.42995753418890104
0.5021518400328371,0.8702580048018547
0.7304060202770155,3.188047870139599e-08
0.34517973311548866,0.40580221370578684
0.37426188438574437,9.602455719459613e-09
0.7479774427533172,0.46142130923887237
0.45634674048922585,0.11755111234612414
0.24578742282097332,0.1497758026120657
0.4429123423151222,0.16593080534248017
0.6465837494104214,0.5774829397167096
0.3020280435597251,0.5368772030719562
0.21145650847154496,0.8067622417904907
0.2856628504621379,0.5402926498696061
0.6114051406821495,0.6027393971106889
0.6811205362190456,0.3967894783884134
0.3266116207823675,0.48112979193606975
0.3125633780284307,0.4431672299736107
0.48842846737988976,0.8881567567215782
0.5557465312392944,0.942642379903905
0.282441196487766,0.6882307769702898
0.5412867474665188,0.7247170630717683
0.45717208160833867,0.5709356713071116
0.4872653218908738,0.3620705005499403
0.22176793444302367,0.23222655488467936
0.37530906436460354,0.5109888715749946
0.5075460231536213,0.8495582909425643
0.25723426208932176,0.5686298595561112
0.5619517386091148,0.7656129587527758
0.4280630904312983,0.3411791202770438
0.41846557655997696,0.25216159646822334
0.3437289093040157,0.44897105443931196
0.40827467706349774,0.6483383824346625
0.3957078357639543,0.6777672647753192
0.4037175395931074,2.5124993641156834e-08
0.49741888380349053,0.6774365494067212
0.24621327216881994,0.7635160932183531
0.43141445046083193,0.6155222910603442
0.41907932970656514,0.9361286309476924
0.7858180005616746,0.6136757186855242
0.5080623736052412,0.7291792752265387
0.7116762624289468,0.47710263213079074
0.48197011509025556,0.8453016296380795
0.32834940197239026,0.4579246327870905
0.39328070900024503,0.9042266397849836
0.3927576569362734,0.7744980755819917
0.4064015904331413,0.3952585514955693
0.3278081266603272,0.2862630548450049
0.5643615417586507,0.8276394383923673
0.3311626208053631,2.7665979729363244e-08
0.19635517239591804,0.6377346118988925
0.5246207927609228,0.6504922793721377
0.4170819308289748,0.3817849592727356
0.3701785883555737,0.8707987158404435
0.5359592069740988,0.36157948492851233
0.5618313091334501,0.3843666845640463
0.4959232385469541,0.35941469122748515
0.5799441709811237,0.855148529121287
0.5286778212631429,0.31400595018271105
0.6758728254033528,0.7939026322501697
0.33003261674627726,0.6676691670926971
0.08851505406881799,0.6178558042515618
0.1194458360410331,0.8092461896802163
0.13934923373210628,0.4831168540341473
0.6096181294765657,0.30031326728899543
0.5354975645787214,0.8420799850614848
0.5186602783967555,3.1695225999328613e-08
0.35408444313315046,0.05941654688094644
0.24452190732512546,0.7270878132766008
0.23564151019079516,0.7787105586076599
0.34828969235459395,0.30034280591451434
0.6141813206445028,0.4675042020007609
0.3960204379198875,0.3087392760952987
0.43441952408949636,0.585024165108301
0.6210704199743815,2.3105556579139375e-08
0.31166977176553745,0.9560277248598332
0.32226038180973404,0.5232821656383244
0.14810492891083804,0.6488882703461449
0.5128483167929292,0.7401476767468438
0.47859225466983624,0.3031873652162318
0.5193357800052203,0.8129062141870769
0.29079523525285955,0.21352340229256228
0.5879010619839193,0.23222177507641462
0.4123238283102806,0.13066565307910594
0.38113247155707386,0.24784873392328066
0.5435903287491732,0.1880038354192486
0.7393700156775913,0.7570358643975865
0.4888001129124482,0.728163146086029
0.3088932631618371,0.46959427934733355
0.3076447836340579,0.9620200546375237
0.39329415292482395,0.31058764402001415
0.5794477724841238,0.5203290363882473
0.4476383469229037,0.12394998211057029
0.6550743761443747,0.5101881234034025
0.38283037906203843,0.3932234162129049
0.5189721021917517,0.7481972860957065
0.38955111955018706,0.1897033172481848
0.24876215868657647,0.3349236095280226
0.5860126546991373,0.49478325342219165
0.48415956571578533,0.19283320954593108
0.6585486174982949,0.30922712837412547
0.32943558715243926,0.5801567075891896
0.2758454426965833,0.3051676249857067
0.22851616356608684,0.3997281191390769
0.44572083118303274,3.337980203355073e-08
0.5717929702768636,0.4133763311119125
0.7121444098726544,0.6330332455596732
0.4704340574763801,0.642243088267545
0.5535873711891384,0.3130945384402075
0.19279557177081807,0.7646944102280955
0.49843057187872253,0.1721476191368616
0.49625580402159075,0.3286738743815256
0.6723326289845528,0.9999999344412203
0.33715175028416455,0.9999999319798079
0.3963684799464482,0.3192241572956611
0.7223964160873018,0.43405337803305244
0.5190441959628811,0.42990231261217815
0.46536278450171675,0.5116014727581444
0.4144653733011352,0.7612619565932128
0.38172645471422273,0.7048739603205938
0.5488161716547202,0.3014375829450806
0.2394711194714363,0.6372403303077121
0.413134449892409,0.9999999296466022
0.6103251859004004,0.7140613417804644
0.25835296551761777,0.6473648778149013
0.5976278899124874,0.5582866733372107
0.42265822975476075,0.2871804161242366
0.3997995211692573,0.6075168369882036
0.3910747700430126,0.8012742387300946
0.5124260111056635,0.30286092620908533
0.22964013877325673,0.8974430953280752
0.5761417436147904,0.7448509053170973
0.47668955078643327,0.7640364204976464
0.3931115730586874,0.35947699192534444
0.4432417518214531,0.41690959870339483
0.24182979997121423,0.3027155232484411
0.40856408560388147,0.6433446665033209
0.6882701049173008,0.9999999264530786
0.23569965661606496,2.8698973864038635e-08
0.4055433170949221,0.5149816627249955
0.17868293820069203,0.50633709141011
0.3374821487442703,0.6454916340857899
0.44848922089134335,0.39871004905220886
0.10181388881879139,0.2977284891354195
0.45810704245761524,0.9999999258319718
0.2727248336816652,0.5921649997097944
0.16918502253958767,0.9999999317690857
0.3559132900218236,0.08482067258422887
0.3502032144344147,0.21355578001172404
0.3913497519290541,0.14202112332477057
0.5414010623966377,0.8149390131929835
0.3089570893504736,0.5943332582128242
0.23693497776920447,0.8547373587403513
0.4401547173038547,0.15579835010292342
0.3394757960915369,0.9580246135472024
0.25283890757213223,0.7044290301896261
0.3284113941521216,0.07206972568703307
0.2812268343091149,0.25455258436402417
0.3054080896498541,0.7123559865608868
0.4448770021555166,0.3741183479087802
0.2504227755355024,0.6942414699835417
0.5466284333715645,0.7030544100954295
0.416805858875938,0.8110754308592725
0.37872712013951215,0.47618942027549593
0.29368529600522386,0.6327683753868847
0.3018227811169667,0.4529779583677147
0.22871539217945758,0.15944542661569017
0.4379232933728421,0.7891320568386035
0.4169799517698336,0.38183536190284073
0.41935176109934424,0.7583444180259065
0.4055480524821018,0.5149690619800502
0.2743355089458981,0.7280057561217781
0.45863285447398683,0.5525775302974338
0.4505044580186559,0.8415235716593727
0.4287464330821731,0.2939310895472076
0.5490877710574731,0.29662389256866817
0.342515747991623,0.5342528685932777
0.7301544442804011,0.15610066869139416
0.45720906069228384,0.8309904794489604
0.2660922692080123,0.6091020075199047
0.39187883303383364,0.4708572466797918
0.3417194980210292,0.5695934426999258
0.32590584686074786,0.20072727945684576
0.45659573425359845,0.18866851522099992
0.1568562070297035,0.48842735829012085
0.44502666718884676,0.2782861006023829
0.30605005876282876,0.8266180543566684
0.4817430155748821,0.4245248488293889
0.47413228602091895,0.5819763688121036
0.4400501603755185,0.2730181901127757
0.46206371082297526,0.8295652371541209
0.4801117375468933,3.306984552864378e-08
0.5148864704767626,0.6745513557136142
0.4128646088667134,0.5997758398842237
0.36273132606228975,0.2904853724623493
0.43482091094370956,0.7395946801455366
0.49860733083965814,0.3587561599328488
0.46719392160702844,0.06875275988274865
0.45805032160798476,0.9999999258499557
0.29796173749663835,0.5265413982903233
0.5545871329519998,0.413988324216934
0.44589599915489586,0.2150034131819929
0.3318560461102722,0.664590290433086
0.45586715306732817,0.6028111682789081
0.4396614448325056,0.6658147458604979
0.4510853982083538,0.8921349154914964
0.3495120291062075,0.32962493568288664
0.5344096514290859,0.4106653541170786
0.732643550733064,0.789377164267929
0.392319604924972,0.8036830909012131
0.5276673349785992,0.6622816108870033
0.38207274157980464,0.7003539046207337
0.37292091247071824,0.2119802297985629
0.5040244210304787,0.6309333743639591
0.21452562884954895,0.13581931248711498
0.45092873146196943,0.7682250084836824
0.3440781489671414,0.9999999476116059
0.3377308549725502,0.29913231305047105
0.3677421690481286,0.6797669431624449
0.36123354199237756,0.48959469606357686
0.5327698631648317,0.991941739133928
0.459211592362188,0.7880129143538817
0.22673228955404356,0.6742959675269233
0.40055325493864435,0.37864990322479386
0.5389393005226566,0.6106517390434831
0.5579616345492369,0.22312555858466965
0.4615196814560778,0.8289503839308523
0.3653671384137134,0.7438281474519499
0.5348672108614148,0.595747730675253
0.2949368232281655,0.32720968284140994
0.343513314101179,0.81260431065094
0.5023957751011152,0.708787255889181
0.44999590299699976,0.8350787084748745
0.6684168395817003,0.5342674675442183
0.19442128137302372,0.9999999347580193
0.6023304556428419,0.4266284156708906
0.37459994677859054,0.018684744027723355
0.28925226696030304,0.40947090465269653
0.3742172013198064,0.7420788099691542
0.2956331103772962,0.9999999254077494
0.4669128749202778,0.6124331614332448
0.29822859750098507,0.21037080429463018
0.32110054001156385,0.6194159407862756
0.3067743281974895,0.47651062380165143
0.4855856514639001,0.3435520255383189
0.15116294572468236,0.3273114712124183
0.13381019238274838,0.32922270651827645
0.2855475673160428,0.5401485388125344
0.6586325296598132,0.49688214946995046
0.5214777038926375,0.3071284895576518
0.21526665937244083,3.539494031201684e-08
0.5925436265857642,0.8043857663711087
0.515915636809599,0.8605742067566418
0.2588224811128752,2.741133187100786e-08
0.46385404130490615,0.7789888397377496
0.40019269932417334,0.22121785637920155
0.5070876170458445,0.3467590897527941
0.47998922186467485,0.7154020289979037
0.24490200206670076,0.5170814100306877
0.25238311440125605,0.21288703378572293
0.3234452137135966,0.5751164430512254
0.5024586388703125,0.2952774241988223
0.3650615228493357,0.41504150941342743
0.3535239824724248,0.6232564502392073
0.3076756577947797,0.5991436551194234
0.4544155435885253,0.8592072184081552
0.5407088167868332,0.3948087824233575
0.47522679584828875,0.7086942911637415
0.5513531049854477,0.5088568615534115
0.6763144390552696,0.625878097494013
0.6333360925798193,0.4149114484932177
0.21677940222749736,0.6239354835804214
0.48066631749156663,0.6579061191852027
0.3091584850379854,0.5850133774691528
0.3148648961968168,0.7305654225899048
0.5478856404698456,0.9999999266420723
0.4753131541113178,0.5755085107650544
0.3426062951751563,0.8748609927472586
0.46213810994396676,0.3758196422580582
0.39298055284018796,3.1607612527295714e-08
0.23499169658394115,0.5535233701713409
0.38639536485012327,0.4374157105309173
0.3420600644615077,0.8666025998005118
0.22641080696506632,0.842765669429717
0.6588387837648564,0.33136924839967463
0.579710597326164,0.3924689287829075
0.35834154482606406,0.1511549866477786
0.6533828735460743,0.3455707501588421
0.4805835884373377,0.8576636777009625
0.15300937260646075,0.9277698688912785
0.26339175124742376,0.021004169654418092
0.5365398496151266,0.08837908219807389
0.2760300599771006,0.42487023447285566
0.22188725105560847,0.4339238787641193
0.35766258260527106,0.03405894706921586
0.33990719290489757,0.6570020117687712
0.548631947389493,0.5193072036348134
0.33936886598239324,0.029523099525910368
0.4006369121448352,0.37722821523400185
0.5709963651272218,0.3243598764757998
0.21307167583554376,0.8115249473842887
0.44390569943591807,0.4645422830514292
0.27331399444205307,0.4695494735188923
0.5139863617460159,0.4815170684091328
0.5062101794445244,0.7425894796431649
0.3392007384643807,0.9094310526781406
0.27890046099568,0.4566702330301915
0.5357172984636875,0.886632245749631
0.4322397090293575,0.7337300366562332
0.4171478889379334,0.1409393470045437
0.5234198170379449,0.013186919221993776
0.4522117736385147,0.5275263792106877
0.483508296446284,0.5509804755775569
0.4665076703702593,0.3935225478842703
0.3064379224231324,0.46067047846633
0.2734213558717431,0.206919982921697
0.646721689997726,2.3133488014082104e-08
0.43924940754469466,0.5845513979847041
0.4021725829585492,0.18304538072682064
0.3954378467683246,0.6389681418057584
0.37519449782349357,0.4624053034801854
0.5120258372730553,0.7431024390688954
0.3988390238813868,0.4894730566485954
0.5077840330044157,0.30599612493567463
0.6086076672634042,0.18947073648418566
0.3553490483631858,0.20848000189240423
0.4003151340003823,0.5059762448191805
0.5541120675835014,0.3411443549063051
0.41230807360654165,0.8143391992979581
0.3860427490809544,0.8169835384507032
0.3306061538248586,0.8827600694319457
0.44465389201089245,0.8301418598165533
0.2122340452433522,3.08573540053203e-08
0.6248074487758655,0.15248270904247718
0.6622041089715252,2.9923988620339514e-08
0.3066184058293002,0.4441483242055284
0.3476900291390934,0.41652315712356724
0.5172745910980812,0.21933240739216586
0.462012541402927,0.4216873528891263
0.5352150022625333,0.48169958289737735
0.47131219156056003,0.2757145136542256
0.2818426499196445,0.7170748090912227
0.32754364633280586,0.4094056791812548
0.5395973584874376,0.32628063501442384
0.08509385514593282,0.3236390529249604
0.5086548979370495,0.7140149105484532
0.39278015907300645,0.7541999220158964
0.36813245607421363,0.13603967882546186
0.3041361932075848,0.3806316052091674
0.4955149650068531,0.8856458533414582
0.46597484255613386,0.4374025688968466
0.3047068515747129,0.7230887413582394
0.6384969736321531,0.3822576563335467
0.2878803145677513,0.10887482254896597
0.4348992033564696,0.7379213819277339
0.34167921717621486,0.28402354807908736
0.6723893066036606,0.14874685771228613
0.4577634287904151,0.4609126616047874
0.6505643123847129,0.5024614640699703
0.5870578128028421,2.9612049701199794e-08
0.25296883435295525,0.12282350814372833
0.19973687134144846,0.8482779545369823
0.7203154683321982,0.15782085732568518
0.2664781852038862,0.2384363593359744
0.335533516108355,0.8442762343635088
0.44765669365835814,0.4789551372586516
0.2991697182599413,0.5516321210686641
0.42940328259421623,0.22840360171355556
0.48944017083788927,0.5852356263528335
0.37418957736066893,0.19326769431052426
0.7029587398504922,0.626229984740938
0.39743324390421186,0.588121536076784
0.4556876871153239,0.6609667977302607
0.3268611295364159,0.8106026841174483
0.24061005609298025,0.7063029930128444
0.30545075619483697,0.7106205745426912
0.6392687671294741,0.6080130946532911
0.5256546347990554,3.0741095002895236e-08
0.2162227973609374,0.3368872669923739
0.6932321346381789,0.02391681017464009
0.32338989134254525,0.2501500449546725
0.6724904234144624,0.48930068542958693
0.06881995402703867,0.5119155280164698
0.4996779450366109,0.48246207263485275
0.5643077009777371,0.6640652531083866
0.4050317012868456,0.3409960390091413
0.43346624719761273,0.6698146391066793
0.6519567782147986,0.17577668308218364
0.572251985804014,0.44819179952360955
0.46109226880462684,0.6994450523328517
0.5477197115541901,0.477018142045889
0.44546423499846854,0.16079429904447196
0.15741468967687267,0.4314167246906244
0.5650390999820547,2.5403195991202665e-08
0.19076771115320268,3.594967523667947e-08
0.6205669004630336,0.37853074987953406
0.6154896631917115,0.19063286785058509
0.403879812452256,0.9999999425093407
0.48717362259513175,0.2950986359861396
0.5063050255963497,0.4723145028717646
0.2525204473843119,0.7407847532241263
0.4412862185954838,0.7318728438708
0.31290770651457667,0.38711494431656845
0.5957366737544416,0.3729759921212086
0.5835543738509879,0.8037263619278896
0.4411662993799883,0.9999999249079181
0.17913520694449758,0.575684247384018
0.45230481665370537,0.7348579203724448
0.4801445151162902,0.21254633606370277
0.5884547462815846,0.7869626114419361
0.4044726369259939,0.7977337163712299
0.5043807123741053,0.5317858947987197
0.4695381262015119,0.4667937754786422
0.53179000679323,0.5046056889735766
0.447219787087918,0.45172698678315015
0.6894116699479214,0.3264541544963464
0.34540521653601797,2.998637782525293e-08
0.4854222985143979,0.9999999424225194
0.38488063326714705,0.3421577871070127
0.5441495738452455,0.8042209499308122
0.40722839460529014,0.1425149969363808
0.423248114771531,0.4372512628571954
0.4433535158509878,0.5864456664043196
0.6060037758575412,0.20744640713411044
0.37869049288483314,0.4962642882422301
0.6425252038616289,0.150679506058367
0.08107962677851166,0.678023494927217
0.26208794724092854,0.054431807573685376
0.2473627371695688,2.599246684553691e-08
0.5326425022498413,0.9999999288013264
0.5378310642831452,0.7264471655767046
0.3241433504874496,0.8284274141062937
0.4176183492455374,0.43573888827659957
0.4975932563130252,0.8731138569302921
0.42631715364915523,0.678922384607791
0.374182347703389,0.4971990528919221
0.401811073011491,3.559587469226244e-08
0.3514702656213293,0.9999999354948272
0.5974196784599006,0.5620398910055293
0.491925865975988,0.6049384158013567
0.6140589169778585,0.17078404256838553
0.33217485121768897,0.8743977490019716
0.36537771023340593,0.9999999313451795
0.12403192478436909,0.587711946875114
0.6162435772791639,0.9999999294677089
0.5723864224971114,0.8231520720220544
0.4326470592506668,0.4422348755779595
0.28204837725231613,0.7182995482708527
0.41530431892621733,0.09667347642564295
0.45534184009956435,0.7881465982831735
0.1651410509373057,0.7417793990370747
0.5332634180975542,0.4818511566695953
0.5935030892593183,0.38043823286970735
0.38122587217872894,0.5583151560382404
0.4465644540209781,0.11490389429054915
0.4045831323486855,0.8075041583261644
0.4019396401349016,0.9476055003053254
0.569986182889429,0.6177423389166314
0.5518202381986668,0.6520428495815302
0.4719678545077386,0.20202000762652972
0.3978595478891287,0.7665473651645449
0.512437912955495,0.7655126939261869
0.3074651843091396,0.21201059010674328
0.26074999870563653,0.2999767106667903
0.5661683856372641,0.2497302276618356
0.4292220560827902,0.458578472526451
0.6508076812531445,0.24956152039681356
0.2340291413665163,0.5473272812471137
0.09501203720593088,0.7059404771616116
0.34640911048155765,0.9999999237641539
0.45023621119523183,0.6255149164067859
0.5753800087058449,0.7459492752448718
0.2756600036923751,0.5190977937776573
0.3798736884860636,0.18309367134051513
0.3227669887722646,0.8676475936767396
0.4960707688783996,0.9999999359592415
0.31229720957045526,0.30273176177323435
0.5010742396552401,1.894404988433962e-08
0.2358487282164261,0.5526013249509667
0.4337994731163004,0.5437275430167752
0.47388735906951673,0.9935947821800646
0.631622636345206,0.7329411932902161
0.45956830216964395,0.6169689687621585
0.10326059360820183,0.2802683124865091
0.46749367050834767,0.40036817403406744
0.5340617670774783,0.4136997053878204
0.26402626409709695,0.6098785478772655
0.6177914467964616,0.2693002208241282
0.54444539198151,0.6551489817463718
0.3571745811317997,1.6810737690775568e-08
0.2980708261453051,0.6046538532168633
0.3106479338954218,0.30826498019992243
0.5577447932365822,0.6679612385256206
0.3767332993597239,0.667263199456336
0.41372019674696814,0.2925040356863988
0.41138469136939637,0.39095673395538455
0.42462718390279575,0.3842556115267399
0.121946405316534,0.41923652037967685
0.357023370917795,0.40742146362996934
0.5708389915200507,0.5721649210598656
0.1998016625229062,0.3240648473363983
0.32207527867570374,0.630477012642757
0.4468016223619262,0.7851050163563862
0.19961017923186208,0.9719717918804491
0.6927527756036951,0.6155632813183267
0.5659782428540652,0.42286671922009944
0.20073174336620436,0.7647990736301686
0.6174782982204907,0.5959086993084952
0.47504798396987225,0.5319186307138253
0.4495955928508715,0.15559612602243078
0.25909997192726086,0.642799714862214
0.5593256586424906,3.068347709245245e-08
0.7145334875383651,0.794451815807367
0.1373428191367747,0.8011878767922873
0.17393644870944414,0.1788760917668739
0.44315887517915087,0.07058218366629632
0.3767761170117696,0.2100406454803796
0.746347832932452,0.9896760400332028
0.1404734435039776,0.4932634145026711
0.5507937768993463,0.681383118151885
0.45875084128936106,0.6914430272224514
0.46842255420775114,0.3214501651594759
0.41569987807663233,0.31787188808443645
0.45010565637643474,0.6234404282365666
0.41997325683858966,0.5833939309195664
0.4076850893849646,0.6108530897311653
0.5860099227344571,0.7363645635379008
0.2593396787250688,0.6757522715302358
0.38286655575558415,0.4540208408344668
0.6380110443033615,0.38674234028741594
0.31047021687525067,0.7553219863966021
0.7100033776665984,0.3477411499565868
0.42158829867579195,0.3463988436670782
0.5624921783738492,0.8651370894714177
0.2722141261775808,0.5568481371046765
0.3304906963476544,0.6950343014045686
0.5549342180524532,0.18460015966120125
0.2180126426384854,3.250373126206796e-08
0.4911933306895988,0.5596458872659476
0.424800041160331,0.5138843748383195
0.4290856874943132,0.3441235258088007
0.5285847335719893,2.8893385461969956e-08
0.12475751259944845,0.5810141183003275
0.4304142931232069,0.44392399218067524
0.526461238663384,0.7248575427045196
0.6095297384723466,0.7029138394703018
0.29236733373118984,0.8239504824949151
0.5227600514180297,0.7154178141489602
0.2758816387496603,0.7953886622135009
0.4157511563081431,0.8626204498342638
0.4424766436365357,0.2464547234393848
0.45275034362846034,0.7368133926572007
0.2532098058699206,3.188549513311045e-08
0.3585102867106915,0.13556248737583232
0.3868346086325456,0.47791891119015517
0.4463655841033032,0.5582943654861978
0.4993859044742792,0.6080164562728498
0.6274438595968728,0.8334288792220974
0.31668261747229876,0.52221148592335
0.28243593449846216,0.25914502188122057
0.25163846372441157,0.8328018726724373
0.5545928624645922,0.4938412442716533
0.3491398194671933,0.5458012249426005
0.3107959835441747,0.9999999254469749
0.4395128733419216,0.8569314260842944
0.3789117219602387,1.0681127093903342e-08
0.3908461750100942,0.2606832097489651
0.4133431841265893,0.36906266319589776
0.6010674432933345,0.7068865452661441
0.5710344407457857,0.7978276127860227
0.2624560661547206,0.20303843291201673
0.42731526311175827,3.4060743558939066e-08
0.3978157111747245,0.5299522942641772
0.44714958611337696,0.5994467128791499
0.7414024113111553,0.10181768696100946
0.37117196493432836,0.5494188132630207
0.07272604403541516,0.9999999288678509
0.3929726142958696,0.9999999272534659
0.26675819478426277,0.4249557301324707
0.5232676472023314,0.6567657160493496
0.5672404381944558,2.9748917995675583e-08
0.5274711871867943,0.34014080015499815
0.5136457678007402,0.16052652156702507
0.27608664478936173,0.3921624195354454
0.5442399874116801,0.1499201211584591
0.4761550073050924,0.7119887397768316
0.48339998861214317,0.3458217734096749
0.3801567711818543,2.5690312099868606e-08
0.4331754061323947,0.6981789465637895
0.408783957450765,0.757594267139968
0.3678947256344869,0.9999999302974629
0.3286976557014514,0.9999999336156016
0.4621115634029218,0.35943300572064985
0.08690141636666349,0.9999999292470392
0.4459382037724584,1.859629961131759e-08
0.33940959656159286,0.35768828813418097
0.49400170494305673,0.4807155940177559
0.5174550790311092,0.6818935163547017
0.3536161948448622,0.7095585127071296
0.3773348297940955,0.5817850313318615
0.5441547865489258,0.8047773392230972
0.48903499150658636,0.30772820442585314
0.5138630075456163,0.21592644047307985
0.4267660133193667,0.059557509133899345
0.25455480402303854,0.5041700561207421
0.417813742132946,0.5267664131340517
0.3272416914420697,0.17504849684467416
0.2969547249228093,0.2350031926326004
0.52291641087047,0.4028122952060862
0.49608312046025693,0.5030296882355536
0.39339005051166387,0.6359356988040794
0.10510759893439037,0.14139314067357844
0.2929522650823597,0.3543440592228677
0.15434505344702787,0.7954626776254727
0.36057262968616977,0.3772445931507349
0.3802564985578245,0.11106033445554075
0.4760050883853566,0.7042959401228259
0.6067378420425684,0.5584253752747017
0.29724996764394795,0.684614790210837
0.14617941239951504,0.6450733265664077
0.5961459313479218,0.3098093369832995
0.4677367332983815,0.5814204860650669
0.4191744871358285,0.806345755287385
0.4997200738944665,0.26872385398397824
0.449720299891458,0.7955180141157889
0.635879997341354,0.3585814770396425
0.35776407052664894,0.04003480995882924
0.3622241976770244,0.14924026506641752
0.5924029608385877,0.33576540137627475
0.690099247696863,0.15171952190913274
0.5489976694441592,0.8629105476817429
0.5709855233223999,0.6080276387168766
0.47103772856317105,0.9914046480158589
0.23826099021707225,0.23442863284431326
0.6133769094400803,0.41072712626406016
0.6096032852106732,0.7565049100461785
0.6245457867522632,0.7598305042669686
0.4523493395160201,0.296872579887939
0.22785275631640323,0.5549262276641898
0.24653223283209558,0.9999999226366221
0.5994044042223701,3.585298813391091e-08
0.36975600607241477,0.33049209864523377
0.13131522115107686,0.2019180867974839
0.15226219948404873,2.7483586961807305e-08
0.4430986407102111,0.8046964756978667
0.5272792090162848,0.06425592345484077
0.4350681342293057,0.17799657180431794
0.4113860179077413,0.9999999302427938
0.41580526143306784,0.002306750441650962
0.47109941269432465,0.2650402528355116
0.6702886114841582,0.7012569509843871
0.465787140334736,0.5330811146221528
0.45785197150880297,0.9999999224169827
0.5581046884930614,0.7018434571236476
0.1558969726771009,0.9999999256183862
0.4207265844340302,0.2449262836963655
0.6097498756535775,0.6895487875906987
0.16604345132539633,0.21976761495248098
0.30344868253788704,0.6976987965162564
0.29898766649392083,0.16011997559460767
0.49609463239843565,0.3416563453693193
0.6444586537976997,0.9006490602851045
0.17783861185070204,0.05338984812846803
0.2804058501806952,0.7563216623738462
0.3953905052676827,0.5743239106454574
0.5613657855840462,0.8731592407953386
0.2653530882641073,0.30554097810727754
0.41168352858306845,0.9999999260667245
0.4786175922878293,0.45115320534918624
0.4520780344346904,0.5314681135978674
0.6197887776630595,0.7324312474254313
0.7176089275685498,0.4600726137327591
0.28625681873931796,0.0381669357185217
0.5435795107255181,0.7706898744153712
0.47344105011679005,0.663555140797385
0.5427170524769451,0.9999999257547003
0.27819404610964726,0.3705528738974557
0.24887180679698684,0.9415443561270358
0.2134777544878812,3.397018488726644e-08
0.26328239675795073,0.3882034962518013
0.6971352427904796,0.65085782790662
0.27223793736779367,0.49869682755033296
0.12840299516694564,0.6519650253403384
0.4848620187923025,0.7169446410027653
0.47325865388308497,0.5260324698121757
0.24512590883269425,0.44150186519385315
0.5368012927234229,0.7815679640796489
0.595326414765422,0.7341603246348463
0.4260442092994392,0.7822952618036787
0.5484724880093825,0.8164018635367682
0.3876204956459719,0.6121573101806774
0.39243566230611693,0.7661424719129712
0.5146682621859777,0.2746584248964723
0.6036542667915681,0.9999999351565414
0.5113615117771482,0.5673820051112344
0.5060925768923994,0.6533934309317821
0.13549033670559085,0.4006053991739229
0.2674132448537643,1.609183541972925e-08
0.5192546054091931,2.0705495984429945e-08
0.2047911878951023,0.1298091203349685
0.5310273656233853,0.9999999307753242
0.3709396599291028,0.19247974462368234
0.5779119089381055,0.9999999288413548
0.5321726277031869,0.40837275030981957
0.6069932658132022,0.5595952145759533
0.5390589789296838,0.5477061754068444
0.2738858504436994,0.787030807794384
0.28892546243311257,0.32812881705931574
0.2935310434623437,0.5489525010684737
0.4940577333160423,0.5806069097415296
0.10242292953884391,0.29260611449262086
0.18364788848569535,0.5147396629521879
0.6278296655808955,0.15927352497763891
0.3449282563753777,0.5807204589356658
0.4842830746887059,0.3815494574718734
0.22975226238833324,0.18175788105528312
0.47208367498482096,0.22467731195114382
0.2688507522177588,0.7908568382486649
0.7008858883403288,0.7576118259920506
0.47224615019485094,0.6393317602299504
0.49611764298269323,0.5715982710921423
0.4019103139841991,0.3902224472556455
0.6702480891808085,0.42393523604837213
0.1955807009176196,0.8329271288095548
0.362467488972428,0.3257622481884255
0.3441111155557235,0.5644550969449256
0.5074492029843247,0.900338906518936
0.5074584252438035,0.41659993226761927
0.27130573688961634,0.8474099687825856
0.22893219687885713,0.35871913271478206
0.38548301942957774,0.5008235257397686
0.2737509385147092,0.30990162310516567
0.5767629915718833,0.7246429329161685
0.3804787101114364,2.781598240630956e-08
0.4593217439012509,0.9999999318972854
0.7338490124987476,0.9900682651510877
0.6147648218945441,0.18984821808967922
0.5654801509931953,0.9999999390721506
0.48638582740129177,0.8537559077217658
0.5740277964359923,0.8223522652413386
0.4446827305338714,0.5931886402339153
0.15507875474143207,0.10937304175887874
0.42734427853321133,3.4019844719068715e-08
0.6049247068222292,3.3331659210489306e-08
0.48416476745621706,0.19490789715430168
0.41912208317936983,0.1488353698146625
0.23202433073401085,0.3614665231156806
0.402265831946234,0.36162041779896725
0.45925081818795865,0.7201426329213874
0.35160070306428404,0.6011055534298251
0.318979983408465,0.29253589496197563
0.5182499450481668,0.9999999243417292
0.5215921349699228,0.6131764325577329
0.3560726186638168,0.9999999222224218
0.417665325873525,0.238116325294218
0.45070781682820504,0.7627100967304834
0.2716217806450678,0.20120966752867986
0.3610615799643311,0.9709581298791292
0.3217388212586365,0.8279521755973285
0.19245662187187618,0.8084284976733471
0.3009902334336396,0.36282238560759694
0.1668951741700857,0.7400704519255932
0.4113779209910722,0.4745153663412509
0.590447840189809,0.31295963822303463
0.4030332092775941,0.37013497179182053
0.31877582013059635,0.560952822882804
0.18780490166854769,0.4239688435238236
0.4597554486710522,0.4110677728417258
0.4426021518323928,0.2688231507322776
0.42555533390187517,0.4907589450463341
0.43711430695343534,0.25614327643056
0.20983692053165726,0.6173557597776096
0.26865838623141514,0.6540040691588054
0.3378115174974976,0.7767672664569432
0.3394038423328243,0.6142460127925311
0.32135196187346127,0.5841833297427144
0.4347430496637483,0.5075494475968263
0.14607632263607018,0.37216409867646405
0.3493072792467462,0.8021072025091449
0.44690021737483265,0.47524954084568094
0.3564107362900102,0.5296823086506066
0.4025726750099974,0.337676023421686
0.4866299127176936,0.8058813415684618
0.4518475427689399,0.27406283716821633
0.6352756954799825,0.4241025525466746
0.4505022809432795,0.7681306982736444
0.381396315449662,0.6698893520382718
0.6025774546228062,0.6072647481934759
0.4459590813666563,0.8551475457340416
0.29581299455943855,0.22387893661340286
0.527512801507199,0.8340006513810785
0.7141977359240199,0.9999999294060338
0.42276553769468483,0.3483651906064722
0.3907789907463348,0.8803020989447532
0.4399638786663047,0.31674502892311907
0.3634332593686511,0.6938187379378284
0.1725262797900129,0.6268453751875178
0.3722489151726096,0.6285202759028365
0.5162178927194834,0.5298497302072356
0.4189969096378485,0.6282955699313959
0.6735858155366956,0.9999999390988066
0.43723160649044157,0.2812482801271585
0.34214583660149867,0.5513587480370887
0.574776431945816,0.34706489132543794
0.5033244815786673,0.4096497713488958
0.4846781344362112,0.6507215403840299
0.34215346366372135,0.15126250709219136
0.40184114446740304,0.307374912607024
0.3729036399821819,2.9360581521586937e-08
0.23221221098551936,0.8672422922368703
0.5342960322524117,0.2737488459069617
0.4114504147689364,0.23855884709699637
0.541887519285682,0.718320828639925
0.4376046641753142,0.5799140007524066
0.5960787407865427,0.30897866609243607
0.5899187624098712,0.42205433934427106
0.30174400116755606,0.5325594708245447
0.5075094460858756,0.4460701492226029
0.877998258333895,0.597913204136038
0.5260692253886785,0.9999999266902151
0.4552210411858644,0.5620804291058015
0.3665408412542326,0.4844382024297573
0.34102590233726815,0.48846221271958257
0.47766907735027697,0.5721477951239748
0.25842437471692836,2.6619140669481567e-08
0.24095447678278692,0.792598305663418
0.19719036408162705,0.6403234286355861
0.5997124239930414,0.6636416533132561
0.3399426482331491,2.6016895304792342e-08
0.5899551473029363,0.31291226066498723
0.24557259110729168,0.8339144063714556
0.18022064258704562,0.6767479183346303
0.328162241467175,0.5874050814437837
0.34196335590575355,0.47359425324265203
0.09322308883989949,0.5174771348493508
0.7207361212410865,0.4122313045378263
0.20332378328527945,0.45746867514440126
0.5960413152311892,0.5252276491765642
0.572575012027666,0.1910042145532067
0.4075691829588455,0.39253223168402585
0.5924970266425764,0.8223311559058004
0.4127808284070076,0.9999999309199978
0.32727948615979496,0.4167452410726895
0.4465426816119322,0.11506168612536527
0.1533712728373886,0.5858024954232519
0.521150673934283,0.3495132560554097
0.4607368256138873,0.7722720023556384
0.48837694895964257,3.111876623052012e-08
0.3446728135114232,0.20256307717971822
0.5750191932728534,0.7895030460666099
0.4805352797982092,3.407172854963392e-08
0.19442128137302372,0.9999999347580193
0.3375931419627691,0.049287369454496854
0.3970600394812034,0.5858261541028575
0.5846372872729697,0.16693441577429624
0.5870151201210971,0.9999999268789743
0.6486895457473492,0.2488433003518189
0.39809509642062046,0.21291184507293082
0.34248236487133843,0.385438141144693
0.6322947897735864,0.291996391949219
0.37139610345536456,0.1749337655862142
0.16064303722326168,0.1177264929080728
0.42740225569489354,0.6255742771666952
0.5049561200651511,0.33348371846452096
0.43221281607609985,0.1868119699129771
0.4469074788277192,0.6126866327303304
0.33197079300184607,0.30649510735791097
0.3288204182768615,0.08311431128119295
0.4724566189983328,0.48847489244236897
0.6988624637537288,0.14118630113209463
0.5974289772286379,0.6755075608910097
0.6404745791161592,0.18938314931057576
0.6240771641876006,0.35595481480408253
0.33346402902907135,0.6072253491220359
0.49447445933882017,0.3102859534583118
0.4178971452211724,0.11547752569967074
0.4163093012183938,0.7506209731820555
0.6469722626949448,0.14175280582924898
0.4388058506465664,0.32119024391314355
0.32296540310653477,0.3332472198971388
0.24235125572025407,1.8936017198711852e-08
0.45772107057114786,0.5952457062582468
0.4996930557739514,0.2871981015519154
0.38230654984539214,0.9999999310536083
0.5621288557552466,0.27761195818718676
0.580348669548842,0.2704336776042062
0.4706051091918213,0.9125567086880615
0.5221039581793532,0.16163304442808624
0.3323760953857522,0.4348707637749136
0.39184771212061387,0.37913694783773977
0.28862191873828813,0.7183859099365044
0.5036257569750964,0.7346619791270221
0.41588477170953553,0.28804852905408396
0.7622718445612504,0.8479998758456659
0.6587545732833844,0.15578604577248711
0.27877212153345887,0.7008604713780215
0.3733604820315133,0.3779782999967196
0.5479906352776505,0.8648261261259229
0.49965069555743025,0.2868272825592797
0.21961904332757198,0.279252082015951
0.6181038763013884,0.6141208422144757
0.4774202532156564,0.6989418973951231
0.38627423302532193,0.6913002438998284
0.284121545404072,0.48933690457926105
0.41559816967913665,0.7406037029474284
0.1371746034495689,0.35500033801057995
0.44806541457828875,0.4040281820965639
0.36891276633928527,0.941546133170398
0.5599778158248023,0.8004578452996896
0.5003677795150341,0.5760592649832894
0.5124512889484811,0.24507089414641214
0.26670704337631657,0.29924701740259607
0.5275992892272896,0.2997521801320602
0.5478578522076472,2.8986093525418255e-08
0.5475773244358253,0.20199933929146496
0.600971070712272,0.3459100766114247
0.5314752621333132,0.5880459134983198
0.33040623296489224,0.15914656188907372
0.18367297678644467,0.5154848681714057
0.4618033072870942,0.33738590420511017
0.22885163356389704,0.16718767145194846
0.15878076429552035,0.5602362420159182
0.32262993145675356,0.2479694525006444
0.274037975979331,0.3969266224513781
0.21611243730617558,0.14281774997370889
0.6470442830250898,0.6383055417856554
0.44591393093532883,0.756843336229533
0.42652550798025457,0.999999933719053
0.37455519622573963,0.018330691655418008
0.16684108380748608,0.45244533471247195
0.20564944811143437,0.7439041999523468
0.4548097648628051,0.451882997327715
0.42462647148563315,0.31749728420203027
0.4625097398600655,0.6511739277957176
0.580728080531697,0.4054224262363597
0.36557697545661494,0.4158823232100204
0.12694604483568517,0.7553861528498231
0.5481657419942452,0.8654736045947686
0.5089837747749866,0.7711263053391235
0.42317817680871217,0.8801912482206156
0.7040395450357422,0.7697690985637564
0.2773752219453445,0.5550479639463433
0.4998698176725438,0.23871693592556298
0.32748943647809536,0.563174474002782
0.45555888162579494,0.39247240080186785
0.5484801136339179,0.8143628386173951
0.5237130865852535,0.5633806001140904
0.3965569037755037,0.6439122531939034
0.17636950140314145,0.40934528905543033
0.5260239905190365,0.27593820983206996
0.08818530786538759,0.14619336432487628
0.4282981468799578,0.4764093278497725
0.3288449839735321,0.2844017326101351
0.3162946947062242,0.8777382888078051
0.426945765783306,0.6262073432498241
0.4237737400531172,0.0586699828080377
0.5648412007366677,0.4060322788618649
0.44962372014061724,0.6405087395692064
0.18639984871844284,0.3500513537479293
0.25590809822414284,0.3456280794207345
0.6933513258880404,0.025458013171800076
0.7092208452380624,0.1810043578851399
0.5471826195590106,0.7603423547421677
0.24008717846810068,0.9999999229927283
0.5394844921951334,0.9999999442472323
0.27827010456838996,0.3425381194839012
0.4721210032258747,0.21170222096360902
0.5236881143006724,0.3845199344395063
0.5840811218676252,3.243601298663634e-08
0.4950775040681381,0.7226691996552006
0.32375924926667476,0.526457180881664
0.36586286560877745,0.9999999300456004
0.220761072534144,0.7655272631356844
0.32790934444124353,0.9999999402220467
0.33221869215715305,0.19810793445259378
0.5665064868158085,0.569773231517086
0.5492351452196758,0.4585636848344805
0.328060363938079,0.9999999301858153
0.5882197764035664,0.2500949598257698
0.49271489838299143,0.46364135613529456
0.3997043631082251,0.607131139349022
0.49225750959706227,0.20683381121573063
0.5738760506062244,0.9999999495228202
0.22496294824573804,0.45120356436925135
0.25570473003283034,0.3530159553452705
0.2680693539405108,0.5876152862793127
0.11608277795708721,0.4761044455638519
0.29896415995208425,0.4614880039466165
0.49098935035954616,0.09009957583033668
0.5582501319464153,0.6577789541848169
0.2669767073521956,0.29937583193069983
0.36493194444530275,0.266348260273336
0.5280612245913354,0.9376053277803003
0.5135349270940561,0.8038248657592675
0.4369302568072362,0.3125944384214243
0.276170854101526,0.9999999267202142
0.6328914865791182,0.35745416965691845
0.5053326351368908,0.748779558524415
0.443026405540194,0.8261633224916309
0.3410852808441627,0.45163287101212646
0.6536953718417062,0.1502209361470861
0.2606773948931136,0.9999999287297072
0.5749769960187279,0.28654466537842893
0.5207410177882141,0.20642616527635482
0.3894536614290769,0.4874949770528403
0.46860725489057975,0.959343973385181
0.30705693344293694,0.37668909106240633
0.6751995916325959,0.21544324882357202
0.447164153805125,0.47940070744698815
0.1763483599660325,0.2155328714755136
0.2926922248055437,0.5274031133720349
0.47402017730244417,0.7663083006312696
0.3646060460649232,0.13166311642147832
0.5471190192027193,0.4335502230246604
0.3244141051138407,0.25949351829825673
0.4402769838769558,0.5551106560132446
0.37501200099867216,0.6919598855212854
0.5247408345278002,0.999999923776727
0.34540748678962574,2.998502424134131e-08
0.5446933857465095,0.1611833743958364
0.5887408105921459,0.22942348120069767
0.4039225475691155,0.783462910131437
0.4632635984556597,0.714810044921034
0.307072849760444,0.3264530945274089
0.37849557259314315,0.3583343422114069
0.2629910362880299,0.9999999227779526
0.35868576038164157,0.5574496119053229
0.5203435578070517,0.8211041908588399
0.15834838321097555,0.8671736792490599
0.2590752801919063,0.5306441567067708
0.49464201286392306,0.11288044548640386
0.45547247153055626,0.8724846499233436
0.24217933887655496,0.325384641831409
0.525844195084507,0.8759404547681839
0.31951535993175595,0.08794860510656477
0.5083336325085748,0.7860759961744925
0.35017926394127175,0.8362834414767448
0.31128320208600213,0.15383916162562628
0.4378316982823547,0.16470301635182238
0.19968381513989986,0.5349656750770038
0.23218854828201962,0.3140779506295175
0.7967029921027753,0.9999999415945204
0.4179188106193643,0.8146136679034903
0.11505381745232324,0.152035457029438
0.3656351216102438,0.30497360320064715
0.460136197019664,0.9999999245007238
0.4168279040654812,2.644542007601558e-08
0.3149041610673873,0.5753957648106187
0.3275456144229665,0.17071956077944606
0.382891065962252,0.6053915553853457
0.2798333469617975,0.999999943857464
0.27809821579408345,0.7676278246474233
0.5283592317389574,0.9999999229035232
0.4956258085560803,0.7170163756781953
0.5519831375450894,0.29774587739530745
0.47345554845523186,0.21274763357533288
0.5961561883773787,0.36999215264039975
0.5881850747186017,0.9999999313003762
0.49340274588472477,0.29131566267293607
0.5985395893986754,0.28056105621116245
0.558955415341817,0.4723675088798309
0.26581592291503764,0.9095899664524403
0.4141171786492097,0.7382500519445863
0.5404260917082775,0.3963364315201261
0.28981904098172917,0.5763232410914263
0.4546033942921093,0.346950476906958
0.4767567094083556,0.4024964999461993
0.591239367540358,0.19278329679054806
0.33334822160304345,0.9999999367073471
0.31661406867303565,0.8584421797221182
0.4356556469416555,0.5219673645938308
0.37964818895782715,0.5936948701643168
0.45426636119082575,0.5835261917373238
0.4275396615648832,0.601388525294027
0.16199303762429196,0.3489409818098359
0.6700299499943232,3.236654322336108e-08
0.47765758266679237,0.6004747011797669
0.6470818467441393,0.5751906987245903
0.6016174882470868,3.3167964375024894e-08
0.3973815120611581,0.4480601707183389
0.11778221395179589,0.39561184618746026
0.3570964800538081,0.41010025736088807
0.3907070231691345,0.41649910951969815
0.48042795687973383,0.856786922139765
0.4681596553758438,0.69844225302257
0.3764352742520143,0.5808147801987715
0.675561930833855,0.1607835966501341
0.5991467296776447,0.6334633640690868
0.4604974111874931,0.8753463304282398
0.48471854025094485,0.6293906471092896
0.3958343087100613,0.9999999345085406
0.34272389067135167,0.8994091530275021
0.1324488541870057,0.47966806667070117
0.4067040768150716,0.7353799084948882
0.24964609475519017,0.6742485417272697
0.15790664832936896,0.32524127726385643
0.3696836846828484,0.16325544105490053
0.5859882377254038,0.336363595879412
0.4125760464100394,0.16249806477139828
0.4813019698161489,0.5755335751409021
0.5753640757513461,0.08741209393328475
0.5320748463019531,0.9024863685819859
0.37787545239913145,0.4970760663088072
0.33794015695944557,0.5593373256757026
0.45521487226613555,0.23866493293745705
0.44183996753120525,0.6433763799182621
0.3862325299762617,0.09086924464198631
0.3021810178186155,0.30681912020236624
0.34340847575584954,0.7286514165802309
0.3624957721774318,0.20817706977967987
0.6288402758866125,0.6194524561089416
0.21840238601560147,0.6202631841124635
0.44544092691687887,0.7882731542966539
0.5119848286403812,0.482693194546691
0.5700650989376066,0.9999999315980794
0.6979332281483996,0.7395487373513951
0.3865865352445912,0.9238286328227048
0.5557240726250514,0.29239512809246193
0.4259299979778923,0.41669432751444546
0.5191512681956967,0.6724374818342085
0.41708936276299013,0.47367060182548215
0.44361475676037054,0.3235083504391483
0.32969504477095546,0.5024829161246309
0.49154181849615375,0.1889472446859024
0.5535189921136832,0.519857030081301
0.49359310555801716,0.2498880959372407
0.45431985059015423,0.6431198323809681
0.33058351516902906,0.2926224837077207
0.24225944511861597,0.25303071732007965
0.42321621247927643,0.3462699309665709
0.3999835252894446,0.7126693547525775
0.4799675523910323,0.620059229308584
0.6093093529622307,0.4308294240068449
0.3472512516763282,0.42348242633978117
0.1032104722773921,0.28072428595771015
0.17485574207402532,0.5092929487517814
0.5033153868185756,2.3880399879772085e-08
0.3900882215425088,0.22167610773943025
0.4068367369796517,2.1921202630892367e-08
0.6249802972925811,0.2096769314953555
0.45363803243876566,0.823652714506391
0.4950725906438054,0.31826665178067515
0.32691347522873393,0.7186708519774534
0.4441183626947285,0.5581962249116117
0.5472792087918621,0.5875373824564356
0.5123293542553524,0.48379869865389225
0.5013678957119363,0.370582546817424
0.5182347326716017,0.18429553905040308
0.5850738378671845,0.08678259838545799
0.6308357561565878,0.5170378088853447
0.49491549220528164,0.35773112350098657
0.43000345459222133,0.424058948229213
0.6039140079737657,0.9999999335632417
0.317483301162921,0.27780438711609534
0.5409069050529833,0.47723477439285134
0.42657487003649264,0.7683345787674511
0.5966552604385433,0.29807379561227876
0.14365941363501689,0.49880591611089997
0.45632020531347806,0.2669089012422212
0.5315349190308307,0.14072364040440632
0.23273294083347285,0.5929881946975364
0.5447805727231296,0.4796821119160093
0.4163770128099631,0.12532671656394712
0.6513588714772163,2.8569342447326562e-08
0.4692009793685803,0.10983178395456505
0.36113991147752955,0.3026591726039207
0.5353344562667854,0.9999999381566909
0.7071241158194379,0.39680007761041125
0.2530556825030965,0.2449181656803887
0.604922476660593,3.33347607295309e-08
0.542896140683657,0.54933692143344
0.5050434916819526,0.7597935678206085
0.39794525221062704,0.6011341570806366
0.24726637979176447,0.24065892411941903
0.3645653245335474,0.22360535377178792
0.3787966270193097,0.14208511559048276
0.22529298664032726,0.4760696722592428
0.2881752648527831,0.4898676787771663
0.5124202000430365,0.17391543463838133
0.30520785731970657,0.27341114776245234
0.5642516870108674,0.4018884468355388
0.7750493596930719,0.17634844372685876
0.4959673143788148,0.3587762173780753
0.6235478524881026,0.5852231240861947
0.21143346769855764,0.8067407031034293
0.18794842737993767,0.51180144691034
0.24084230957914032,0.128375272751299
0.5653969636803358,0.4601037587414005
0.6420724492312186,0.41663588545381813
0.3435655897759542,0.5029572896547485
0.5155324102211205,2.748701177779367e-08
0.383792652811878,0.6112125885100994
0.4653593347870255,0.25864054614192256
0.2681376588266793,0.4267071311461592
0.23544138723526675,0.7399597086553023
0.4491581629936632,0.6823244088655578
0.4394929603422426,0.8621627408899357
0.5349742865771439,0.8776452226538041
0.5973408665832083,0.4360801839429591
0.3480827280536203,0.7596238749644506
0.6032585871509544,0.5452022048720728
0.36238340741854325,2.9356922226497772e-08
0.19744894469461283,0.16436875955703556
0.5763462138456226,0.7097003365046852
0.5664647952117758,1.1920782583274558e-08
0.3486654510991487,2.9653744348934197e-08
0.5880256257265306,0.3129357098532637
0.5482019444996671,0.6278173107490908
0.38686533422972147,0.07781855621562173
0.541952644746067,0.7527371045668048
0.3577852052934696,0.3212322417698914
0.3146917844273336,0.7262704003776541
0.5483961885481459,0.7183821492242721
0.5763409318895074,0.9999999349701731
0.48648748320235313,0.633656876155726
0.3018554776149851,0.17723017773933947
0.4141654501990808,0.37025718282515996
0.42042625215489915,0.23869957293390698
0.45622697679994806,0.43467073004028833
0.426173310024363,0.6774366433134595
0.233566608491536,0.7631871238490717
0.49301070172437633,0.5874508199620259
0.42429027477764336,0.5928957969877757
0.3582974075366181,0.8702060912788738
0.41231314485708337,0.34611203695159176
0.09208132629998111,1.6202129415887612e-08
0.28206861731567123,0.5805763467697638
0.45516623816094537,0.8250978904604551
0.367950989335756,0.007104073201919192
0.5570218962032625,0.17501279925658864
0.47275750499827485,0.6262299672073972
0.3027162159392147,0.838091143236781
0.41484609046323984,0.6848264007248659
0.6079486993956458,0.8279099155715954
0.46765460879731613,0.2594508108661451
0.6688088264329144,0.7403045280133718
0.30669101893927797,0.5339396987357645
0.47185040051048777,0.8376641819246728
0.5380111332995119,0.1934399470296988
0.27872016220036455,0.6879755150904607
0.21338390929090378,0.8128705979433128
0.6307807965321937,0.04387985980797282
0.30828700686636745,0.5221597519482089
0.42398471937803706,0.27635814375921086
0.6353576746871386,0.22172760455025653
0.5122669259017849,0.6877847165251829
0.4952327691456899,0.39736378769923775
0.6523412251652863,0.3989102138236227
0.3996111107779905,0.9999999287567647
0.5106616216046986,2.7096763943745827e-08
0.19548520183251616,0.343615533033649
0.5089589896690567,0.3039160939895673
0.4567070392533745,0.32979614970449944
0.3494864327794427,0.5042839750928074
0.5721658040217656,0.6750152828121365
0.48511807814857466,0.2581608760500167
0.2248001288540067,0.4130731428827126
0.46132666692494695,0.5008011259842142
0.5152379515636261,0.7210032884699231
0.4624111789064038,0.45509461452285294
0.23500095575485158,0.32038116224524416
0.5097581355404115,0.999999925102486
0.6607492628997993,0.9999999386510261
0.36380010799787366,0.20217467122402155
0.4366390712792243,0.7037743260755711
0.54883982866814,0.909803628654565
0.46016084043465266,0.6276205493939457
0.6092569837430246,0.677395900271943
0.43439441630133846,0.5843522316829315
0.3461036351303868,0.27426451838764976
0.19802648395667521,0.5696409095626649
0.15556887359032467,0.7237785518066779
0.33765880862470876,0.6731601974496684
0.5074491002407968,0.9003404803988815
0.49863394306489184,0.5820634336827801
0.23958260399704345,0.7678492334994687
0.46278236419944996,0.9999999238668877
0.3393854145643562,0.2886131082873966
0.38112341005634454,0.9032165727923029
0.43923364090663997,0.7139190888686073
0.4872174784583918,0.2635733698812892
0.5242416352497985,0.9999999324721536
0.24703032045278217,0.35409463949856956
0.49791761194019823,0.681785271024065
0.5410692858168047,0.2988213767360115
0.5780978413235611,0.999999937419485
0.33857679773398086,0.34318012547861443
0.19156848815118233,0.45006903339218596
0.4465651904926653,0.11480910300706171
0.5397744503872595,0.713776472831654
0.5874522699980633,0.7259210314803219
0.5891367902025859,0.5026046059797018
0.3708413755464979,0.19265991584460807
0.6113977617877562,0.3109645750821244
0.2073579810620063,0.8511260085432077
0.4019340404268563,0.4691198687060343
0.4352368685801622,0.6533369269463485
0.4978316102913727,0.5908196269984245
0.5416888072450852,0.7985119793291133
0.3431493277015072,0.11038832055794146
0.4676606198492279,0.3059252733525142
0.4561833593972442,0.8684183112328405
0.42981553879892864,0.7564070554129891
0.35386462630061244,0.4783814119112044
0.3994949813481763,0.9999999288532102
0.2101822850241577,0.4847270013129865
0.40822058215065793,0.859904500808458
0.35825721417652057,0.44914464915925834
0.19966690166329082,0.5290488069436599
0.5883051312308596,1.3774780427411315e-08
0.2983719039677606,0.8924125806932253
0.4786997325013358,0.7425677091759191
0.6005895611924474,0.6541008936284776
0.2267321109974243,0.9999999325674089
0.4860523383448778,0.840968141607032
0.24917316335189543,0.8545047804118227
0.36094916492910123,0.7101385227892436
0.25907937805294345,0.2700677902232407
0.21463232523777132,0.7670541775356021
0.37360242429772095,0.3808092224145092
0.4152546152828034,0.7403709375891836
0.6463682795866634,0.32445318320114325
0.598726772829171,0.27760818710458324
0.44834524370949724,0.6324743237409045
0.4412309175937925,0.7930278791707472
0.5318904283393202,0.9999999248764873
0.399885040117014,0.31504138585387054
0.5725178948521426,0.43259474255683017
0.25118580277929903,0.49319205658785137
0.4844369427280717,0.9999999270073339
0.42607495224484504,0.4546231453195304
0.552616098286399,0.6113634461068749
0.5803626034206295,0.4371703482511897
0.6287899729370143,0.12728354337098935
0.4661275721703815,0.7527244111862146
0.21488838178207814,1.7921557571298763e-08
0.4263463719769276,0.11194745528847605
0.3300034402910703,0.08031483477958545
0.6178554630294282,0.308786576882099
0.2647556145326546,0.21919001484740264
0.44049540247886254,0.540969406349614
0.6345963097317062,0.3332608802208483
0.38065534770269904,0.7997434097442664
0.3609403413921983,0.2092355798328498
0.26281135755005236,0.3894744637546843
0.10728873848155951,2.5247462787092445e-08
0.39597071180581134,0.999999927989478
0.5517337274103649,0.44461557724027045
0.4502324751699849,0.26545152391791405
0.4101082035392225,0.8694755465576378
0.4937910818046394,3.5581944501927865e-08
0.2947812032971453,0.42575435207686496
0.18143664491192624,0.42345300440331
0.22572460425796903,0.6997931755862581
0.4719915313643934,3.4330035703078465e-08
0.6239244416684802,0.9999999249897265
0.4279614665193443,0.49177044361027455
0.44806297773796677,0.630765050882502
0.5381546714868328,0.8450620833667202
0.25701509993645333,0.46485655551715865
0.5537804291700361,0.551593887629032
0.23398964634335817,0.37426332287605035
0.666422709355798,0.47076653406314506
0.12404482573680742,0.8701559489367021
0.5904207148118608,0.2675356878489268
0.3738150305953334,0.5044017632288416
0.5151111022359944,0.2502032490590551
0.46548946811968106,0.7372877938949962
0.6787321446541914,0.39447334832163605
0.3630839084757165,0.16877790275447424
0.5380117009574428,0.48926789494435496
0.4922185718519123,0.6380599776153595
0.48987004213598473,0.4838235238306332
0.20281811986838827,0.9167549178029759
0.3170488067070356,0.20153897017800304
0.5707252328953296,0.7265514322374607
0.7144649475366704,0.39364432871030886
0.16854867834525677,0.5814776321973305
0.2989538718479019,0.14901600694069828
0.5052331127170282,0.6191733922886655
0.40059112283917253,0.2582312969103704
0.6849180876612855,0.38879953641588827
0.48647748521621414,0.2503703665992987
0.5981353465482195,0.2236091598208887
0.30188534340188644,0.2221599589711083
0.4261106219064743,0.45143132704814093
0.3176325514664229,0.45249187124782964
0.33902594852009926,0.6744552698334871
0.7278362765608737,0.11113966373780215
0.5736519136600831,0.23929819433415744
0.42264752811130446,0.7555894895141932
0.7174659622773278,0.46454052927835576
0.30896617524506054,0.5481914566045418
0.4251643623271084,0.8188610316949365
0.36219636575186787,0.5695866825278841
0.30122702453336014,0.6866967602471554
0.26755498590365123,0.7481084047693436
0.17786758917728074,0.8920858050753182
0.6095091527574295,0.7035497139668614
0.4280371065145516,0.34083389122936936
0.23829265391312449,0.3416110764749263
0.4731374792407532,0.1650298824681613
0.3756365080966,0.20087640186649836
0.5118013971093052,0.7733166661574415
0.4761616465337126,2.1731569432859033e-08
0.7181109700757284,0.3501125562952687
0.7854310846390304,0.6967214753069584
0.22551112438060983,0.999999924982486
0.2959669864436423,0.47409231974405586
0.30785343456213354,0.9613940757937094
0.33780344869084056,0.21436091593268713
0.4053915198348026,0.47255063226068117
0.587532777533569,0.4316837051953293
0.2682826890363339,0.7400748497952243
0.5812859298806625,3.596670694605564e-08
0.577754171798269,0.4843754904066593
0.45745302635286667,0.9459910121056723
0.7152055462459646,0.9999999273887461
0.3424777754232098,0.8189272786904844
0.4621832583607146,0.6223401112376052
0.39995911374634474,0.5490226691056641
0.27133645788313254,0.31027817401547253
0.6327923281307557,0.8539396446806578
0.3068258392975034,0.8395964929479334
0.46074785681295616,0.7570356651419843
0.2819369659336197,0.1937825694342763
0.5294191436372713,0.8323121865332226
0.4464506754125015,0.8220154779375228
0.46520690914992846,0.5516161474603507
0.3312351407457288,0.8017733060704728
0.4036703368582719,2.5070164610951906e-08
0.6022818236752521,0.7560201275431631
0.2795553071478345,0.8606639001914616
0.34419753121982577,0.35912228533223356
0.7341061147656323,0.6018409724313898
0.7542467897372349,0.7273755770934685
0.41751773931412917,0.5397104528212893
0.5054077930081826,0.031785344094508616
0.3717855334262703,0.44113188464057984
0.39227817995913083,0.8046735391190367
0.3312312462593301,2.285926115064285e-08
0.601206407055686,3.409289206501853e-08
0.14756157318870722,0.8509541306439878
0.5363236481820248,0.3580538437599685
0.43007852139990055,0.8458651013584273
0.6753957033305085,0.22665192085489494
0.4010390381184892,0.4487093490809073
0.5880174289108879,0.4783446221744114
0.49147336015849596,0.5656058445990233
0.19841636645412475,0.9999999240795177
0.2381509547488454,0.2985253487480968
0.5803548924912101,0.27260372689171675
0.36087182518981287,0.3067088574183323
0.7252615104584264,0.6512322402674755
0.5682066848825893,0.5186306512918435
0.3721128440731567,0.614192244517838
0.6120417754469387,0.9173423757499677
0.2702025156383199,0.15223405776519172
0.6436584896921911,0.8354759574671782
0.3772547349542572,0.36175370120406924
0.4151049464096044,0.7906644848164035
0.5082177484131876,0.7841202058927017
0.27729181003731407,0.5550484073874564
0.5453148195626425,0.285870160351422
0.3617601357624989,0.326427296172735
0.1932142658151097,0.515355594846767
0.31169107208084945,0.5113024570402906
0.5208550412725801,0.44077013458276326
0.3587683649829376,0.33485345624306717
0.5827881138563225,0.5908400336710962
0.46754075353573077,0.6987338990957319
0.1447134807019852,0.10395511580480843
0.15610338257218004,0.9999999476884014
0.467394537897583,0.7836684189201044
0.6925975840459722,0.14332158516528892
0.40259650691112636,0.5274926944198413
0.6123055601324503,0.39740395113401306
0.7181654829954902,0.3501710000556706
0.6206657067743455,0.7274018633613615
0.25682742793691204,0.20148859612854153
0.4180773085735803,0.4168030170142565
0.7484736162117844,3.525719449726239e-08
0.40459088089180817,0.7969954622093809
0.3640654538642534,0.42594850375533966
0.6674558145730423,0.3954200774325436
0.5092648612018364,0.6147693680334214
0.19731532631955728,0.7828825586371799
0.6201627228088129,0.6749628557539822
0.3425978094858082,0.7240086288498837
0.2162276744509044,0.4399000886629594
0.16543569515308043,0.740307868546175
0.5924902915475254,0.48311367761179724
0.5049481052822609,0.3331671002897174
0.43042909813900065,0.3058532623581165
0.32956968736631165,0.5372830079859376
0.38422372623988954,0.8703892020912569
0.24577526401228234,0.47903744344505483
0.629066150660158,0.8217497233763069
0.22484405528091678,0.6836447084577415
0.27476054132517813,0.5848717752530526
0.22748705118738233,0.5983688215409089
0.3900920598338762,0.3707581205271602
0.4935526502907259,0.15661956133672916
0.4510296529137334,0.45342024353767485
0.35964202393956546,0.3383112072191281
0.42247794836405994,3.364399958627473e-08
0.37166763254909263,0.7562451477638596
0.5148410585621437,0.703530954395827
0.37549341343770637,0.17701934903687544
0.3401036355795468,0.7178141471656723
0.36931909255909323,0.7697384049394032
0.3399825178239211,0.7101992564578978
0.6442381229734511,0.823481789143031
0.5401018420374846,0.7207173216778386
0.21240168509982116,0.9066111096107576
0.42083853550875405,0.21467015558275548
0.44075228153232926,0.40707127462768256
0.3681546925635075,0.41847750093616654
0.3474826969273179,0.7426637950956767
0.47341130959154887,0.9999999342807904
0.4874374027684043,0.18621612174504065
0.45514078684118786,0.486436323642387
0.5050757472571163,0.1161684994105805
0.42139015961605386,0.5896512272143148
0.7214063249260754,0.4249865128804693
0.5535311880548184,0.6699160492463321
0.1890861785818343,0.6485039116353306
0.3303876688375329,0.42527807936575
0.5159764325559109,0.999999927768016
0.5150671389265833,0.4079256477160378
0.46920156889249576,0.1098276683115742
0.48289107842359735,0.6663682235488686
0.41071099960824853,0.2820128186546782
0.4624148226038596,0.34683333648117554
0.28084981084320004,0.5310731283226424
0.49087884715815244,0.4201727724065485
0.7150240394545766,0.6164761098862215
0.4176624553219228,0.9533093418237257
0.39332558511071225,0.9852182685536519
0.44747192549976855,0.4817085355635591
0.44150297889276313,0.22824118831766071
0.47868911919707857,0.9999999227426954
0.2899371557324293,0.24977276394470493
0.1147196223014979,0.4985964679053687
0.4341458976272916,0.5397188094689831
0.7363281028989181,0.18599259652886602
0.3318421632489055,0.2855651535392596
0.18042074041062994,0.559700572392213
0.7456601034248371,0.28600276884693443
0.5052481652408893,0.14657781766315736
0.2853393024633233,0.6105522239600987
0.2855151728154901,0.3941420978526118
0.2491185444974331,0.35337694544572074
0.19425710791985384,0.264968631393085
0.548098170884904,0.866829660217526
0.3943665176586304,0.38886891863343465
0.30714861404229055,0.7143632294944595
0.4941799846636843,0.2950361860794999
0.485089328910036,0.5069261764282942
0.6021919177562678,0.6510506804562013
0.2681247910149187,0.5782091676642729
0.29811931567698124,0.5269401739983692
0.6055892697646819,0.038136115975351714
0.30131847937938705,0.6670842397475276
0.5000572239019725,0.4059084342117636
0.11612205075745985,0.47630621344123014
0.5269267847267054,0.6096922294187266
0.5090463881082075,0.29375866922866933
0.3905997677781219,0.331410433170916
0.12147467985125093,0.37748617287645203
0.4693083154161233,0.25626050673845313
0.2968057013899399,0.6373874744752008
0.5026689550325778,0.503441078904661
0.4359284234944871,0.44003297070472414
0.46747370772508523,0.0006590599433948796
0.503869729036166,0.39940644795408176
0.6100699572647725,0.539669375764749
0.26782828051098084,0.17130878352656254
0.1991469724418624,0.5339774139005122
0.20188139177831932,0.8258431713588763
0.18636056554668246,0.6444006084969125
0.41709503218101895,0.7255965326138032
0.31663443962448,0.4317218390978006
0.29554519902892196,0.4314781274941737
0.6069497771564603,0.8553674522500998
0.3938145581157224,0.13617947447337286
0.33080146006106315,0.31585159217420866
0.7490981270511194,0.7103736517140646
0.3001830128279006,0.43350927822403307
0.39210664510135773,0.34789674199038245
0.3743843773435942,0.5212009759748177
0.26213849613068874,2.5049310181657347e-08
0.11363655442724907,0.8349846654863562
0.2964379851919645,0.4318117198753946
0.6815210803499463,0.7317423320786922
0.6999306980136986,0.8664334835172838
0.18661169785671072,0.7287522684116432
0.42319349029658904,0.6397693967845655
0.5232466708931063,1.9998768863160876e-08
0.48458053181588845,0.999999927007412
0.45687608298195803,0.8742449152939606
0.23426036973454067,0.3511288421461636
0.5556823561776425,0.7005974132606134
0.3947994860847954,0.32329119780033366
0.4154748266195183,1.2451167208382685e-08
0.24862083434143223,0.6611766410183186
0.259638561656951,0.2954829109576629
0.4345463904406799,0.9999999243453885
0.5465717641032817,0.2334562142512837
0.4725096216083249,2.7017900805503814e-08
0.6115067851791371,0.9374132497192456
0.4180695763950464,0.47009153796735603
0.38121693237302656,0.06967624033573472
0.17961016108317018,3.398164594159425e-08
0.6884766669814439,0.35261299821303993
0.5689876235531863,0.21087980533000206
0.362372446906595,2.9366070464220684e-08
0.44091936533207665,0.8080564515867685
0.5523320452401537,0.7831566033403412
0.46050941694941505,0.8319306104653101
0.4810649009763748,1.7090215465032088e-08
0.6031826268733766,0.6136510072275243
0.5445676882878376,0.33697504629931885
0.5316748548854839,0.9999999305840994
0.6056930145388733,0.03900222136030962
0.4265633625496763,0.4602533085522147
0.6707021965909794,0.17497427064051507
0.5005900168355155,0.6648963003184427
0.5320537794017546,0.3554524172150195
0.6956607600505778,0.8274931301660686
0.41705598781468023,0.5678869389257066
0.47375608471310704,0.7848852414090146
0.43479650140681203,0.31311404042471835
0.1454720015511084,0.2803815350003589
0.47059643154259634,0.9999999317811827
0.3244141935371223,0.25948517640056323
0.5645448694720918,1.0603219635640926e-08
0.4341953247664567,0.6825447195921512
0.5138857896729117,0.23236349346717589
0.6367363743660768,0.5498769371884578
0.514493835577976,0.9999999427827682
0.4911374270996167,1.510921521230557e-08
0.3068149069843509,0.386474000560348
0.46027461550259874,0.21812891158388936
0.7113527278596825,0.5444118858226261
0.41187925942058623,0.38325187319794907
0.6000962682120647,0.999999923763756
0.42889692459105566,0.45448021043574016
0.3507279082490302,0.2735968003989129
0.41739895443876174,0.7525485566383772
0.5972781448683415,0.7918667296067277
0.27099308771244424,0.3506121573307297
0.4736022518367,0.46499448892209827
0.40459744974887935,0.32540759733686286
0.41645737687400297,0.5347157297078411
0.29509994631418524,0.4550352521656613
0.274547848633901,0.5544806285683066
0.5909859221597298,0.6283386191918403
0.30301767770154164,0.3708990722925236
0.29638526608205495,0.1754203206450562
0.33843123989520096,0.9999999318489046
0.7134797611084736,0.5496521782792207
0.3958087501310672,0.7788268361345914
0.5151475695671373,0.13967986814337152
0.5945329875023795,0.22774599252977623
0.44364275482898297,0.17010139396520074
0.4853904534058633,0.6970856835240511
0.5209593471261984,0.623340072996136
0.5859957652699062,0.3252369475793806
0.5142865133563532,0.7239394200153946
0.43722903382127587,0.23540962470253035
0.16029085589364334,0.233366117947444
0.6479326195428019,0.3617788425841617
0.29149160531338225,0.20851351349133296
0.3786993617424761,0.476624990665119
0.33602515872527183,0.9999999268430848
0.4268723159437364,0.574153291569381
0.24231458603873346,0.46119512247608085
0.5407117934171422,0.7529280053351641
0.611866997276941,0.21136767333022988
0.3157793752449143,0.41154435327458927
0.7094117055782698,0.3611235710534366
0.670264444898359,0.4668929509132447
0.36007201856160886,0.8672929657907602
0.49689173406260423,0.3822865297843485
0.27890794481518544,0.5288825628494678
0.21108405323589885,0.6075898061632863
0.3610365781546152,0.5969876035308808
0.20013869553403651,0.7012296100747903
0.28778003113506,0.4118987599692865
0.5382876835069901,0.14552616599702262
0.5861036354323059,0.26096586078166695
0.2629181381666763,0.5003052275527935
0.46087580856163823,0.6703788279587499
0.6498077815846295,0.1404339465357367
0.39186561388164565,0.29315689380234744
0.3206828547472691,0.3443115744378282
0.44745568752243914,0.8663470121063597
0.4959033257697456,0.3612484313070752
0.6012694383338237,0.7236720852167089
0.33077345409055514,0.7540573565944264
0.40817176477210726,0.7394823879189545
0.6793024991078904,0.27403303769056464
0.2601262477542923,0.7031552958727545
0.6071804346328027,0.5694939195450779
0.7224621608526465,0.9999999290672719
0.5414435462447007,3.061384745706164e-08
0.34545409201999533,2.9953117319792e-08
0.32132374291544386,0.8387069203746016
0.11067411291344076,0.7280743727115038
0.521830797042393,0.5889958930488852
0.32588760076830336,0.6716900944848625
0.6087906470373468,0.40151398164980634
0.10215465415396396,0.5524632131863534
0.5061104418880356,0.35369101760311494
0.4978145044051945,0.3599374092163501
0.6476843560284453,0.36082843034236944
0.4322479995589674,0.18560629881235613
0.33545440905331336,0.27290898220861237
0.6050114932832442,3.334494280693434e-08
0.22611036915633642,0.7773054346833455
0.5573926530326316,0.5559963343716987
0.4750469231927421,0.45600057724994514
0.29902478333396276,3.3073270344630146e-08
0.42015929539132735,0.6391001409701147
0.6304909936643672,0.9500829738757552
0.4729587481277342,0.7660853729421255
0.3519006904681321,0.10808562046119974
0.41469642742454393,0.36667434558837897
0.40714091635332084,0.5948640785350996
0.7510411012874951,0.6285957719138224
0.6067871763027362,0.4486112201924364
0.38947135635123464,0.3326903961129446
0.5672240906613508,0.5803416466519984
0.5091348652393939,0.5292981521474829
0.32525324808723566,0.882310359407878
0.49551747143216085,0.46448261284842474
0.14345984366304476,0.8948641424642219
0.3272348672978995,0.5061188833054082
0.3020065359368731,0.6800799976908891
0.2762341062421858,0.747570507827767
0.30933911994471464,0.9936987695291002
0.4166502511471446,2.6431017374761723e-08
0.651069690828141,0.6862467482618761
0.16905251333652016,0.5136456189469492
0.07765582257622805,0.24513211663856893
0.2580450849792002,0.17101789475216123
0.34497619604910934,0.7369925842612552
0.3031841306141816,0.35085774117671775
0.42569427374423974,0.9276895522554724
0.34176298625706014,0.7807957600502071
0.25550661284356924,0.28847090312416057
0.580012674790725,0.3394799054347928
0.14259626341315412,0.5978113863314753
0.7067888328519185,0.6431935536537132
0.3272748261973768,0.6379067968961358
0.30625174562450574,0.6120155118946258
0.48094735306896297,0.2873703434019248
0.5503698687425818,0.512368358225892
0.4392284794577388,0.3013497081981775
0.4208688505109035,0.16123157439666258
0.09098386865739494,0.17832822440411888
0.3310451804696548,0.2965891481771763
0.43726231955464145,0.17135331237920326
0.23976209870551868,0.4665098133622827
0.40188354232499535,0.5129328019044053
0.3110760735892053,0.38742491596868334
0.4902055532549183,0.549055197805874
0.35897738244660005,0.550027560859089
0.5548758435219558,0.18322604126820252
0.630349968406037,0.13466895135140788
0.34022172670004114,0.5494084845633367
0.4549885587036764,0.49294075369839874
0.6777818865345329,0.8345587257737144
0.7280494173076812,0.32063074034890704
0.49578149333470645,0.765867288469849
0.4298413234679628,0.32341739889960763
0.4043551979285924,0.7212951264384877
0.5765515172888778,0.9113036741057705
0.38721814585111813,0.6637129182791313
0.3237969673913015,0.7113247072927713
0.5770572118153035,0.25916092153676473
0.376065572265579,0.8941560956836803
0.5336768072878537,0.8716906143761847
0.5515125729213177,0.5711541228278065
0.5099143953162621,0.13069518829934879
0.411460601343403,0.999999922941484
0.7455122177007363,0.6096054141177767
0.5623075700618241,0.06568368193469354
0.5833489478063822,0.22896924846301303
0.25330846765279524,0.43728567829463927
0.27751301188198996,0.5271069378194966
0.48719378711877015,0.2648964679798347
0.48363215959931427,0.4415749762636665
0.528487420111702,1.9670991946441063e-08
0.38553603231357236,0.7807504740982338
0.31186149989126166,0.9999999532992483
0.3197164013747269,0.41292827256768305
0.31628575243971824,0.6049519194848649
0.20254390162237623,0.7336244364284035
0.5420142639248238,0.255184737987058
0.45413632530187265,0.6151812168805044
0.2654214888312314,0.2821926770458525
0.43170889288079906,0.8112761681085594
0.4629058338066052,0.826846640895532
0.18675260213867517,0.11255311931078893
0.4592414256461468,0.7213861158951005
0.5362530231351417,0.35482739403779817
0.709852774709756,0.9291373516364807
0.2901052308993375,0.5772460932920431
0.5070407767492062,0.15126747042621957
0.5288444049874719,0.5149426030624866
0.6303410584029372,0.13480744297012848
0.4995858930749688,0.2358162548277143
0.3334870732717561,0.8598206899012091
0.6039631838951953,3.533318704285193e-08
0.1705301304844804,0.6527219837378411
0.5864807983937026,3.589325459074644e-08
0.5097386450788339,0.6926231429751333
0.560962671504456,0.7938537944960622
0.5918122729949413,0.8471610844545019
0.2503609996255092,0.694664611823903
0.5343024733291073,0.4069162359694296
0.4136586196489378,0.11253603464998108
0.43705296077674394,0.2663257364110798
0.6127829929318738,2.8653058592453817e-08
0.5251507545718646,0.6181248757330309
0.2860876953069571,0.23443646817814212
0.3605404592859669,0.21721538229266812
0.6694005930900908,0.8465047442435711
0.6252209203055559,0.3504514900549509
0.3151357960114245,3.060676689869979e-08
0.31753211676462456,0.9999999272111317
0.38286828309138965,0.28780254636171776
0.34868707535184784,0.32530846371058786
0.5323391751207622,0.508419675258267
0.31075490564985664,0.3836268997882719
0.19849885539882628,0.16983562009507125
0.6567527144969194,0.8344837705571635
0.2312916398106628,0.7149108269219475
0.46460748356962256,0.32543219540414015
0.49751336291455317,0.08626027374416623
0.3069081170001504,0.26910475138687673
0.4044512583137889,0.3285582708921666
0.5677583088844966,0.33832758645143457
0.3077278629705287,0.7794964296837499
0.39808290389881673,0.5853202712730337
0.3967873908382886,0.46441998252909755
0.5028139749903087,0.7587846795408382
0.7462402704791744,0.9892224830140108
0.26211865825608616,2.507812268959242e-08
0.6144929193858424,0.31954773628164546
0.42430073607097807,0.8049645587042278
0.5827874539932223,0.9999999283260905
0.5184903261282341,0.067167672874195
0.4083164706365148,0.39977243555028963
0.37878614119393905,3.564282380352779e-08
0.21909256709304836,0.5344160535956455
0.4559066269291674,0.9999999548691498
0.255269075178449,0.4007577184186566
0.4900089121347473,0.28677812037637196
0.6230492356877466,0.7005395770613987
0.40163742429667915,0.700039359119561
0.14210230761468834,0.894744161059446
0.44837791543436456,0.4899682794757183
0.5857494308758713,2.5377808299253957e-08
0.47510466767484827,0.32022705101457305
0.6935875910346283,0.3463360576441801
0.3806879497340945,0.6009934911748722
0.43174366007236786,0.4826458493705452
0.17385378209259228,0.5867965874805066
0.461726908674319,2.2890059625524373e-08
0.3722330837296499,0.16110613526448958
0.5685501048939576,0.7724066399781613
0.46337865857846117,0.09195019588238651
0.2456835173649181,0.5990329554144544
0.4439585772214718,0.0701400012936979
0.11204975043086485,0.9033269757545845
0.28020193057957643,0.7111672541373331
0.6911246682784125,0.8014658184372898
0.541148202642439,0.23827032202087395
0.5769614833507504,0.2804950777780846
0.41015946924087965,0.16973324367621956
0.2439955978165349,0.7783038712464609
0.671136988969192,0.8271699603412159
0.41747519483734497,0.6147985244055754
0.3359250516983492,0.5560258142307752
0.5078709406948265,0.020250465711491472
0.3350102826697454,0.2988872686911428
0.6070799705012262,2.8025990417290814e-08
0.21993234269680295,0.6700153332795011
0.31368216190780096,0.6833964450734733
0.395415058474772,0.8396718576100284
0.4669592745115896,0.34526359389536054
0.46159127659441923,0.30600481516556854
0.5474932422649488,0.4334664647481148
0.3444461929154552,0.20478560590184003
0.7317475842361807,0.632314383455455
0.3381637207980659,0.6765135558009341
0.43917632668226414,0.42497862062432645
0.39057158754600163,0.7398124574971909
0.41554957220405964,0.5024500078926089
0.5707865871510323,0.545737796123202
0.5065899599805093,0.44200381884165907
0.6704384858115113,0.17853026142465467
0.6383209755270141,0.6297593228395826
0.5995331056785407,0.4051187230506521
0.42630298704537806,0.3228420456009964
0.6648470909950008,0.7128069460505841
0.5427429003979469,0.649859114703986
0.486219560979964,0.7817065510277104
0.5257396147503433,0.7504443545695416
0.651904758119835,0.19425107458640767
0.6409246494660992,0.624642088961739
0.26744516662681983,0.5990544392813959
0.5938592356060495,0.3243551996837404
0.5549345925807998,0.18454221024187945
0.147430303339108,0.1484025767225674
0.5059189912733557,0.384485950770042
0.4958068412083172,0.3000768329505661
0.3707547163142708,0.07143263524350729
0.476271883655353,0.9999999239960395
0.5381308003422305,3.226412204071494e-08
0.17782818965147484,0.7177637068289009
0.45010993562964474,0.38653387018073104
0.12329274910230614,0.32606305818420367
0.38769891230756093,0.43741368429900973
0.42302242972561643,0.6705805592697267
0.45573430706951523,0.8589058266034044
0.55564168770325,0.6179015839368134
0.49085658193538606,0.4933053081701573
0.4273544030784553,0.7115363186321773
0.4483231870266762,0.690242056734288
0.21921473581467454,0.6320646299782702
0.18512556080055864,0.28410996968128543
0.49671101070891854,0.9999999245464792
0.5546559110511384,0.3151038858600117
0.2596367851609358,0.4350450490261437
0.5699388833382382,0.42301897799702104
0.32476769262083716,0.9999999320579569
0.6764352025048694,0.8741648142198919
0.6013267453632762,0.7253687082225149
0.22853400410379754,0.7028897647578134
0.35621387594243004,0.6046215111087712
0.38084928532885076,0.7966689264171762
0.4239507829122462,0.4437778397384804
0.3484567396265743,2.1769530178517016e-08
0.41585836562983625,0.0012172263075242995
0.22316030446092983,0.5144106893265423
0.5085057277162894,0.841997555240269
0.4449270439403952,0.3998655834079834
0.25646615977707254,0.23849247116526584
0.4507046338852705,0.9999999266534516
0.394084315507496,0.5297977201586974
0.5087894193431888,0.27516831451010404
0.5769946957945438,0.7097828468906755
0.49221374585039657,0.8268080258819701
0.46123919591054996,0.821012997743928
0.34810165339429755,0.8595056838610624
0.2932735384804408,0.6893382026411672
0.22586519800762472,0.6167063807798812
0.15146985330851193,0.7523568745990232
0.4694415409239179,0.28813716363898934
0.3978692581204686,0.6005289558723312
0.43838414218704447,0.14556195955656293
0.3794818053755997,0.6516200330535966
0.6607305294683892,0.35399232499631594
0.494490914113106,0.1415972227061424
0.07734143166846019,0.6433596538517996
0.5020722908211828,0.7966802193836351
0.1836751843949309,0.515397645537778
0.4225623509153347,0.23789827651234674
0.5238023161738039,0.559553266594623
0.5639097275393703,0.999999930301442
0.6116980832593,0.2339238454345498
0.568753816591062,0.507741435820737
0.2678035954661895,0.8068513319822266
0.5110562127411589,0.567540367198621
0.38333373849590524,0.8527225165173711
0.5902009126286525,0.3148534054688845
0.2945086345358354,0.6741310089919956
0.5417515452981778,0.6002869076832447
0.20142736192825517,0.288404577325597
0.35152478633548956,0.3751174646141031
0.2821253409685438,0.5805040270174366
0.4751901502570903,0.5649569985113523
0.07507442991882973,0.9999999404782045
0.5431122512045592,0.19132775890055598
0.26764923446177713,0.9999999351827213
0.21120379756007734,0.7591062643345516
0.7251523872698633,0.8749760597014031
0.2313279655969862,0.39377009868896806
0.5696968072047457,0.6524129862138999
0.3709474257646246,0.19145787403490644
0.6891319250420609,0.8032573670101364
0.5416326595675987,0.3224752783810416
0.189515274802746,0.006054892879525653
0.2859460894225969,0.23291624297895552
0.49043418072900025,0.8639467316754832
0.2325424736517121,3.578988483354806e-08
0.3938885895274131,0.5284959863860799
0.22239385557037794,0.4357097638417464
0.30636129916650257,0.27452524407452117
0.4312983073109744,0.32816196604006365
0.1696061661433106,0.8645536290213833
0.35254464951919706,3.163236073078224e-08
0.4493377411670778,0.5264970768057324
0.517912471583907,0.49270664676551945
0.5887303405792204,0.789304262586306
0.13560169747061712,0.3010981035819391
0.49212542578728247,0.37939691313075485
0.354276816972531,0.7867118162291611
0.2455625036844329,0.3739383667083338
0.2710858309692825,0.8716154108605991
0.36782510684487946,0.8429434501560777
0.6827372517363584,0.7965293803412159
0.2101432589800294,0.48002600658149674
0.5585698720351964,0.7664791089766041
0.21314769934883726,0.810649767396928
0.4658811589097236,0.22345996150460223
0.19566628642168515,0.34125805845199153
0.6680664635026945,0.44424381727382567
0.44138491077039355,0.43546807125791887
0.13561709082885987,0.5542838386921964
0.6752007995529632,0.37809305209412614
0.748737275319717,0.24965180324773684
0.5451443059585084,0.5429795717976411
0.47664051602876034,0.671135851475043
0.37175415819892654,0.5173102923212625
0.5702600917579232,0.041126424530506966
0.5742105166659326,0.6689089432492992
0.4388329106168398,0.8503632404942998
0.29130207227636795,0.5229508402179981
0.47174999327734124,0.09024820924053856
0.26029850952674627,0.2868433973142217
0.28605338160942706,0.03600122775274173
0.46444692725816905,0.21356535555911194
0.26712679948458495,0.29763178201672247
0.48071053866463354,0.5972433270076607
0.5268266610594088,0.9999999263775585
0.495116188897168,0.7858381050151984
0.4574601320969909,0.9999999255432677
0.577497147742478,0.23511232770595214
0.37784366682658277,0.4310040080011781
0.2514318178671475,0.16471850010745825
0.4860807409497747,0.629461617992753
0.6334020760623575,0.7415140409295837
0.4297175361259087,0.29265794731268
0.2892639704708784,0.6706343300065427
0.5113614494585947,0.18276171883370296
0.3946061950429294,0.7479023022590354
0.3265489452125263,0.6659328750427811
0.15111045957240554,0.48346057062461156
0.4640797418340621,0.24996339380687616
0.7385437806988104,0.15395652394322212
0.549979345084004,0.9999999221370324
0.4598201559757915,0.39471620268794894
0.4596618457766506,0.669034067904235
0.6729169826746317,0.15993420560104354
0.40329377538020417,0.4626893881055665
0.4983341715190548,0.2487744623612791
0.48904986697780384,0.07626792040232999
0.626813704228899,0.5507221625866485
0.2375983409387401,0.900339935023819
0.3023797793097929,0.1623791430691277
0.5548238786685951,0.9154655890422738
0.7457958403943459,0.7769354308501661
0.29825649339422045,0.19548571602291887
0.3867072830595548,0.672073898949467
0.25983573190243536,0.22901764048600626
0.5102705526880902,0.6313002032815902
0.3859501506140295,0.2615750551572802
0.1875857048860463,0.4835387784942675
0.541903432906127,0.21772290707658115
0.6610007556356807,0.24954375341544832
0.569252502008545,0.9608198107034482
0.6561318439202903,0.19539461202720076
0.36995430456596745,0.9999999457849853
0.39536819028816295,0.9999999357309335
0.470212310309726,0.4663287657301787
0.5073343345382608,0.44892421187656595
0.41216330297944426,0.9084597953587839
0.3976288003459625,0.7998996902732749
0.3045502894001624,0.3732883989378095
0.3551295732181239,0.4908793337852231
0.11606637794730856,0.47599518063368507
0.5944888288383363,0.5911674845315424
0.32710924303309685,0.9999999324144611
0.3310783822296792,0.3913438054245688
0.1693183767779427,0.8705687914531559
0.434352906541009,0.7666526937810474
0.36379168149315877,0.1665009940431652
0.12747116318220364,0.8632872896576167
0.20882115515312272,0.7010565931587642
0.38554136444928355,0.2740805819450074
0.5568409171738367,0.3214763568010923
0.5749655388068997,0.7138999776577393
0.27830450729622136,0.9131148606315627
0.1480896162201728,0.7912154744304267
0.6195558183647938,0.16550827863892437
0.41762052204692734,0.5500592464578098
0.26208660809726725,0.7212152648410957
0.39811942341931417,0.3898340707686785
0.4838148199812524,0.3772994423339746
0.4561345520359539,0.7192986980359173
0.35781269837860163,0.6901564341724082
0.22831846612158868,0.4116522021494333
0.5134219986815256,0.47453001544063866
0.35102783281452776,0.3355599802486289
0.3974849026691678,0.36284973286675637
0.4030864235277001,0.535083934502449
0.34161212404892893,0.26758414363415994
0.2907984481732404,0.41195276918026025
0.42059197156592454,0.7706871085558333
0.3823002636592432,3.3175926006379086e-08
0.33072253009226005,0.7055161367242349
0.6201789126117077,0.43288896838211954
0.10827090514024018,0.9999999436095806
0.40806288774523924,0.18126070839516117
0.45401505582295565,0.47279216442883865
0.4918202494725583,0.6509059511621444
0.2649513831929555,0.5720781143744453
0.7560447760139941,0.7243179527781329
0.3883904567382124,0.660142358460881
0.4899535527286205,0.5437664039667176
0.3319875583579761,0.6441568064736316
0.3830710714670138,0.33937939211556056
0.29053706673655233,0.9999999246551816
0.5564125320684976,0.43131276053054535
0.2975607251519192,0.8544898066959945
0.28565227840197194,0.5303078652456641
0.41517924491188607,0.5765071223300673
0.4232307780509763,0.5917947981540728
0.37391219866630143,0.7104017750674672
0.3358437048554457,3.409313364954869e-08
0.4248666358818256,0.33834365551458845
0.7334394089369023,0.9898878275463652
0.22514019460436518,0.8799720739273482
0.3418960358290368,0.7787304634194108
0.3900179083835513,0.15526152378323843
0.575064186687082,0.28642569745693436
0.13531863113221654,0.3326411897041446
0.7708937632101724,0.8774488860351646
0.2848456551230969,0.741970206624444
0.5394145656565295,0.689708057903939
0.541520771250541,0.6012763903289873
0.5882169440674136,0.7759554515385254
0.718398765818463,0.22735857534943094
0.2667037308891329,0.319005721048665
0.3740529740595293,0.4660798422865078
0.2316758216077517,0.2894171127676408
0.5420132882649695,0.6822638520814479
0.31163528252886064,0.47412944598966433
0.4266318103048179,0.999999933222572
0.5203732268077039,0.3319442124468033
0.16727916134639775,0.738893303710789
0.3955735160630871,0.1838869544686048
0.5512911576058963,0.5697831795994368
0.19425371155857007,0.7573125413221895
0.1630271876766436,0.5038438239973289
0.4402105794204063,0.4181630263809275
0.25130131597277394,0.7053501744304675
0.3553460638491579,0.263227335930182
0.6300072524745004,0.3888711139725416
0.12340347067201396,0.7158228185883146
0.6443701504368566,0.5414852845391565
0.5491930403799739,0.3825827126919954
0.2955881329750891,0.15349756202278186
0.43599159464072335,3.533509485009745e-08
0.25105485014254825,0.31972427772765144
0.5437964045886794,0.9271647137396251
0.710238248788571,0.3552925929955286
0.3326084856326963,0.7684036427785941
0.7702982278935302,0.4766958062671698
0.4304578723000212,0.7120401354522627
0.4157988901289147,0.7554107717363934
0.33000191168850446,0.67004105709524
0.4184513175369373,0.16743219153959288
0.4488686908476529,0.8671133357043779
0.4124632077380763,0.017639284003433175
0.437013497844819,0.20662397921135778
0.5026699611805174,0.7244733256898961
0.31180791302171196,0.13619914301717628
0.24521275918972485,0.7654981044424964
0.484835462834043,0.5009784879683998
0.6884560122854033,0.5165207327099424
0.5358671567738504,0.7965813643511304
0.6296455876243727,0.34925773431306695
0.3566109912273503,0.5110471046353666
0.4376203915131982,0.5668895204607267
0.3536712439855334,0.7917623685540498
0.6863722774331791,0.6622511264226212
0.5701468885398917,0.25267557948564345
0.1993487830831122,0.5369546809647403
0.31263638682292383,0.8252834221122747
0.6570883423843821,0.4267969427432483
0.25910764862822777,0.17894917004910837
0.5785410899527408,0.4101487363256062
0.4127524664711313,0.35537224954996915
0.3277246757956389,8.501658044224314e-09
0.36920178518583846,0.4570623344786533
0.7016202351158434,0.6053875041226746
0.6222890704505804,0.7593496447015298
0.4388005603179126,0.44046500061314475
0.27299065000881706,0.2233763140536773
0.30973367817994646,0.8501980203146431
0.469449812808564,0.09545131442540011
0.07793012823687073,0.45993100445145174
0.6279380467343536,0.0027014378148280116
0.698131763036018,0.17162163515882156
0.41381688559379803,0.9999999252040297
0.41750150689392207,0.5502672869717706
0.4156953883751968,0.5027386489979975
0.11068315653325778,0.2878791565958032
0.22339090045776455,0.7448929107843192
0.5348168521478156,0.5912864843159333
0.5942168753445527,0.5923051455558372
0.1236879480942581,0.5874955754092568
0.6581224843480276,0.08334149911923205
0.4976316327255792,0.67639442476219
0.4707069791265117,0.5023722294629636
0.43151074222595653,0.2398173541691797
0.37732733327721224,0.3053825786721198
0.5181117996001641,0.5358414135419416
0.30235785648022473,0.674206826081253
0.4574681590060381,0.945853401917244
0.6073468068099284,0.5602656531923245
0.25455502234350114,0.5041670987626539
0.44001483189343116,0.4324364322333878
0.38187382700135997,0.862876772010889
0.4993717242007558,0.40430347464308625
0.36816762385927904,0.9394525864084784
0.7535554984264414,0.022785188632123976
0.31900905014191494,0.409663704761531
0.5246670450784148,0.3718647068731329
0.18888963713204454,0.6470098470244849
0.3908959926423141,0.40541309969115247
0.48585910860018355,0.5557727714945351
0.4993615338069386,0.12766906956466428
0.25051505228946347,0.6947648727994178
0.5049250304849764,0.32997089724221595
0.5233672633675881,0.6826897002246177
0.45935543728746,0.7869395882785319
0.4643430301422895,0.5911660654930984
0.6232632768500235,0.8644308835972936
0.5969903106142884,0.4064507920703626
0.30909592029829724,0.6481889052876255
0.4387220659781561,0.4405072953411704
0.15796305832572388,0.9069471274117333
0.2621692719699511,0.7273002436109373
0.09083352488437368,0.7874716740781409
0.2929473505927134,0.8603119914782731
0.15741425446987245,0.8199765863727073
0.5884672263317627,0.35019608339960584
0.3336559792151559,0.22431166730992302
0.5811032222755848,0.263246897793632
0.28991353442859635,0.5631915090760096
0.5990940797610262,0.3298039228722516
0.5468482702875508,0.12371636194730229
0.5461004853272118,0.5148612025171033
0.5814062777202662,0.26227985704583645
0.3540016914699593,0.6944760561027721
0.42947993945368745,0.2984787010676193
0.48477323953471485,0.5277265984203261
0.7221862636189971,0.9688030892244441
0.25618485233618493,0.337217858323104
0.32579555952676564,0.9999999353799183
0.5705987097920513,0.7268824045768092
0.18701309805998134,0.9999999231205301
0.5080739908062348,0.3027659415327051
0.6419403476499657,0.3474260463020329
0.3759524859344139,0.16496925216251412
0.42480071771601,0.17270013924845884
0.50814338904532,0.22499613045782496
0.43853107167065897,0.8496542813514623
0.6162112107079696,0.8859984333033566
0.644414365653649,0.5268177064189103
0.4734124471087835,3.398402981247273e-08
0.44133715592110434,0.3071684030989843
0.21727846310693177,0.9999999312474621
0.510944558302886,0.8346957360084737
0.48196584597016345,0.9999999290133985
0.42946043336441164,0.8569397745684562
0.18009807556608592,0.677852419946845
0.609788013625955,0.4368463627442942
0.44194226051963126,0.6360761228152896
0.35341081248584905,1.3512412522231898e-08
0.4322271179995738,0.856499042769979
0.19011638524518704,0.4399885534421273
0.519780880438955,0.3025439885131007
0.32478054742209306,0.8112830446551662
0.3369336183770497,0.6157867081214476
0.2159399508661748,0.8062153678079973
0.4749091330690778,0.2221835801326435
0.3328482835896991,0.9035736631557505
0.43084050474668567,0.4332042864767658
0.4279750470469468,0.3685908160059128
0.3151900432401966,0.41493110332757155
0.2388520047335505,0.4326684943427601
0.343713042991574,0.3577566068682536
0.23225109819699652,0.7327683409913917
0.21167193830222608,0.9999999254614593
0.45422144541225373,0.07862768505218298
0.37695231257197204,0.6299474431363876
0.1328849370647034,0.6762302921082686
0.4687134757239906,0.5508553537591645
0.4422773034599552,0.5873202444162686
0.14954689630284212,0.6457906660726955
0.326510812941017,0.2472328905637191
0.7105602985135837,0.835114405382491
0.3335614316050428,0.6332386719106218
0.47509309816571177,0.8648036473458944
0.5525786318997383,0.680725930135722
0.36158852810054,0.36989191211724304
0.4148514673716237,0.735847775903057
0.41533918276268045,0.512254904329982
0.15084327357987748,0.3251884635582343
0.3363643206063327,0.5162427604028714
0.17408216967744972,0.36504538100044215
0.5030352951623316,0.3320311395200335
0.3411549172994457,0.45796536258516696
0.49085199909855826,0.17397586607517468
0.32688098191490145,0.5081226133307304
0.4199244549863965,0.151268091773332
0.4560720779599281,0.17372461438801068
0.5183462110604364,0.7131109640581812
0.5284187829865781,0.31341168608946646
0.46272032067636415,0.46250138712752786
0.35890356832016623,0.9037182840547189
0.5542302683305702,0.8229611732513291
0.4357024086306853,0.6495233248168439
0.6424647444900455,0.5239343695353078
0.38876683204720086,0.4600336889094869
0.30533862350706586,0.3096018040496453
0.1418578741142733,0.09743606471479183
0.6406326309204013,0.1532773980838975
0.3697060373394274,0.27573160952312037
0.6190411402372873,0.7583359814483757
0.44738865610406897,0.6994613361382527
0.35105979068816984,0.999999935381588
0.5615631601391269,0.11389258773644073
0.17405464980250596,0.3647367204490948
0.22268414839490047,0.43237522931108074
0.6047509672061961,0.8832469666964684
0.7387743847480164,0.31120417565571046
0.5276747581796517,0.6624361518916757
0.6895184241298837,0.3439444424448972
0.24151125320154776,0.22618399944148493
0.49956395523171127,0.6238207566658609
0.5279128983276458,0.25374999325956793
0.7937929452949208,0.37801547368163924
0.4785888986050608,0.4230774855827697
0.4221412193209746,0.7581659029916636
0.5153924334738491,0.037802326256191066
0.5211796626676981,0.7144135694564397
0.390843846043607,0.8802974653245776
0.27353343153181964,0.41685987246246015
0.5007870577407316,0.9999999258547341
0.6097870815882489,0.7583305906049596
0.42897062838893874,0.32245309870579675
0.4041352635914506,0.6914238198083211
0.25973732057683563,0.3007625059257748
0.5224866314418541,0.4366775722846228
0.5365426955662707,0.0887383282401828
0.4862446020371256,0.7028953419964772
0.2490676688420681,0.6549931205095021
0.14892736435859355,0.8775115096126882
0.5776441976777709,0.3429002132238068
0.17407033685310802,0.8556165846791437
0.4752643153985634,0.5493169424308206
0.30715435333623153,0.4845656654348467
0.4124347780020745,0.5365358532938806
0.7566424077328322,0.7077317536857635
0.41508256420359135,0.41530555809024605
0.2946917864063687,0.5568787946773313
0.4486563793791709,0.9318197765688936
0.2283184402030991,0.4116524602614824
0.6680954589458725,0.14567383354723162
0.6613940726999594,0.8570227037169182
0.3959124378399279,0.5266655103304068
0.4198321817261208,0.10713491702788147
0.6216664302186286,0.6269370484165009
0.3957045395272707,0.17179730932619464
0.43267612265840816,0.27844399017956434
0.4739403430644109,0.7671708386559075
0.46535320484421216,0.5086028269272376
0.2948633718499152,0.3270679815733324
0.6206870991407962,0.5554403502646963
0.24184284505163633,0.9999999244848858
0.5195172261835319,0.8579673240832442
0.5241331971386285,0.5132840658942044
0.3158131842999454,0.18839341554319233
0.21931891463103348,3.046782381943558e-08
0.2502170543533748,0.451932857408309
0.39287332448161116,0.6804575520868426
0.5207897640149666,0.01618779416492444
0.41478017171187753,0.4174138842039419
0.2597325343410706,0.8669503843784447
0.3088199025764258,2.703357893096836e-08
0.1556549687151243,0.6088820247748465
0.648812510803269,0.9999999221900318
0.6683709744296804,0.2802672917134501
0.4474753497377195,0.839941034995018
0.29366539939958347,0.21180626759149135
0.43109133831292734,0.27288729542661727
0.28712418759453406,0.79975041346027
0.5171732396090625,0.436898271108749
0.33195070509449476,0.8544460408623813
0.6388324292026879,0.2914209113393156
0.4298551811054634,0.4246451665694231
0.44603419207870365,0.7519196218266941
0.25553669356625486,0.7316361093142234
0.1324541122203753,0.47893239988369984
0.4371998494624041,0.17157737901878534
0.5411948332094805,0.8740194869225277
0.5549444161569324,0.7572339293272989
0.605215864468283,0.4060099794736267
0.4142100228333585,0.6430913095758406
0.6048395084850586,9.057984584615042e-09
0.45049134784547196,0.9999999279396619
0.43032973831020005,0.9999999253974785
0.48927317662658654,0.4526150821188253
0.23267817563232596,0.8951514122405726
0.3907435532452128,0.6180763046148279
0.15666137936267965,0.4150439786007851
0.4403651768860053,0.443352633906386
0.3972696400748159,0.6782021686939821
0.5496702787335508,0.7223495729911633
0.5067908438149886,0.5558119778868971
0.44271011793835235,0.5480387755255443
0.6004026504058309,0.29701815000948173
0.35597988421915083,0.9999999222388141
0.6011658983935346,0.3722541496273557
0.6771919593171205,0.8335891195833334
0.6312099395959105,0.3944915951415737
0.6913961938545214,0.15328401186890162
0.22545980564269463,0.9999999249982388
0.5523933294982073,3.187681940630682e-08
0.421027966720513,0.8223651996050059
0.58035505462585,0.2730014578402269
0.4142937162787663,0.964050853975273
0.378239834479035,0.6926093742022985
0.46136804030892,0.2978921877538099
0.503026638307551,0.3321923884785747
0.5305422437017833,0.9311470834825109
0.5151143911068998,0.2501776637733535
0.3106818776935518,0.8543341185096232
0.4786364214846768,0.7462841465506678
0.4057983368838429,0.9216926253264468
0.5949128718707417,0.7965063317271124
0.7099682950244603,0.6101846150377845
0.4038861789567809,0.4334568235273579
0.3626652543917399,0.7608983822064737
0.28130633309494035,0.2763437019989041
0.45115819952415714,0.5979678339959946
0.43349989294604185,0.17340113307587757
0.3589063648757618,0.9036796996403567
0.33980050643478066,0.8802730146548932
0.177910336451776,0.49363514634031347
0.3472732015558493,0.5122667297574353
0.32200202441422476,0.25289396679600173
0.11133879783938383,0.29458900594193693
0.5193665375052916,0.24141857039293058
0.723176519348455,0.5987484466015651
0.2762392282197492,0.24025468746920353
0.5389063890932944,0.7031322769174082
0.2814020745581871,0.7633702997161897
0.4632794380000389,0.09174835322216879
0.5873787129011134,0.7107526758721754
0.5329233104205877,0.3867690181537746
0.19974435790623257,0.32439872482242293
0.6772441788422876,3.399556902650147e-08
0.32978958239065603,0.14597316824490036
0.5914346246510238,0.4600950285952159
0.29570394532458,0.22298979054216517
0.33449357092729715,0.42026238775462943
0.4668387158103,0.9839569115393481
0.4866319961022567,0.8064246869540881
0.6759283104616731,0.34468308858042107
0.5582725140733404,0.5628639329668452
0.3660493080698459,0.9999999300014331
0.6556597379431377,3.103655998870636e-08
0.47244940639324007,0.6908980538742817
0.48443994332177986,0.4494485271002553
0.40623801428255346,0.13824041809903775
0.5108704857393032,0.8336283515301695
0.34561611287227834,0.9903985447611454
0.5171438956819614,0.34572643975253925
0.46135382223613197,0.42997341140336687
0.386856926106117,0.704898949704873
0.41304109351303264,0.9999999274158036
0.211629070238037,0.24181415664996564
0.6380991994475509,0.428730778111003
0.6892546021835133,0.27778271197946935
0.19563406447220322,0.1577147118527371
0.23485039041868383,0.296340726156906
0.39178265521025235,0.7362892628627691
0.49561255335747045,0.5166948279350443
0.2048264673351614,0.12931319401865693
0.3925176530147372,0.30167435449522984
0.40842877690600066,2.54586609571561e-08
0.6395636571341896,0.7042340320168776
0.43717405873035986,0.4576324404261847
0.6103587837127868,0.05345504819639757
0.2096613330926198,0.6968298969732984
0.30554621674258886,0.999999922215256
0.25417264147170027,0.642147145226101
0.718963509013447,0.6463587482759863
0.3426060517878766,0.7242580990086189
0.37504587937676215,0.8982431290057775
0.42558621314748013,0.4701623440454945
0.13011732704408496,0.7909641428790763
0.13833850458027008,0.7971054094196006
0.344053743468284,0.5920641767258488
0.5848178144266298,0.5833950751583252
0.6951322113953298,0.2747674003569358
0.46435454982444746,0.517445874167862
0.5053948551753762,0.6680931773495722
0.12441972493525322,0.16355559780518192
0.34969632538472206,2.4566915612922458e-08
0.48262281593601797,0.320480667895918
0.6002639028453509,0.9999999237149773
0.26896874610864385,0.35504039298549017
0.7491655588109793,0.2500798147802179
0.4037892027323644,0.3867719625191661
0.3207333247035282,0.4682465809184926
0.36937198077845546,0.7440786515968654
0.6389413662737171,0.2030259726419068
0.1365797936039712,3.1669841860093584e-08
0.3403638173026686,0.9999999310022005
0.3841996917745152,0.9999999302501159
0.42468220613479657,0.1701634436560866
0.2654904912179119,0.6961261286493183
0.20284871926542491,0.7406924439057505
0.585793668543034,0.5769201576011227
0.19789076985529785,0.4314229994198584
0.34556269335803735,0.8262515765297849
0.41608179843625726,0.738781246830257
0.7110292428172609,0.9858311608117454
0.45960101817179044,0.510798953409644
0.6882304483006312,0.8076575790130605
0.4734671049101391,0.18160156005230377
0.30704820393975263,2.0504803188714504e-08
0.3852903380601327,0.8348057279936718
0.44327682116463984,0.4972855452586167
0.6012172449885012,0.7167902161730737
0.46932936940875347,0.09552683999129741
0.47902822311763815,0.9999999279243816
0.4974214729195934,0.33222080893689565
0.4539498714821666,0.25459398394992405
0.5425664878783438,0.6541567163101121
0.35204943753052076,0.21616466807203594
0.3176985844909441,0.1717793671398411
0.33809009614241736,0.16467398732580918
0.3865118453141938,3.140484849950553e-08
0.709991792482346,0.34788045865042605
0.6918565567477266,0.6432733963397617
0.5489695301442881,0.5317106875055089
0.47577784282298374,0.8354253797397568
0.48780320247355746,0.539777126230522
0.2573016310164511,0.24202523487424443
0.39769415373185835,0.44995574241513836
0.4542546027077896,1.5164360434027913e-08
0.5070348288491693,0.7769368329413915
0.18929533887303585,0.5220267315942095
0.4946879401772395,0.11397375574565771
0.5095004865884927,0.5593063107244021
0.4389326469773458,0.41863052325167516
0.35858934336255643,0.31915130497618094
0.4576584885280637,0.3422051156457364
0.3863461359156428,0.6900384669698134
0.49541673909466066,0.5327470591553265
0.3359801709166934,2.774237373159849e-08
0.3900949689823716,0.3706475469615391
0.5847741898476473,0.6481124579385806
0.5212275381507943,0.3865097370220987
0.4152614463816322,0.30336275909905197
0.14698025148207838,0.5075547389658688
0.1931032006568274,0.7415430677958668
0.23550169502933427,0.4561759648944488
0.209506648628766,0.6209325586200372
0.43210338946872096,0.1860416089567778
0.6202272986199358,0.15386962359719902
0.17690855837849684,3.253452973694948e-08
0.2788731917643017,0.7000948313929776
0.4360141218764646,0.9999999270857138
0.4138186110945328,0.5547223428709671
0.4418323704023237,0.3109229538960676
0.5589149423682831,0.8106927078386903
0.38632573770832046,0.2609375224860422
0.5716259925779363,0.4102517920560338
0.14541120079978231,0.008778188630198969
0.44309129650077894,0.5027273082981978
0.1590562831759743,0.8729839921140936
0.34120628895070215,1.324033505056832e-08
0.3074839819739035,0.5759064501556601
0.3672360598879778,0.8504074311460634
0.6001485839149692,0.9999999237527746
0.5959062834145961,0.281558696436246
0.40733496531627544,0.7076249314591827
0.6033329110773895,0.4718976781748694
0.5234383202107433,0.7609340496146437
0.3625551172399222,0.14131207979774985
0.30322001429354817,0.3747522710785809
0.4735348637118397,0.6647541324475945
0.3236318348679714,0.7942471850941679
0.421506949844463,0.6260058038461054
0.5063757981842003,0.4558100461043324
0.3863428562693998,0.6602195760518015
0.1503408634440655,0.6293175053376103
0.48264428928020786,0.06663682506483326
0.4226177504324595,0.008649305500757265
0.5845072662719115,0.2562391771215182
0.44265353956260123,0.4508748985246456
0.4336415997609726,0.24563299836618313
0.5653110594755244,0.8034063461558425
0.4436105467779612,0.6101081863097875
0.38731032037003965,0.32518043992335777
0.5144474520727793,0.8075090531685056
0.465992195300001,0.2600877902639418
0.2409646152888767,0.3411892482478329
0.47036974427775835,0.6426385969785713
0.44334153177842106,0.9999999231861807
0.35741961337319594,0.33462143303100333
0.5803013934986443,0.2656313082141146
0.4583872869219423,0.5552954196074289
0.47690274578221814,0.43237726758345474
0.4816511215041763,0.999999941115302
0.43889366194450297,3.4365367440614136e-08
0.5953187303243084,0.43713613449829225
0.26750823893115827,0.5437845606940677
0.3714110743122405,0.2986826306767938
0.4328153154972454,0.44198308999207114
0.5081408769313196,0.2813022375952734
0.4294464403807132,0.28864401243400195
0.45685740602549263,0.43380342640312364
0.5250940028170277,0.835985024914077
0.5003835823200853,0.5512355451947393
0.6489777610291485,0.9998901498797714
0.21554378449165545,0.3886573119328425
0.3652069869738881,0.77036361327945
0.13146443553566955,0.2158589785688072
0.4219425046976468,0.12859588332410254
0.12813797249341485,0.08632341528781495
0.48319830420025633,0.35013898662701237
0.5049367107115654,0.5268206897398606
0.30695217884795856,0.3316917303008431
0.6398511585670175,0.6340856209685093
0.45656428425657136,0.32976992539498085
0.5735686857380049,0.49926015675945834
0.4211797419347052,0.5648624277299277
0.10742704282819648,0.37395833870558803
0.34940881962877235,0.7763778697748904
0.4924192046130962,0.7779616845068489
0.6196559599926981,0.5635829157207581
0.27527421721862044,1.5418450516335724e-08
0.42946837403101545,0.36851633969082087
0.6711803775730858,0.7444427522523611
0.34040110808334,0.605050862193746
0.4817111158180447,0.9999999318495405
0.24291530002570516,0.34765929564801823
0.49727525973215503,0.7301616295620015
0.41841876536448463,0.6756877051794952
0.370561280830791,0.9757676796923924
0.42594401874149623,2.9042190874406515e-08
0.5137009371237213,0.23091542878604798
0.5473621415861647,0.8524699245495775
0.6602195008312854,0.4270591833928208
0.2750316827575898,0.41047795768050577
0.3852744540175137,0.4208626104388422
0.4664702653593724,0.5971558511772415
0.3937739148318964,0.5843416591925958
0.4426653104196383,0.441431142821731
0.25620796276105384,0.35659579485121284
0.4098151544781947,0.9999999323532691
0.49381368396983527,0.9651095238197414
0.2356605989079008,0.6999893042016616
0.3955191616535596,0.6391684208509645
0.5664586322256531,0.3085485144336779
0.2976141936253889,0.5362875166567243
0.1729460890596055,0.5352363867336933
0.17291552930944443,0.5646481679478512
0.4843161532169815,0.8043608121054042
0.22696563168624806,0.6883178723476213
0.07723405489140145,0.1631767419250032
0.4554244567311234,0.45143171916728164
0.4872735948707865,0.5349351590758396
0.5589066239624052,0.8150861746953062
0.5053189685524768,0.8746944800106888
0.33405090871104104,0.16885305268649375
0.5510455877892593,0.27269098806813474
0.42128234278989174,0.6027827079358872
0.6408485605134437,0.6252686599346866
0.277636259356131,0.5746468594944432
0.5288372142337949,0.6358120733483474
0.6109699483837994,0.5624888144654214
0.1869052103894755,0.47095912650893723
0.18087057455328015,0.6555744483717945
0.6833802885362528,0.5397900843583265
0.554008234187441,0.612160330771971
0.3647085628887008,0.18359854899907901
0.46089135661074776,0.5009265480324601
0.6366139493278005,0.4052522502244429
0.31344544867592017,0.4609711405781418
0.44343628727719864,0.5912716247593046
0.677277497603336,0.3434057058890758
0.6222649289246958,8.176026966566496e-09
0.5164897663537587,0.15248307085382606
0.5182390680335747,0.7763313266255345
0.23094832095223117,0.9999999311236358
0.711604393058372,0.7845765567893821
0.37563314576868434,0.7229520432785748
0.606870200774174,0.3005666156829001
0.4086827619585214,0.7610260251202128
0.42644629990929284,0.07827640562770455
0.3517363663841788,0.4829987092838053
0.40182567020917404,0.7068656698477582
0.46430366493389297,0.8839300000634474
0.5634890415538725,0.47880962576930486
0.5154358496760412,0.8026043901027755
0.3266869591115511,2.6712083212032667e-08
0.6637069706217367,0.6296704505694528
0.22949206497732932,0.5477294228454781
0.32930873717236464,0.8744465807676391
0.5126739095397599,0.49770952170413807
0.18930489325070532,0.11578242502909575
0.42966247153514114,0.016741414520410558
0.5887411856988423,3.0166145137400235e-08
0.3826181886298632,0.4327116280600336
0.4260346832310633,3.391297198618304e-08
0.6051361276677087,3.332003828404595e-08
0.5225742587021367,0.4357638798612733
0.4965613982274313,0.15467780997033742
0.38551012059482526,0.5004702446750393
0.20881771647603342,0.19109428140949092
0.3180386111695155,0.4800142019929119
0.4609935352706698,0.3269577375842978
0.263936596666523,0.5647634272761408
0.32469731513013356,0.3942151709637436
0.953851130228911,0.7141235840769014
0.1458990752804814,3.566749384731338e-08
0.4257923091070306,0.8744136091812891
0.3961913034526332,0.6183637290200501
0.29205831381854397,0.5337066717177521
0.2759842286120442,0.06567278372632401
0.5225693069707966,0.7923992818629202
0.5090255125224838,0.293950457399216
0.25092660097111263,0.3422694514413891
0.3781694105297455,0.8763891063932192
0.43011896520839343,0.5196592410626373
0.29508434490892776,0.32739512895692613
0.5939459209793228,0.8763045005358414
0.502341452320572,0.26759538373595504
0.4139559257635468,0.8546155303958223
0.6523495679522044,0.39859422932097033
0.6158342799566152,0.8830471175192471
0.6505818861647841,0.2339425659900236
0.5201297227883317,0.6304016810884647
0.4749466407635863,0.565994664285352
0.14162913318561188,0.3101814969750656
0.19383737309882187,0.8614008271421731
0.5357692467654407,0.6252437478094635
0.1356030555644252,0.2929590062318539
0.22269628235260086,0.5586388292511799
0.5596585918021804,0.5696942049710465
0.40113466098411976,0.3653243876479664
0.38563201201204267,0.4992902204002334
0.27013379365049417,0.7773478226971697
0.37380595289235385,0.47537739682990576
0.3420773755615931,0.8664668091588865
0.31433142245509726,0.42940612622494
0.38869712740651474,0.16125997239154088
0.5671394358399477,0.22392216018955224
0.4960794208707324,0.5032761072355463
0.5561466199305718,0.7660257727012407
0.4496219720574386,0.33416061125427987
0.32391012288289067,0.9999999339521395
0.19123295533791573,0.8733113807898469
0.40386782316087677,0.5646920444623298
0.7082642162553587,0.34676554748026334
0.6785932994786332,0.8723690265377151
0.42225915902391575,0.2864291958272531
0.4690971503401977,0.6732371200952372
0.26095625960357216,0.9999999287220689
0.7317590545039545,0.6322436555815116
0.7636638199088255,0.6707475497884232
0.5050247426121257,0.7568368803628971
0.29919752070072114,0.5520461194928821
0.45528450473541016,0.4889406033866912
0.5268502581972316,0.5293127660357477
0.32263458005862633,0.6815906765597965
0.37687568033266183,0.3292661525734317
0.43269848551219114,0.09578558375522306
0.5126209978429732,0.8111328467082011
0.6025555701558329,0.9999999254016991
0.4543693980514911,0.9244531692490163
0.21484266755412618,0.2567888450335438
0.5084949733414645,0.7807936476654334
0.3772178493103153,0.6290644973993231
0.31582145210154433,0.43441960916446476
0.1563200823298514,0.7162119327037715
0.2940367876962475,0.8282326283825263
0.29337651101881246,0.7150306253828376
0.5462529045704652,0.5464946387536358
0.5956129819848046,0.08998115136099827
0.3482870844578283,0.32326592983780245
0.5102516468751288,0.6305424047759836
0.3797398152893505,0.28957716535702005
0.24590165835803024,0.1737117804490289
0.377084056224962,0.6274882211565647
0.2790381038585852,0.45572259366579715
0.3314569847979243,0.28248405631003237
0.3192150419063231,0.5688981775255932
0.44304911679263803,0.5159341276967133
0.24752942598537242,0.39072526063576163
0.23295943660855745,0.47997812108329185
0.2994914726827691,0.3450700461096403
0.3214389613794113,0.7616007149000339
0.3253391768196252,0.3285923258728296
0.45096241390057346,0.3998571093285399
0.3963071270299192,0.44453105617387934
0.4939812661641181,0.4810218816271892
0.36106119899917966,0.9709834440512566
0.456372645481542,2.812673116636688e-08
0.3960051086475409,0.6986259797692114
0.5068087716785112,0.15339365908609537
0.422403599116008,0.8064409131793866
0.5404659195326467,0.22960838114012105
0.6462936551676051,0.5413205696730472
0.2893549148661614,0.5919302848998775
0.4141432780098109,0.35160946598669085
0.4167895782973918,0.4758566801681816
0.3861402506943761,0.23721752487719527
0.5545692023023885,0.5639547594496435
0.7265203748259568,0.4216293958091235
0.47043014948090933,0.6423547396854623
0.23626014692831054,0.6055673123253769
0.21489993332514334,0.4818969705418823
0.5613364122866735,0.6233034107847679
0.3464724419035501,0.49607139345841844
0.3931635851748352,0.3592665725734072
0.4748120268148517,0.316687252618042
0.18097441809203296,0.5571525204789829
0.1933274523831936,0.12197338933614077
0.38430655757367926,0.7055168117442818
0.44516024380806085,0.5926002275894255
0.5755335700753341,0.7984713040013318
0.6005624038860033,0.4122518612174382
0.5654786678963415,0.9356677184225823
0.5516870447211413,0.24897971076930148
0.09460058081618827,0.8694015889051272
0.7194152637660136,0.6303940728960065
0.28796049084919106,0.8123977279969594
0.3003126391899511,0.4057793702764343
0.347123488217572,0.5830314578780644
0.23506279678724695,0.1851175828467042
0.7590192075058266,0.11090875595714067
0.3406645085790361,0.42369004084892836
0.4049051486697577,0.4566822054673807
0.6099081778657167,0.3480530265896995
0.21476917580156263,0.6217262964616239
0.28178857447229033,0.2775772377801857
0.38398019020384533,0.20315039413494418
0.5437878176969124,0.1881326594383168
0.37130421311059525,0.6105040919023459
0.5005889619256862,0.29568970313289
0.7252991573344407,0.650933471433369
0.6754315953357763,0.3202910781990411
0.36410974900545545,0.426243930319945
0.28686194113968666,0.9999999256900871
0.47831612388752553,0.6616811889910359
0.18890035179273434,0.4472777076711374
0.43197526528076713,0.34342608897713234
0.38750513010871446,0.7535534420007792
0.30892123726507315,0.47713273589762295
0.5690651372397815,0.06948912549403374
0.26820579378757303,0.3816061012146683
0.7059502405216604,0.5335867852154585
0.6198295470227029,0.4207606548975491
0.6072744023942223,0.5613544778532855
0.5598175937722609,2.2208958228020492e-08
0.5722884856034463,0.44357171188553934
0.7071440332466308,0.3911509315495785
0.48085269624572025,0.5908206143515713
0.3936355279817092,0.2211339578114888
0.6527641684536372,0.3886580372588888
0.42252079963672395,0.43358175208981464
0.15169126239789144,0.7526205456739348
0.2689839249083841,0.34900264830110217
0.1693061660833286,0.7904487146873507
0.2676301068340101,0.6603861352886611
0.3660912267727623,0.5798601182170522
0.3466396404347001,0.9999999237090869
0.5055625824753354,0.6283806269056882
0.3945967608834722,0.7483027613168929
0.569123887659341,0.7927639718718069
0.6238009452424094,0.9999999250271259
0.15926471065848435,0.99999994949696
0.5320621915053141,0.2021396903475683
0.14366056016972362,0.4986974674857052
0.5062687791305391,0.6151722077991586
0.30824779838025806,0.8160487231801206
0.5096157755364499,0.5172156768298812
0.20344405904846363,0.5484322835121844
0.19521741603147325,0.8042830024362004
0.20317545389823133,0.8276211327851364
0.5957056341044753,0.6083614950051306
0.4485140941752954,0.439786037321344
0.4586750148901855,0.2674423081635453
0.4783630942020407,0.06274201773845078
0.5000826926420068,0.2909724020517821
0.4457984523924736,0.7912504394832176
0.5195620000815238,0.999999951648018
0.38936191261643094,0.24074495131072027
0.391327864086612,0.5939266772814733
0.3547268063706088,0.3858432873360904
0.21610103706987127,0.12927269237250272
0.3895798617181061,0.9999999322495761
0.5818670168556719,0.8537686289413351
0.31011708490472634,0.4173974920952013
0.34650525393099807,0.4508240009918758
0.11542331317868548,0.4894277078322524
0.45865969578000776,0.5164602092249417
0.3710806253964054,0.21133369715027328
0.43531862183255976,0.6501385220838003
0.42216991527967807,0.2882937770283469
0.20414868347413195,0.6111837126695079
0.7178471418309402,0.6527248425194259
0.5259648659266798,0.6294883764553987
0.40489748636808987,0.2614168075898995
0.639391017686842,0.1582390138107037
0.5211411327190687,0.2723874274067768
0.4354836067637051,0.5050508460475314
0.4856711178045914,0.31344395403462855
0.6060736664477337,0.18353415024165898
0.3433034539024793,0.5874531745948381
0.6340520720979597,0.46760094388764983
0.5756486428191141,0.304686554973685
0.6747177646158056,0.3463737139883776
0.4986695243353081,0.18409536108265812
0.13537980367935942,0.9999999488448985
0.4879410442176977,0.2231058945220319
0.5201525240958058,0.5137156069739497
0.4551602215032786,0.5628940829790849
0.3584887199084612,0.7031899911396522
0.28374349620561423,0.3022412865629889
0.5357116825340018,0.21711712228154312
0.2981977606602819,0.4715409251274707
0.18170420824938027,0.42368581352271306
0.23416470159326508,0.5984721986674408
0.49744230101230613,0.30669695464826674
0.30128471974973614,0.253094117124423
0.2869019544282798,0.9999999256641452
0.5464360990282366,0.9587494037771904
0.3211947825756223,0.9999999347464801
0.7391648814430472,0.7579918115130653
0.3484009186399746,0.8672921041068129
0.5058903993699162,0.3814995590329531
0.6666045759190711,0.8474321494864476
0.32523226560875296,0.7220451284065064
0.6137921246310016,0.1896479346996216
0.41861048191579586,0.9999999372012063
0.7204440091381232,0.4262580396858304
0.33671975676727905,0.8673266424459172
0.20656565097069413,0.6916797841832683
0.24970591356166905,0.5451716890851266
0.420585274647975,0.539390870981638
0.5426948762579427,0.6880099879872077
0.18905717304723302,0.08438989617458503
0.5718172221322351,0.2826008831229494
0.5174806589319059,0.9999999275705029
0.6356176101525146,0.3351528415312295
0.4546069923156173,0.09829194673555364
0.5353498142545847,0.8174166163296057
0.5542577873331336,0.37709674970584217
0.6315881649556738,0.23904325266154203
0.3817733638418046,0.19208384285927949
0.5976738686526866,0.6030122927604111
0.5672787058975124,0.2910530346764837
0.384600199602426,0.6769316998278576
0.313400751252221,0.6356789379940153
0.30692875749906845,0.41681117855384997
0.512294959828846,0.4245023828470025
0.7720833081665281,0.4734939776780429
0.5182219664363159,0.8239822695852972
0.5978227956670978,0.7119433991872057
0.6552262709474204,0.9999999222729521
0.4504383297965875,0.35107395852529777
0.14052468420769015,0.26413044324285195
0.14435226918485755,0.4714288611742532
0.32198787959524555,0.573708781414048
0.6232334969222304,0.20532965980181928
0.24503110294790975,0.8834750668042517
0.28991516375447324,0.15586538574606124
0.5122515082791228,0.7341962689234123
0.6365363668209985,0.5387206709186039
0.37042947932628945,0.7272449812962876
0.4934942106549278,0.47803589951070435
0.46866978006102356,0.6969131441082865
0.617368018233035,0.43311830747732927
0.6978612541125595,0.7397236363703037
0.6936691237970849,0.3527616422852695
0.21401180897590955,0.567335872302742
0.23840657848685876,0.9999999547304483
0.31772943705544776,0.3348931716909469
0.34381909163067803,0.999999947454203
0.15853570129639394,0.42496264009595563
0.5295753375172341,0.17144149052878888
0.12646381795481298,0.99999993014913
0.4085175813435744,0.49706987610468545
0.2859497435398657,0.23285385898935118
0.44225952587633,0.5869975298234422
0.6482125531162168,0.32877021539057694
0.4481648827286562,0.03597341225565742
0.34969566521043793,0.33720580712707005
0.2720026982162831,1.584594144787843e-08
0.5053770831684896,0.5358530773674666
0.192747226762914,0.7654521391261824
0.6247359235941725,0.27447174628760607
0.5373442800055903,0.4292776915020049
0.40926744164387596,0.9752368880280287
0.4048815110734867,0.41607308409958677
0.646989615295031,0.8289190954313881
0.3498357853908445,0.525406952968769
0.39127152707990165,0.7991618076365512
0.5897516109518017,0.343631419318033
0.4085552446790306,0.264928311525491
0.2524891927475714,0.20283917652218975
0.4735173951783844,0.7013464771818363
0.4471518079922978,0.8678922836909173
0.19457499697104375,0.7359014594988871
0.6063413739814023,0.7614765938318868
0.49284259473969616,0.7474852752623846
0.5140230898786791,0.4511229386654847
0.38132858067199527,0.4081317253379311
0.38377872822979153,0.36558735195843184
0.37545767491152127,0.2507855277012503
0.4248902093879856,0.7670569950359827
0.3868859071866084,0.9327092456550012
0.3702589986277367,0.30812539628878
0.49376741124159773,0.13990538570808297
0.23292140103890047,0.43771059434213555
0.48116688269195906,0.0004544637188281797
0.48555929937293296,0.1732547059096845
0.6094480447907098,0.703351448018978
0.2690874970805832,0.7914798628622606
0.41327037254170973,0.9999999308461476
0.21640908652851998,0.6090268759722655
0.5308949461393961,0.617404544846746
0.2754232749954819,0.5870549238021816
0.3537044640804119,0.444993540836748
0.57478196303944,0.1636715276366978
0.28380678817408134,0.8111802037808573
0.5923087296388725,0.3901556630996481
0.48359113984679336,0.6004360642625848
0.29051244720965563,0.11428634534676263
0.33673009412132116,0.026281140794196745
0.3166953960051857,0.7258402629011087
0.30642162453298694,0.8296344367767219
0.3751888103889569,0.29700211294450796
0.6345942346104678,0.33248694799038603
0.4851494226648252,0.8476131038741386
0.4570437863091694,0.28899076916523825
0.12716474086160412,0.697516890611535
0.4277254634023806,0.36748221857393304
0.5358902852833878,0.3509341604227423
0.5149421757395425,0.14290722300633618
0.7451731962761308,0.6273377160293769
0.6000353868403185,0.5609382060688723
0.706205912547416,0.3700837574783584
0.49672649638241273,0.8045576623566966
0.4008469487361217,0.011492156569669731
0.2734787336847657,0.23003759456134176
0.7102298569216416,0.8102222523607239
0.37873873716500395,0.23496813380659987
0.48137959102661343,0.3273599210924445
0.48325191031556214,0.45433224014469076
0.3752124847063101,0.5515598573298739
0.2575819772079013,0.7992203009193659
0.5274816576646058,0.2994548335011089
0.29120718674072155,0.8113085504822912
0.2912217442002314,0.5253130402104418
0.4901311148488281,0.4067734701364216
0.4600028184610583,0.520552179952265
0.5935401805449714,0.13426319637833117
0.22086208638193083,3.050164565365776e-08
0.14979517462187664,0.31501709345413076
0.29313135350290453,0.5759667154086969
0.5585512088823195,0.6434720485347611
0.6136609079588573,0.7080540606298307
0.47812301679655933,0.4554851597208014
0.5375444764825961,0.29753097981753385
0.43622210821710183,0.8573357120373579
0.7328467829494789,0.5201568212168262
0.5542230243081931,0.4854686953073397
0.6138317310678838,0.21098615429023937
0.5243778419103919,0.6467299001571405
0.7057910812817116,0.5959124530041393
0.4489104968922826,0.39714458134055164
0.3645899463323037,0.6791757509613774
0.29721950692041377,0.2324543943146793
0.46530228530532725,0.12611901589186303
0.22027412658907197,0.044019509500714094
0.1473659963954752,0.8476042168125772
0.547323504404055,0.35373153905188204
0.4722854212048131,0.22682069593112786
0.36986348589544393,0.4345677503280605
0.5454664056412719,0.7616690230549921
0.4172185427702,0.6768433087865198
0.6468168298309149,0.7744993176202648
0.5808240383262344,0.908189751068857
0.38750083627033005,0.4347979270197513
0.37895737251046535,3.2801111160551955e-08
0.12599570161392704,0.9999999396545007
0.3859852891644353,0.2685908961489787
0.45694092437712763,0.9121883686328545
0.24365959348202137,0.7733450375467932
0.4040857631535384,0.729997334624251
0.2983294370049836,0.4720492379499639
0.5073522344635628,0.7167665712376099
0.5104798162306663,0.7896189088471104
0.43700704466973406,0.28377478306626713
0.30720684618396277,0.16354782331174889
0.2988538941351271,0.3988597128761988
0.6090511754216528,0.8191741311705627
0.59632306756781,0.9999999224381533
0.45838322686334365,0.7163450411974495
0.5612187115410698,0.6231023425326256
0.45807425725610695,0.2804148967880309
0.4324313891721583,0.6312320189481255
0.7256016406139474,0.7558228780445795
0.28942659926528647,0.9999999540972517
0.3774612891718143,0.39333962257968125
0.3339121796019491,0.9999999367526264
0.45698388576166415,0.9999999254535012
0.4735068136602991,0.35558877128672606
0.5535445533746843,0.8815759013935391
0.5716130307480838,0.6516538275789756
0.07682354988484841,0.9999999242759152
0.6788860252505362,0.2108302676751599
0.6718607163072146,0.30220122178906905
0.6457701081421487,0.5924582782934316
0.12476927054328035,0.6621387607889382
0.548958726847177,0.3804060915739882
0.5109846923647305,0.3302533303459114
0.5712429104700263,0.6032578272503031
0.3324455921463585,0.5758341669977476
0.2012969120206085,0.6962790534358057
0.38707221859348495,0.8755535675189101
0.325583960946767,0.2704955927988344
0.5835627293043597,0.41120424175636217
0.5939324876138801,0.7643200792878737
0.4162474961802669,3.256556624364748e-08
0.44993963134946924,0.6390650909110036
0.12391605953046891,0.19853409115825826
0.39297257809232944,0.29633950009548116
0.4344141340069503,0.2399700772462161
0.3075133689215628,0.7696008971581811
0.5806665374296935,0.9999999221332132
0.4777940904490894,0.587522000020261
0.3348043074485334,0.346960855492803
0.48906666587827363,0.07628733231398499
0.43785807660015097,0.16557023585929187
0.41569181753536366,0.9999999306444209
0.3066411940105689,0.37116884257862637
0.6050011401338748,3.327070174918845e-08
0.442488175067552,3.5354915439711476e-08
0.5740927286652102,0.6460312357328206
0.44788356656209016,0.8212271893811192
0.3759399495486493,0.6112311918467768
0.24925892821730233,0.8560068981614464
0.5827700278458678,0.5908009529058376
0.26412744166064517,0.37211518112327013
0.36060081779472464,0.8767428610071093
0.4034113472752794,0.9552063684725951
0.2336146865030626,3.086714528421908e-08
0.5798396386098514,0.289145674292822
0.4006733505364246,2.6816646681027123e-08
0.3966795921622164,0.6439855540363197
0.33614518262313453,0.9923544489926108
0.805282192234678,0.5042649978945235
0.32952933562043896,0.49059175875251526
0.5855088386281548,0.49431524091184187
0.6062213620846295,0.9146233171495872
0.4494387246298017,0.9999999401849635
0.5584963621302359,0.7874714981259245
0.303271804909214,0.6118385757142377
0.5990498120537366,0.7133948198377276
0.2586172102917321,0.4081067558009934
0.36774538728085737,0.8703817280972785
0.28557000690429435,0.3950138252075206
0.4140323439431133,0.8679107634683092
0.5739467865426113,0.8125200657453924
0.653354562315176,0.34627212958912423
0.23209431815464265,0.5106025426086518
0.09188612689468778,0.9999999239580859
0.35606210496158797,0.999999954388187
0.4310423847978866,0.15607169853805658
0.35599584140239227,2.2168052282722783e-08
0.22772944562770547,0.835610975264192
0.42389138006283256,0.546766128248585
0.6603003385656199,0.35772281628577574
0.46320621389117944,0.7821232002881366
0.537523196240361,2.8652980432752884e-08
0.4339013100526201,0.5384769148970676
0.5542644247521089,0.22799884469899823
0.7575251436833867,0.7274992635596469
0.6650698005944835,0.12400379503872117
0.314888883532102,0.35691844060070466
0.5813745397620829,0.3970863187170721
0.7410990385691782,0.9999999374450326
0.26883267263417077,0.36333240236953657
0.21094998002959153,0.03099150616747437
0.6115158616221348,0.2287430394880019
0.1215274533813222,0.4253926512173365
0.5086134492120165,0.8846089464218032
0.5587733460277824,0.32943904757138043
0.46335971688726163,0.9999999236077031
0.7152037263164863,0.22821097700364135
0.4780995201899296,0.2859929241555186
0.5706445221533167,0.5916421451812006
0.24090984729909204,0.4918796048804488
0.4227032338997607,0.3371218529600917
0.6835926735016531,0.8715626065303113
0.6914869118956504,0.3386690616561694
0.5348391809125572,0.5916918300320653
0.33971593189897353,0.513685745356085
0.4069922824801493,0.13648104238576053
0.5082554429044,3.079273724893028e-08
0.2900181778084385,0.19218801592285217
0.12031335065964122,0.36907072767327165
0.5377999115730523,0.9999999254224683
0.5163075100476933,0.34377714662010206
0.42651683494929227,0.3069437626961893
0.1896685778800813,0.8019621223999138
0.485816486942638,2.0569896008737487e-08
0.5151022205196059,0.2502647750953848
0.5268259615316211,0.9999999263602071
0.5823246553390931,0.6086669293954294
0.6806023189122032,0.240896180014051
0.5050391583324951,0.11625473172911072
0.5645125126310644,0.779734169772869
0.3351367831027674,0.22092876348828483
0.38635995733026407,0.5857974804031052
0.59099206984637,0.7279550712281804
0.4727837649385669,0.7822067360370539
0.569166936770074,0.46789442055439423
0.7556678219250257,0.7742170903352381
0.5180986476117018,0.542695055477413
0.4755219067302163,0.2748908779080068
0.4737208832810089,0.46841332820079984
0.43439219609952007,0.2306090080900809
0.3624555793285973,0.6775806785657537
0.38285024598282424,0.39302648288632014
0.336933771953571,0.6160470291139468
0.37662161550696993,0.7047589543952775
0.45543325150019554,0.43874652371076195
0.276059027253587,0.2690780652856901
0.36102591885703905,0.3204187650999373
0.18014748412002035,0.17613796745030186
0.3212032499008397,0.3494227451154295
0.25923629550587,0.6554886658356658
0.38722835288584667,3.3251044584403644e-08
0.2351093090960923,0.3200954475637161
0.4651660339496577,0.6012510271676206
0.5970299820521476,0.7113760333161174
0.29834538668471966,0.28782782800512763
0.48741244458237976,0.5656778995158902
0.6870667216515152,0.6862037948617932
0.15454818592568165,0.46354501773129186
0.3905592730525007,0.3325837133596288
0.49073820601188434,0.40095264756066484
0.4520643697254636,0.9595158877195011
0.6579862608302443,0.7017806447453339
0.4751714628308621,0.4196873105240009
0.44911789494409815,0.45350418028411354
0.3944208481013938,0.2638893242963469
0.3399493718448774,0.8645473433606732
0.49475777250832076,0.8160739482329724
0.5588002895879556,0.5048558463308943
0.37861900592025455,0.7970030050028463
0.40237986417705596,0.5276373202349482
0.5455899361175169,0.46169196585262284
0.4290885355324998,0.3439588023878706
0.6192556410706818,0.22360452135317743
0.23818807135916797,0.5486832077730277
0.5185476716196273,0.9999999226118739
0.3953967851014051,0.4286173227703607
0.2845962164574236,0.5135046330357724
0.5232298310822756,0.6199614475779818
0.40470585786392377,0.152306225323791
0.46204199618659647,0.741213270095308
0.6801214428781495,0.5989117173037641
0.5178437587817024,0.34473034036397365
0.49513333273721516,0.47714381744578205
0.1804138885457487,0.2794161311356582
0.16765846887453906,0.6785963181510475
0.6003449661558258,3.373312296162112e-08
0.31844433534152117,0.999999933827997
0.3632986213956402,0.47744805998086903
0.487947148220671,0.5680352197546696
0.5117241535485166,0.9999999337574899
0.5146720822512885,0.5894355271813083
0.3678086898789634,0.23454780800167185
0.4265217108296273,0.22164800471520607
0.4198340943910237,0.10711076253461371
0.46552974339027164,0.16506106774491158
0.310734613524676,0.289132444582183
0.3929547582910131,0.5508729197511784
0.3419502580760807,0.8583726719263254
0.40703546183660544,0.8724615928290653
0.34692583169519375,0.42315578456878455
0.44575134841954656,0.8438644708583958
0.21892229854726075,0.5359230460500584
0.5561695451896349,8.739597490148299e-09
0.5478169606888712,0.38044650721958106
0.6537134715786039,0.5168917470323002
0.2461608787556795,0.17122840199199274
0.36013478055277837,0.7132059410631335
0.46848018752243403,0.5516062963196582
0.13363104501408918,0.25793290593830775
0.4753196005200988,0.85919447062507
0.20944942976805603,0.5246105688725677
0.6663373956312624,0.9999999328320044
0.6667342440051192,0.45813293416369305
0.11919177064101572,0.38461621481618735
0.6924153912321742,0.4575284993934581
0.4638548339726478,0.7789670773404573
0.38999592679257544,0.3318236602081406
0.49475332986870946,0.35800115249238473
0.49690015899065454,0.33388252141440233
0.46650561210572494,0.40731878480044514
0.4389356198190373,0.7712021139384966
0.40820393776208297,0.844813093789007
0.33365194683501853,0.6318370321234852
0.5920973254287021,0.3605637477892074
0.48834754539651604,2.043811875296342e-08
0.6033933507684228,0.4712659568177209
0.7706548332789858,0.4733157552947702
0.5248244371744715,0.6538650897171081
0.5681223335774397,0.9999999288844847
0.3100607079506399,0.4992625587859827
0.3173496031238576,0.5701636576392133
0.4539575817272308,0.44137669521851564
0.5432222045826438,0.5487120336233744
0.2982274687189155,0.28511939560008415
0.13154106537871257,0.07058122011373058
0.3106439899496496,0.7533271663496421
0.44524148545169684,0.5076207709118385
0.4429268518432372,0.5134501633539514
0.4107073694719312,0.04726451980187818
0.4570700593962189,0.8760604814997279
0.4033905500865065,0.8134483397572332
0.43257836891407697,0.38290221940072655
0.4262769553384165,0.7899978524228501
0.5766955564981258,0.44166166078320046
0.5638280249073997,0.6520929593797042
0.5542135663465997,0.826176180077848
0.6399605734229201,0.8180149470882156
0.3452043133549276,0.7699733033452674
0.28700909437446676,0.4242127099481898
0.47643842395808145,0.712264791752169
0.5376142118464644,0.7027315386838318
0.26676580985160436,0.7185316555984436
0.24257593614168238,0.4669557642339939
0.5048681332404521,0.6390373038896016
0.49295926915160004,0.42237993177350575
0.3934319064068421,0.8410878284933148
0.4921348858627659,0.37898173495068477
0.6024090790782823,0.547261157924094
0.62211787455051,0.9999999229124334
0.398015019459943,2.5899915101490478e-08
0.6470502965447253,3.091695788270954e-08
0.4117985476529946,0.38435152789501714
0.28503604696097096,0.9803850750628058
0.6560898883605586,0.540997603725728
0.4810019426772665,0.5137433087614447
0.39424202205185344,0.36842977495431484
0.4681224681269809,1.927206838558959e-08
0.41116835623176495,0.181295639430342
0.5119110793328314,0.7571561021179463
0.46059789905044246,0.517264101027795
0.49664577763941864,0.91227671770584
0.3991470579662342,0.7639028945476767
0.517695276232514,0.34354675516388156
0.37668952073367956,0.7766150916099726
0.5821092362517399,0.3890728702370261
0.21939009512735907,0.46378483089256406
0.29990798160057874,0.2806912797060619
0.16046797957047954,2.8543556851445828e-08
0.5433192127706605,0.18875217654188603
0.5070506482697925,0.24148576982821268
0.1655989387350223,0.3886727739238012
0.49077789858041676,0.493508700005588
0.7176178105530195,0.4606894821056571
0.15616345649346286,0.4750672612373954
0.38618507896662013,0.23945724027420567
0.551534678802089,0.5724233656434095
0.568344456235617,0.5334156619549688
0.2762581711988372,0.3155844188794923
0.5551368714118814,0.07189707257027678
0.7581249070215446,0.7549573747340332
0.3264295995163651,0.4242544749696364
0.634692303947276,0.8797564118087067
0.3102222197337241,0.4581935813879845
0.6256507692797526,0.4054925896383992
0.3294640167920786,0.4840143461536819
0.13216778967744425,0.3298970354621673
0.4323691462048198,0.7375273741459303
0.4804252509688083,0.8569419837921615
0.4117667359956285,0.6088681191676919
0.5421951479370803,0.022420542848806235
0.34149862821101484,0.7167498820923086
0.18166870830229698,0.649860362197451
0.5091074191860461,0.1484309344979664
0.5380029314827057,0.9517251943116314
0.3377622939490932,0.8970605864622208
0.3520301752215196,0.5255175784495343
0.267562419274626,0.3554640601593313
0.4413995110720612,0.7945679460314032
0.5813077460812712,0.3193885651256636
0.39051105357389027,0.4031277626469425
0.14535662854231024,0.2914093886087734
0.316722283563486,0.4578942643760122
0.5364898982307511,0.9999999220959737
0.762685469123245,0.9973678259378147
0.34603462951522745,0.63023010027133
0.6018388146148164,0.32578381936402323
0.25134057575625945,0.9999999447343271
0.12088585148775222,0.5991871243814337
0.3233343794707735,0.24947080683765321
0.2925083476719186,0.42508849352773836
0.1587379583915176,0.9033595642951369
0.48870573834328424,2.621217731757497e-08
0.5522350324224274,0.3099557791180203
0.2687868862212959,0.7906497666818204
0.5976379662524591,0.7932498337168106
0.363634547596865,0.5472104892776706
0.24660894758073226,0.16975903420954097
0.4319222969858778,0.8658667171481085
0.5050604010698598,0.7106190349077863
0.34393939057742795,0.5983252967772721
0.24931887141918319,0.14251576448527814
0.5937778480672251,0.8083752017863866
0.5645117101097537,0.17162036903770783
0.39065886241013326,3.098125844758215e-08
0.6138224460703543,0.2962435634483249
0.4616362852767204,0.3384033544764904
0.5352501290985954,0.5937733215771352
0.32697988002198075,0.7292774197215088
0.5483973917259464,0.9999999498533043
0.4154993970009824,0.1776234843072224
0.4706998543579224,0.18314735242456592
0.37209778589726783,0.20399649596819103
0.41237524971658956,0.38741512368802233
0.33064686905746976,0.41390419273585266
0.4204220664784488,0.30701392571203456
0.7531426376904546,0.6173074445305531
0.3831540673600511,0.36583645333682924
0.5088409851226556,0.23008373077590605
0.38828968398730623,0.4414224279439125
0.3753699008330429,0.7668263814839946
0.3857288113514272,0.5896678114191509
0.43093623792908975,2.5587816310235212e-08
0.20049244095682317,0.5542809596107965
0.5232475190649688,0.8336383678458184
0.08043048736076219,0.9999999339412362
0.6718661175455782,0.3063777171005917
0.3581529960924934,0.30801583790119835
0.5884321105819348,0.7782826731613639
0.4684400489863676,0.320788214641631
0.560721394587361,0.8746175789875075
0.4612846516177038,0.7711271451794488
0.3966951878332359,0.6453597510239177
0.22320855737305267,0.6845659561209558
0.6176879197051011,0.2695535883320659
0.3714123867147565,0.49134403571214946
0.29868716352192637,0.038469777552602835
0.6222614946626859,0.2486264237817828
0.3659953592447116,0.3913566754514477
0.3347074840734603,0.6727085837987694
0.1989144439784276,0.5126407821825083
0.34114362845882695,0.6811970059640942
0.5919440889941692,0.21574242019255507
0.5614371996980614,0.8611907582737324
0.42976810308585556,0.4109195650330406
0.49345861931030965,0.47618438407397434
0.49166810600235245,0.22538208006869453
0.44418369449652984,0.6143202712071769
0.4485053640073553,0.9813770403773638
0.49921270004948237,0.4052399929955115
0.30071989483521433,0.4206131698735298
0.5397792380887054,0.16838652472737436
0.5730063909397174,0.7319845308763995
0.41684413786714636,0.24629736380823175
0.3939080614925081,0.19223721794765325
0.2669563347360322,1.6320143458870007e-08
0.3620765833190269,0.5693970652539093
0.33126630011079516,0.15841327291262175
0.4618343258847122,0.3171219360264459
0.21059326448215598,0.4063277856335503
0.6520869835510288,0.8139815607526621
0.45588330703232716,0.14402662981110126
0.5474431480626598,0.4534217195005823
0.18147953142720885,0.817150170539378
0.4981341332690752,0.38370303135898354
0.3819029702585848,0.2672964696058955
0.4358953496569189,0.9999999220939024
0.3817737791565552,0.5086716295211602
0.2674070122058394,0.4770762925092349
0.3155724061275591,0.19259969333637272
0.3214042987922143,0.5830385338836663
0.412885567642701,0.6000093233918236
0.6081848797864398,0.2239391065791061
0.33594221437552996,0.5400568923853264
0.4150513445559194,0.46615233875014184
0.5367968856990992,0.2853415422918921
0.5194678914016948,0.2925367696039096
0.5340364157847439,0.634119086561796
0.1311055440325446,0.7280561515090582
0.48901215993524927,0.06664263244756441
0.27118608934150457,0.35003369238805604
0.5817371809877252,0.56829588980575
0.5956803060456739,0.37249660628326
0.22026589799301632,0.18160179416689104
0.2934521452751513,0.830959052613867
0.2689354932569765,0.36445147089950325
0.31726403213996157,0.27775696905057856
0.36342064150297215,0.47015299263527055
0.46546572420221866,0.5820861067986165
0.30503333053028703,0.9999999522735727
0.2760549857691017,0.8013650701636124
0.5349628962434578,0.2899999946064433
0.4290469712499232,0.3397117278926558
0.3221359478862382,0.9999999486057725
0.2094103414873767,0.5243081397686673
0.12041811038267092,0.66457983774702
0.5624407418908572,0.8302232356361827
0.39711889095161323,0.6582857384054286
0.6284044751613584,0.7074894017777567
0.39578761987175115,0.18114813137978558
0.49663007028719885,0.06600357430080095
0.5890027457576226,0.852757355842229
0.4215710735852216,0.5885289009319266
0.3258484741660994,0.1548627678509895
0.22544302964341467,0.9999999250025375
0.424786393057345,0.9999999237424291
0.4294014779613238,0.4581879923141656
0.4542376694986334,0.2102851202198579
0.3745716904279872,0.5530911268189769
0.3854376763389116,0.2712756444554678
0.33797086043915003,0.7034521238292619
0.695933655284068,0.21198710062490278
0.7092185073789272,0.6333837904236184
0.27329507693949795,0.4917726680637493
0.49046995892093115,0.9999999380272193
0.2803713833539776,0.8548130732054737
0.5218489950911249,0.15964038933803693
0.5885756532937401,0.2594550925970083
0.4001387929624931,0.1449935744449995
0.6074703435989863,0.1602533476571999
0.6932789735932157,0.8015483069874634
0.4902309337921631,0.7251941095522696
0.5381791358943131,0.14411059888532662
0.5955427606237822,0.8189209935264223
0.16627484487982347,0.5401564689405518
0.35192752337755717,0.21716949352183335
0.6085382735462015,0.6809311621072602
0.3860297729729143,0.26899540366057906
0.6027497841006184,0.6073564395182132
0.43651288041302916,0.5695293971945858
0.10889008075295603,0.4969745742363614
0.26786663117921305,0.5657962615413474
0.5812772496146428,0.2653004606934495
0.5722590115927697,0.44809704941023654
0.49762366472936925,3.231521361612977e-08
0.5228275862211547,0.5112162001540526
0.2755917472607279,0.5202421996239828
0.38633632738570256,0.5361397417698086
0.42676724153172474,0.9694434548829527
0.435544676306173,0.3964288595696672
0.4408668863799612,0.2723807152550357
0.4102587014864878,0.4444004903390386
0.6560291474056368,0.5450169032558563
0.3410903154104954,0.2532382970900855
0.1863762719265165,0.6378777291032449
0.30669263297382443,0.5337956794197325
0.4193411015173978,0.50206355824211
0.45771284999162987,3.091265909915819e-08
0.24340087555675183,0.2066376048220242
0.26077062306744914,0.573642676150012
0.1269014468918268,0.5027060831810317
0.3911473290941192,0.47835429422395137
0.34816797830306,0.6609444135031382
0.3151834749940643,0.33176272293115616
0.3429780220316374,0.3217802027969867
0.5376995487665854,0.6702247898506926
0.4046323005425605,0.15231009617608038
0.41772664838043205,0.4879155755627984
0.44657844668140356,0.21471602975478632
0.5360318525201064,0.16362402371346718
0.3422877751557061,0.5364052047974717
0.16713969361726555,0.718247048579645
0.2610744609105007,0.46905801806527236
0.5097513399472744,0.5388518126575299
0.5039652924137488,0.42016651921631265
0.6565025492869783,0.35826969302268097
0.3712132323937296,0.5963231919614351
0.39662173010823,0.3203752386123355
0.47125446121097037,0.5632157878855111
0.6130754881172793,0.6899117195878937
0.2838876707272573,0.8113153870210077
0.7363720738995658,0.18561924644755123
0.6619805531016083,0.7723151282280085
0.5434310561953035,0.1873804526455558
0.47779784642338763,0.15562681552307822
0.49505253252918857,0.8366480764385607
0.5224479550245258,0.5794321989498634
0.5325661845033358,0.3032319022014498
0.6046916401751288,0.20770799224969494
0.636082308733966,0.6520117541346835
0.42658460641387386,0.615530987126288
0.5879587980035406,0.43367561165594637
0.46843979653870704,0.5895745649538391
0.18568863496898924,0.7318116744101815
0.3855794760935609,0.6523242333540473
0.7436565530946919,0.28192482451747125
0.5153665544237493,0.4737346691677615
0.30159557280880955,0.11023965523033397
0.56838403777442,0.5822886750051559
0.3263339019677014,0.9999999236180486
0.7378845642445584,0.5461369257554267
0.6536449428022073,0.8934033687599694
0.10935630590036682,0.11430035023881402
0.35385150819337774,0.2799441171406869
0.28938320302664566,0.7195124355853295
0.4324755160562561,0.7373362284395739
0.7253091687741167,0.3069537242915885
0.29836406726767173,0.21731469673191128
0.6034608378118924,0.847820808135765
0.5274485060174561,0.30079198629740844
0.44627431465821266,0.44738277185984643
0.4976694696484909,0.730680232322559
0.2298148355324212,0.5715485508862024
0.668748979715601,0.9307714321293652
0.24254851529223798,0.3679331124436551
0.5372910196916454,0.21970416412075977
0.24447051157333188,0.24416812630793672
0.43423068965292666,0.24570993128990182
0.5477651884578023,0.2102867227814329
0.11658811966226335,0.5024802387093175
0.5283251695216622,0.6719116708239135
0.6446226763131881,0.48133498130422225
0.4919774925247822,0.5509305543924548
0.5398858698288644,0.6018103957075276
0.6702793540756478,0.16587895525204388
0.395603360425111,0.6396097716340634
0.31690468021318496,0.4209733307272394
0.6280394476553077,0.5452083131291516
0.38877007071370784,0.2591068683948947
0.6553815375658392,0.542712914523861
0.4157100953715749,0.22463922742553422
0.6828801764381516,0.6343659150430625
0.4749047159785307,3.332234399522349e-08
0.4865827756130727,2.246646957360099e-08
0.27562070595066857,0.822866210935576
0.3851593994839724,0.9999999228077101
0.20507904517130138,0.02506368031797024
0.5405309723372049,0.5717800516341107
0.5825395809472922,0.6739237071835191
0.3258673737984079,0.2009809609923323
0.5579801943886298,0.8513884955175719
0.37547640735139787,2.7663038082437197e-08
0.5626582606378325,0.24191607882697497
0.280097917189122,0.8246136175653085
0.3508622656240088,0.6125391002281653
0.2322096630912216,0.8672756794041838
0.5311032024693088,0.8449297654967758
0.4403370338780781,0.14112097454037453
0.6094255216902038,0.5741135246487374
0.46965698895566277,0.700228947751377
0.20795985360498115,0.7273155470657677
0.2806958295823918,0.509479762594431
0.3001023569286332,0.8803248585495105
0.54466716792968,0.2803118091440169
0.42799033066848224,0.23510800886366212
0.3262457079569736,0.5686657896383487
0.3096529144286806,0.7113608588768052
0.5283011740539987,0.9999999229192014
0.9999999996177409,0.3618460814132334
0.47033688717894195,0.5534555288364693
0.22986154445027784,0.18659757425771417
0.4298125825951131,0.2337101646288815
0.533904096898115,0.8683303676065535
0.6282237483202326,0.13205245143505806
0.25264098090473075,0.35708924353350113
0.42312094149067647,0.17191764704502788
0.48437773212911406,0.5544784897870478
0.5461743667808205,0.6325387465348555
0.3583355678640956,0.31910631788325006
0.4775852323196874,0.6436307646810562
0.12650504834018372,0.9999999360723173
0.25134635528133975,0.16742102832959915
0.16206069890758945,0.9999999277961038
0.48535300671969805,0.2521042007226235
0.37824522853968023,0.7183921207688506
0.6039337433881697,0.37116471802725925
0.31765340793761343,0.8308327214419684
0.15372066066419743,0.4350762878205714
0.36719225263191735,0.20669781335709203
0.3864269245080991,0.6562247590439902
0.24481078821907465,0.7627951883440467
0.44630154595620564,0.22256693906532377
0.31567612064350614,0.7084630723033989
0.30488772427847266,0.5258576367927468
0.22652067180748103,0.9288471715956703
0.6351599525925966,0.3965693110316799
0.21225423298923296,0.9999999284509471
0.4270459069181931,0.8549896597686413
0.3927312104650911,0.6820871719535688
0.12301428934511405,2.9676105128828567e-08
0.43490931425947466,0.31747378718213426
0.3712581522496947,0.7555007081003602
0.49880390067876634,0.75486846147761
0.42609547542198145,0.09285253752816303
0.5409342911742461,0.6002992131607883
0.31688066139012916,0.4221309346383997
0.3137130717543992,0.3566534992134933
0.6142607663272628,0.19126558116953163
0.367311641539922,0.7063879164559914
0.6405782837090928,0.5278063276750693
0.48165218805151566,0.9644368115207307
0.5215892519535594,0.3478068683190543
0.5469542869645467,0.015534404085887132
0.4081575729811111,0.9999999234624752
0.7111925601416762,0.5488153843342474
0.4520581823717076,0.4050116371940433
0.6260198398218204,0.4254101755533348
0.44488555652333694,0.18240842283404035
0.5685759304774809,0.15362600787955927
0.7579830119662394,2.119187669791245e-08
0.23454993085776232,0.3443539975990255
0.4675003481141662,0.13277950685701256
0.37810033239516905,0.6536305560193725
0.1862748500566358,0.46375058915195666
0.20319515966900736,0.6478071737264699
0.6244231934480551,0.8285055212392365
0.4348732216685347,0.38673742495912933
0.2686791766042633,0.5719002197929477
0.29081914401713105,0.4488102071172122
0.7548766212729254,0.6277361431695176
0.688331726751009,0.8120876051678856
0.4986776890059508,0.18129772333402272
0.33089580821662157,0.6675004859765146
0.4263537049607673,0.6455081243834826
0.59364935961178,0.5135622347340494
0.3604698276901681,0.7906244288625324
0.30041420060229873,0.2890407235561092
0.4650999243862377,0.17752996122261777
0.37474101786739755,0.48222741796807256
0.5465191542163006,0.2143161870074266
0.3668711048214579,0.4825272420487501
0.5452003089275972,0.28709205168261676
0.3540594030118305,0.9999999506598236
0.3717537493064462,0.36093181782336003
0.29951421242040777,0.2812509578227491
0.3981707794642224,0.550677259547335
0.5055848448962834,0.6666461302216398
0.7379587992787671,0.6365089429969828
0.6990638560017901,0.3218523306847132
0.34152397752515773,0.5528657869353779
0.45026865812013206,0.9554724666087893
0.45417582737714524,0.9999999230645074
0.197145122929264,0.644403863657022
0.6269240466256165,0.5742948046241132
0.442994448981878,3.2184786391553644e-08
0.3121267385692379,0.8367189258266556
0.38978207158802647,0.31387850060942313
0.539429878687308,0.39907209438140256
0.4359843553324163,0.9999999270937536
0.5710024029974936,0.8401944990753805
0.5983224021795044,0.6133171257965273
0.2666886476264456,0.23484882075175761
0.5780953008015626,0.8030901111413442
0.583402242674723,0.7801920117603665
0.4870022248663535,0.21950815760853715
0.5648045844094569,0.6041875284182012
0.5875916971165203,0.6425632087473012
0.7120297730140388,0.586502093693948
0.6310778556888659,0.19787129597363062
0.3972307846370051,0.44782193482549815
0.18345676536468192,0.3301337544619898
0.4617913336659405,0.4711178105461258
0.3326240701298073,0.49581577409323074
0.1282921113733635,0.7408782651907302
0.4083280920726451,0.5316817514339327
0.4079609460607849,0.5995020077867395
0.10703211866854145,0.8159792503724645
0.3983511439279437,0.3172603568699266
0.32507961327771717,0.10269735448222761
0.36511817593652873,0.40116913923806763
0.6559277091430706,0.2884654362313519
0.09064591848197123,0.17154672364175383
0.5598814279082509,0.5703932691525893
0.33885794280834025,0.5393046902278726
0.6802793300579655,0.6261535449746738
0.3952591696395453,0.9999999288928407
0.5480421745820276,0.8654096872095387
0.6233997139479919,3.292302608315367e-08
0.49064207905959156,0.42567581960842915
0.17463702417098625,0.9129083860908906
0.6164140152958852,0.7881674241075309
0.36307727991433714,0.9271807059564097
0.6444614342132589,0.9006117775182645
0.11960720675457281,0.235989422446508
0.31208621016560745,0.17596566633489985
0.2347280456166776,0.7523594250461123
0.4587019109869539,0.6907765772347645
0.39650226940396216,0.3199346836352177
0.32420513768826575,0.4940419297678176
0.32282357093609537,0.46015412067209027
0.3724088056380479,0.5212226677160743
0.4706190805520021,0.2000879293602651
0.5457190137330197,0.8195256349937807
0.16310164054584186,3.07254985898453e-08
0.6842510244815667,0.3270378149908346
0.36268930769435226,0.6952031202472924
0.46521726122992524,0.5530494023339685
0.4863809070226126,0.2689828799936542
0.4500660576113811,0.3716833981299459
0.34231456596917686,0.9999999305580758
0.3910748897524243,0.6479238041341695
0.6451746180459641,0.9313871904626367
0.3002375651478384,0.6520732930564357
0.5708036626892468,0.7936525620384494
0.39885325064511346,0.44688425080251193
0.7218364103288342,0.30566464809877303
0.3033007274630126,0.2766173611419376
0.3574840667233494,0.4848254265033667
0.38674460899581353,0.48604869756698577
0.637052527572096,0.22367355681701895
0.42856713531191337,2.840215174160221e-08
0.4867015087535642,2.0556448987463227e-08
0.4292313178692462,0.9999999443654026
0.2577930021050996,0.09516717579787226
0.38804982354060025,0.6788944549997282
0.5056776813953872,0.7702745054311428
0.3640760497287223,0.19158780477641812
0.6653498905862687,0.290824172770634
0.22028563858741723,0.8215680371071343
0.6223636433600599,0.508033087690638
0.48369407777174844,0.25689325569114985
0.5837642245368393,0.41662358423542045
0.4272200483074027,0.69408347270614
0.4463854672663854,0.9999999252425411
0.44711722922899,0.2872478309422064
0.25560099665168723,0.3864032442972203
0.29330662710501354,0.6988330985998132
0.39350612432855936,0.19415471155175013
0.37288071274865553,0.21022449073266714
0.4656467844099481,0.5574171276369526
0.5168112642075822,0.7161828782287252
0.6107796114362452,0.8909128339476489
0.33916391344841346,0.6128908449470032
0.3527968894840732,0.897140821744955
0.4277186262126711,0.369184568886773
0.5875257963271014,0.987678977402151
0.49479267196163246,0.7947795110979463
0.6637431205471498,0.30854169818092814
0.5634288243306949,0.7711173877515627
0.19503956896416552,0.6670388836924985
0.39375772941452647,0.8411797739740656
0.3733479374293909,0.6603503222105225
0.3598039864654088,3.0559892394421695e-08
0.624357270699428,0.5115984527390154
0.42326115850291046,0.6019792151406378
0.4985323366922625,0.6168132302543476
0.2895145790450693,0.5663119688171285
0.5227045571242246,0.1172406106183459
0.22738873401796766,0.8717282385947982
0.5431952432572071,0.5114736636270614
0.33406074567759614,0.9999999367601085
0.5528508116112829,0.3861645597904939
0.5648521670495232,0.6033138217785101
0.6056629866790586,0.7928189352825292
0.12978157856494388,0.9999999255708829
0.4570639427348224,0.807551063478332
0.42463599828748233,0.3589548587041378
0.45919645551916544,0.3020955626030144
0.5157250541812259,0.6656663023891234
0.3792733558492256,0.512020463794137
0.3077859561673355,0.9999999343512975
0.2996415049593337,0.9543760446871659
0.6133780888162308,0.9999999222454186
0.44471293895033437,2.8982029220969707e-08
0.6317318708018043,0.19853002605960768
0.3433697882879634,0.06913489115560623
0.3575321164368215,0.5697601875240039
0.37504284474512417,0.2739949580487
0.6362825009647355,0.8263315472035337
0.5697980025848608,0.43877317168678687
0.5170899219686862,0.7227822552346339
0.4303727487166804,0.12289037467632369
0.5020053157455973,0.7975205755906387
0.394082461259464,0.7972588929752362
0.5291212890537906,0.3716783972725999
0.7030750829339603,0.8849881268177597
0.5687085693411058,0.5767452463221154
0.6771009772204089,0.6327431068572835
0.6127615363977674,0.5720024641658945
0.26327992803762656,0.9999999453683195
0.31841684765715605,0.980357816601753
0.2849703678980773,0.5585649263405656
0.32959153576162725,0.534389729437823
0.5492228226265414,0.8188446337684461
0.3552086002954926,0.8541957098190593
0.40431032631428687,0.7309371849497239
0.3197580756061784,0.4954902371329091
0.5087315213958226,0.8849335272617793
0.4810168415872136,0.3130043770952362
0.4927786353522263,0.8035166355168428
0.33163475089288674,0.698215836096292
0.25506088195706944,0.5667618096686091
0.43757492515437857,0.28849009689664484
0.5213339128468482,0.03320455406285916
0.40276890798097753,0.7770804047666964
0.5281145685685136,0.9374356370755166
0.277801258841579,0.26251923694968937
0.23840915672233942,0.11497359435631793
0.542353234604422,0.18831949147866212
0.23432873059958403,0.37755360033959917
0.5308256132261224,0.25228522256598396
0.5572588765608546,0.4643845203430068
0.5136021716512613,0.8658237305818126
0.5765823945153064,0.8216768588560086
0.6111742389809907,0.4372971253139113
0.6065051004588904,0.5656685032604258
0.35942763863813276,0.5953226324607783
0.47441605028552036,0.49326249637347885
0.2580872299604082,0.1705937289351951
0.15635654128021637,0.6141543503674605
0.4557228682144818,0.8591159836096125
0.4941034773127768,0.6707855489272525
0.36983248950331804,0.16011886838499123
0.41667939606296667,0.36277674721626596
0.33708836094397165,0.9999999320180102
0.4124196460688827,0.2259630621875992
0.3787014698406481,0.42547250949690607
0.5016446580033067,0.8671403339705286
0.48922404282879306,0.9999999369887327
0.5377640991120849,0.38853479737999663
0.37565308626403704,0.9999999269283109
0.3581039021315249,0.7305911351555423
0.41031419525128676,0.8179518097932892
0.5571715185307573,0.9999999238470743
0.6890630865933689,0.8408813565265767
0.38967066344099077,0.5472080961335806
0.3896746404513882,0.487229470308737
0.4954690791820222,0.7104958388428138
0.39387547667210043,0.8225251329144534
0.4443457517148306,0.9999999237159294
0.46484808753816953,0.37184451917273265
0.7015312220441983,0.33043069933291136
0.300029470756598,3.468884912649628e-08
0.46456187635665236,0.46765801905504034
0.5211245581222186,0.3872181212087824
0.4232168322200529,2.7329047469493162e-08
0.5034780153211549,0.41098455331518124
0.6580026233969676,0.5813004420702264
0.3658817845969069,0.8887884927622771
0.31348148712251866,0.23732717389880165
0.4843425668526695,0.6152410498023109
0.4685986782917029,0.5435822771180447
0.6450557057069379,0.02340546436029456
0.43652589803889974,0.1681080095728511
0.49586288205569007,0.3626143535835169
0.22564291300348893,0.5730062591134164
0.19876477419536842,0.6387626386886573
0.3408379632182421,0.557194396166178
0.35638462683370165,0.5128939485313566
0.08897526135024769,0.24819447595449518
0.5487644444209101,0.5144434114065923
0.552535386776416,0.8464417650396143
0.24563688262070427,0.9999999513233426
0.32511675419715447,0.9999999223670919
0.2988684190428188,0.548959686051198
0.5098569535770285,2.794839915054581e-08
0.3401774497639787,0.23214307288269964
0.5552006808181669,0.17033702345438684
0.5748875890832772,0.10309808358835326
0.5662980132199604,0.2979545038709901
0.4123312538208981,0.5361274601102757
0.2003068785144051,0.27294628948038024
0.31998971588622105,0.8143289087155523
0.7289037332575345,0.3187348305374087
0.47518942937759867,0.41957760650377907
0.47948524699404027,2.7482631281827707e-08
0.539005749500618,0.548667199371458
0.616423736330546,0.7890007294425168
0.24666912376008776,0.5913849733827448
0.31938994807269694,0.367379864607301
0.44930292358117807,3.228099387797556e-08
0.2325077623305667,0.12132331106228733
0.2396520142439309,0.31652312922654247
0.2965603401229262,0.9314407265530491
0.4511669875926585,0.39529936083283346
0.3365152779295575,0.6756205028219711
0.35144271588845566,0.5483421189568247
0.43419834196239915,0.2393412757149278
0.14421090231642264,0.642425767247019
0.16130965915912565,0.2795954365759137
0.32145587246502627,0.9641428695029717
0.6167683873571672,0.23427903664588712
0.18366721345487225,0.5156495548882667
0.40198128559852275,0.12076226518210476
0.4187737150147415,0.618802033783119
0.32147688699747023,0.7600288829713406
0.6234915422165885,0.2655115297533506
0.533270438046014,0.15693510206269679
0.4889843112985739,0.07742170004727811
0.28680238637045763,0.3523107556521623
0.6335351726899145,0.6960889720546959
0.09322568329403635,0.517429991206555
0.49213174938041204,0.697302563847515
0.32627907340594575,4.750532411890163e-09
0.6394489984219209,0.8602357228985653
0.537950077744461,0.6836244944179981
0.3517396588838606,0.37166938598528176
0.29274100366537015,0.17083399173555236
0.3699872261751027,0.20388525022782034
0.3708640909276908,0.19381024318408535
0.48599982714635326,0.17378339710352364
0.5049318734511217,0.32005452364055387
0.45453386145311603,0.09899713555941858
0.44551014699086533,0.34607163217794934
0.4336560400266638,0.6656066986471423
0.37833410758203145,0.5534841294370807
0.38448943163178395,0.7678734550793251
0.5267570873108007,0.5518643684675517
0.5041017742901133,0.5746156514953817
0.499239815584545,0.40720073039829785
0.31418990941454394,0.5754318148591402
0.35103749711653043,0.5240191411677344
0.4028762967810491,0.9999999460965334
0.34945584749867065,0.3941179780806614
0.48212475123615484,0.8434317241755629
0.543968310907601,0.6430480628714612
0.754884908137857,0.9254838612302088
0.39997551975485646,0.4574064770039854
0.41428889943383806,0.35081570050355637
0.26145602274360247,0.1310736399915129
0.22595978886874368,0.7795398245863545
0.4894432833067901,0.5839971980999863
0.634725780792992,0.23033129403981079
0.6347665003291958,0.2584827923298576
0.707370438472402,0.634360012035831
0.4933480936502903,0.5485639100487063
0.490883256385394,0.9999999484116024
0.5171899149271595,0.34159885511681054
0.6809308250385433,0.7668579105712716
0.6378806989458692,0.08255604503612801
0.49193508318260104,0.5631926247653212
0.5202704195039685,0.9999999239397788
0.5671516006932111,0.09600407281157786
0.560821344818788,0.6958312182716391
0.6451436258361269,0.8174097053826195
0.523329685289494,0.4387072464380317
0.4829471853498881,0.7989586447463637
0.3586490574975252,0.21902544258927392
0.41907136235187137,0.4410876603880247
0.369164707030484,0.7340812854717242
0.4404154221626806,0.45614156166378805
0.4976707340520581,0.6167296527388793
0.3840021422734323,0.5122242685718987
0.3252988826468264,0.17123783628293765
0.5031290718810886,0.1771763547564973
0.33386637795026086,0.40363796132646
0.42921603759215143,0.5806099378196308
0.3839305563148323,0.8124543052831861
0.45491797394926037,0.8276509930049087
0.3397053570162627,0.5489597242660444
0.5453260430049696,0.4787753228930711
0.4175544804374902,0.37891132532260485
0.4248412142629312,0.6983760100123355
0.5482552663903326,0.8030991670827561
0.208954627750789,0.5069583493137984
0.42425695496706384,0.2080767675864621
0.3942142528498138,0.3684339762141384
0.40183422951332703,0.1571011516204699
0.4860053846748986,0.23187901623707674
0.4956811457768002,0.7645624115805987
0.3464500020014265,0.933779241860293
0.38554374957743276,0.26541404856597595
0.3611550773455412,0.674841791056032
0.33146173332376305,0.9999999364801511
0.47255415826377023,0.44782793377147456
0.2515458805503612,0.1616170321479906
0.45943063875082535,0.8640966618428507
0.3233033321348606,0.5735157316559949
0.6804525950325506,0.6912084037324497
0.3949253208706849,0.3714082057079473
0.5085980861165966,0.9999999310871885
0.41940053784376996,0.7539743492591171
0.30281538488385884,0.636077559892751
0.5109465826475503,3.10126893054985e-08
0.3777775710898883,0.652258827525614
0.10704814012001629,0.8159122080423558
0.2686088451271531,0.7460011687342281
0.3397573766506423,0.19890918820702552
0.27406610697352374,0.999999929619463
0.3856653390741558,0.255967175311163
0.8650010985116898,2.9076172580744242e-08
0.5825130660589224,0.556636023646842
0.408701885218576,0.8189864033386591
0.41260067989346316,0.7999733799454098
0.238270520087577,0.701363531434108
0.25430795858959065,0.8424393650539415
0.49270124562471374,0.4622095826435668
0.5523454256521387,0.9999999305626943
0.5909855923074496,0.40969157156689917
0.5017897432179068,0.46385360989464175
0.46245216480194395,0.9999999240730695
0.5053981138543255,0.5234358014527025
0.437048331335677,0.21554239841173484
0.2928077204864379,0.3476501263526508
0.2884793823968752,0.5791444647519626
0.49009157041119833,0.6124795775230218
0.5530511546468984,0.2978954631046271
0.34834574547095043,0.5523749072317834
0.4197232676872624,0.43465626939227064
0.426123950764862,0.6289789322010222
0.13782784668171688,0.10107685036567204
0.44059245677487535,0.3244869055059958
0.5353176083807076,0.26827154064044834
0.38124291652320474,0.06711832066834589
0.13363941280521363,3.595222253238717e-08
0.5006968166799437,0.24035138044340343
0.4217216618946078,0.33057620164172263
0.46940017001497036,0.8231106292691166
0.4633811031623809,0.34400710494677966
0.43037774116659255,0.494492726074224
0.2632908514100363,0.6296046935478543
0.5718944604361416,0.3474615984756788
0.390388337813778,0.6465196271119531
0.12058444402182023,0.07074070808740629
0.5499688521416877,0.9999999221350429
0.3111690719193625,0.22044434673132685
0.4686857132367437,0.781857345019418
0.30490684653702127,0.7100404760146048
0.26474253502666656,0.728611548776442
0.6376637867042505,0.26744216396989984
0.4110199272196913,0.35456243879280436
0.3400369923467994,0.43474852144622744
0.7453250629987185,0.9843457057652607
0.30861992817294537,0.635056751071513
0.5190721671786713,0.296913202235757
0.546541719099964,0.21551528369256445
0.5684360714116519,0.6418895680833643
0.46197926003980605,0.44604796615377396
0.3752396491056085,0.9276164326590859
0.5085406263089625,0.688800773367344
0.4886841268130766,0.1887391780051999
0.661656005491734,0.8062827426556431
0.558076791785842,0.8254125018794625
0.40703815410792865,0.7129880030990172
0.4745636657601007,0.23702512827590994
0.4331063290561432,0.7231880922995053
0.49942038635457786,0.7560807146688866
0.18333317040633723,0.754685399025
0.42117492876453166,0.2536207321590602
0.2651133253443545,0.9999999344261781
0.6646025183587638,0.1707677333426787
0.501414946928294,0.8673469795477544
0.4109456855905185,0.6952080799437574
0.3951009598961508,0.7866724244487635
0.5338578223504338,0.8733213480985924
0.16029260083327568,0.805839389682582
0.24615054858152385,0.27913709149340704
0.42997760073195845,0.2948010950586948
0.44143600133075633,0.7220072422012258
0.3288898898098722,0.2154838959042209
0.34985503062363676,0.3365876171254669
0.27299088094418655,0.7656983136841014
0.5161428345707608,0.5316601492888537
0.29876987610177963,0.34717135337336913
0.17685185132484138,0.8599852325675776
0.574403917868044,0.3156366639494017
0.31755737846454357,0.3976117737199196
0.3394794599688038,0.5310607100432527
0.48787755941352184,0.23602589528356432
0.570576719638066,0.6827207349620572
0.4775633526881049,0.48455239036942643
0.28672893345092465,0.41464766835651545
0.46940203505489375,0.9999999232104528
0.582097633831351,0.6592839603983407
0.3988121007647383,0.4432377509923846
0.6216579325951899,0.8344442916095183
0.4562015983982395,0.569168289964864
0.36605052572849717,0.6296262065161145
0.29286563351069494,0.9564315391112039
0.31412054108675624,0.46692915684351277
0.6186759963414641,0.8475443227005535
0.4063982865559872,0.7616875570976873
0.2806889490560671,2.5823045035622272e-08
0.31649524141708296,0.36038995065539225
0.6300127097239638,0.3686051277726108
0.1991392728453074,0.5341454074869141
0.5234451007245795,0.43937655256429764
0.41562862711747695,0.32584442120727886
0.23367757116159282,2.3802972037856307e-08
0.481657646207613,0.18983005328307456
0.6188128510168154,0.4171753026492837
0.3328628891418144,0.7722351037044319
0.3127762104078635,0.4619840638477122
0.389506949549169,0.5783647586912544
0.25094254206253375,0.46160283019748505
0.3820532365102278,0.8927495257875329
0.539467095456363,0.8068363134639718
0.23722075402495202,0.9999999316409678
0.1933076686837878,0.8451664538054793
0.4035914427155718,0.588959901913622
0.4901637961929657,0.8280463700020206
0.2973410638980125,0.44694270192239927
0.2995785395524897,0.38100481556805477
0.37713684270686354,0.5843979425122718
0.5098850926328713,0.5798844222123414
0.5103208986810874,0.8814017518665302
0.5722017011258611,0.8430297527051387
0.4343929710188563,0.7787872742790967
0.5425837823100625,3.288554495384233e-08
0.2947665133683208,0.6589770909997554
0.20695210694418087,0.678028607836314
0.36536328028139975,0.9999999313446999
0.19997946637915076,0.5326572026360417
0.46947778822185393,0.8180020799147449
0.5739556754195481,0.2833266008218125
0.36018508792309145,0.8258459696328657
0.3525822710537354,0.13226566620597424
0.4149440756808618,0.18822389317124077
0.30328306605324684,0.3245872606483857
0.4590767231065649,0.29838381674136016
0.5565344952271887,0.7511744108759864
0.15163942870708746,0.7863848953840566
0.508621246622861,0.7113077577917366
0.48352699866451276,0.51216479821408
0.7069683883085096,0.3672713644693886
0.7578308227467088,0.8503153691234857
0.48111355302089187,0.3586064271946192
0.13204101281209857,0.3246457052983871
0.32134238401132675,0.7197876892136215
0.3630864966214462,0.9271468814448944
0.3865597374523011,0.3019158255833858
0.3676317208296713,0.4882857785216288
0.40330889447978135,0.8133205276186004
0.4716171669149838,0.35667547305351377
0.30269916410141384,0.5230042860662145
0.5718654274958985,0.9905874354090862
0.3173469734445318,0.09391130664615588
0.5923096363719065,0.3901564080486253
0.3789256979842448,0.10218476234516416
0.6064968245413556,0.2765463823285792
0.5091403015766307,0.5250894783383409
0.5338169636057555,0.34636082067482477
0.5378618517960101,0.3863321335206358
0.5848148740907608,0.583475820335881
0.4442569777183918,0.6134365548071123
0.509060221236374,0.22716544413023954
0.5731887016309267,0.4970974146192013
0.1463056244034422,0.99999993102114
0.5531087297626884,0.6342601643177765
0.3348587354824044,0.5343187438575185
0.418872654488621,0.42828387132233914
0.30670300679662965,0.516997194259492
0.17525084774403377,0.5965412053920467
0.18770984486642428,0.6646520956238113
0.46923188969681906,0.2556826172027371
0.28989129948887493,0.7400191793650954
0.31683254469871924,0.45050939049947303
0.4824001229721917,0.6887586909972647
0.7030259234285956,0.4526977771901812
0.31011351514867824,0.4190048066340992
0.13446410597747027,0.5662912689482944
0.35148393867378447,0.7982698712783609
0.16035132685576947,0.8081241899152936
0.3666028248239521,0.22008259383848383
0.1681224330172335,0.5186020893282439
0.3743473123988763,0.5200659141731023
0.6137738746097656,0.16937412257391316
0.7064377702358744,0.4998742579244606
0.37264012193866014,0.6879113756299944
0.47209384850075775,0.21281711029381611
0.4559784243418341,0.17435982250512083
0.554645612284641,0.18134780270448658
0.4292048084168867,0.1964475118221536
0.5898293114172883,0.8619037042929598
0.5610882063198774,0.999999952702737
0.5120373934410947,0.3100471041668733
0.42119764673469895,0.24058141746296258
0.3168615385913527,0.3614458447500333
0.43421913630517794,0.36705390744415567
0.3796959703195477,2.856393166439375e-08
0.5882753531544749,0.25054853449914205
0.5027538056573513,0.5160824682110849
0.19349661659307849,0.6060854149609192
0.4288600629947177,0.4563033694474221
0.5352277405420462,0.5338778890032323
0.26037205515256634,0.4116898003942815
0.6459825209045214,0.2120890756561451
0.3923307640818785,0.23985506164674675
0.4009362529390752,0.21896379656174858
0.4681429873998857,0.3246854583856127
0.2814585724739147,0.763599467735375
0.37222634334644544,0.6434913583735202
0.33793093456588075,0.34281992884886137
0.5963749906171483,0.3643278760361319
0.4395625326921522,0.1774190939675364
0.37202475452558614,0.7764488133157741
0.471791917083213,0.2851062105896922
0.2573569432764109,0.999999930665826
0.1667144964448033,0.452144632230457
0.29519707062831246,0.08607226723206907
0.20478997756299755,0.13008364601274636
0.5795126686708745,0.21857003912705864
0.14631800823040786,0.862702974355205
0.525003926941741,0.2868896772592926
0.44529153326366533,0.8408029289066228
0.47612991367813784,0.35846695689605923
0.41462875563193924,0.34689759067069303
0.46993051559388954,0.2876300449725271
0.2334451954118717,0.6001523118436616
0.4592333460181828,0.4801862807029913
0.4347181008695289,0.587220468090976
0.3338902138014612,0.22372289309138083
0.3283952706359936,0.5421252653220634
0.4317016331572554,0.8118425902039128
0.4271210796189995,0.8595054850771966
0.6667749591522769,0.7132961866366294
0.3839304662958427,0.42616980741250643
0.615044714570034,0.7087387292984708
0.34852947025478764,0.7720365784073948
0.31509699576063577,0.48030491045847157
0.1991592859499356,0.5339295351940869
0.1925453995941302,0.7214374735577316
0.4369852820234965,0.20741539161240397
0.21034201324900126,0.6062314831526265
0.6190091785820173,0.6321239773499165
0.525651423513684,0.3754161770850821
0.7278802198466554,0.11118914065904306
0.21431736924346145,0.7307696801344647
0.3351534679247461,0.5628905178646768
0.29158608564569777,0.7093811842009465
0.6049063950425091,3.333659037707548e-08
0.32943047993045393,0.07409019056066413
0.26613458306603954,0.4394031995455272
0.48473835079951355,0.21408045142588605
0.5225438883486326,0.588754473743375
0.3577604279646107,0.8359563211052397
0.3898144134106811,0.4877150756566344
0.27180528175726204,0.8669350974929948
0.4921190162576208,0.2866817366959715
0.2744296925333116,0.7234413338752326
0.44318592832718684,0.5842120504508657
0.4139631066292613,0.9999999479989121
0.11468122411706672,0.25461219521998757
0.3629625595662227,0.5416288002013125
0.24227450338455458,0.2549025700181211
0.49242445096530085,0.5100948808686638
0.48505049287813495,0.2747336738369448
0.42684533146465187,0.4527814143275499
0.4567255762150104,0.39759154035168365
0.4268615014815458,0.003929732388876062
0.5341015758065666,0.3467136615817239
0.48071225329050415,0.9999999275794131
0.3895140713658449,0.33225484303730823
0.25049199613870377,0.8617027759699845
0.3734193872944265,0.7598561336208398
0.31171503805522116,0.8307011987941451
0.2818948375483332,0.7163270967665376
0.4708665647955783,0.496870263784448
0.34351171295037064,0.4505772124074099
0.2289675465183616,0.8084867525204373
0.33258078229969534,0.7684193940848836
0.14423837250137117,0.2986514458767857
0.38690264122920537,0.9328374480918846
0.4042407550349121,0.8941831735692247
0.6149753965026128,0.27643060956873455
0.6174748365102247,0.6518674476417345
0.2547557836341947,0.6452996893873291
0.44585686019539317,0.33121740065005767
0.6433097522419287,0.3210424139769259
0.46884073433035134,0.674570020650016
0.3505524932894333,0.16061591502465689
0.3652080109418807,0.8906682507348584
0.4541680609197054,0.4480888523350117
0.22050250418788808,0.6836987549506794
0.38459581908498297,0.7031334697427454
0.09729368998425159,0.9999999535457782
0.3828583436402684,0.7698760585433035
0.5365190553714161,0.4975127455420889
0.6192605934325766,0.42128087875820697
0.573228565149428,0.4083800132779771
0.6234358107540876,0.7529781813523719
0.4946941826285398,0.5801218491600899
0.43326418195226646,0.2222402455701662
0.2640939090686363,0.5818508583129507
0.2699286460538155,0.4219946745589773
0.36410981167102596,0.42624219080301273
0.5818418474695131,3.479731347511006e-08
0.4875061235595015,0.7330221196233175
0.28026567572236427,0.3298501715580251
0.3518067210872782,0.17517558688953372
0.4035802320145372,0.9999999468632659
0.6023230670369433,0.3114990569383558
0.44155606243670054,0.7934149415913403
0.5744672064493526,0.27141485966210865
0.4382764587427279,0.42759038981984787
0.2464323242392994,0.2065502361347029
0.19226790216925815,0.5913074375231133
0.3274646347761401,0.41693262270801057
0.29308841391044993,2.876136306895205e-08
0.4101515437490906,0.7733725464113839
0.16519791599069622,0.6001410663095861
0.459157208852746,0.7238080459296974
0.5912425837378681,0.7436207181349133
0.48039184274930813,0.5114727737289293
0.2829567250111591,0.42739186769127
0.3640881249080703,0.3820204149141304
0.3341797189056219,0.5880608856487015
0.45946109591679685,0.008660561887918306
0.19561058145505195,0.4105913852786891
0.5713550856401222,0.4778704991566123
0.5269353664515011,0.28884430883879375
0.28442485915219784,0.2965583129869067
0.179246365053356,0.6817233000685512
0.756830722398552,0.8583036531027624
0.3236186594723116,0.5580519899431984
0.5606685863348662,0.9999999291721586
0.43661594555480443,0.24177709558291127
0.6391138411313095,0.4049790701950329
0.44930758780471347,0.8131963060151541
0.4947190631226084,0.6334368146089275
0.42528202675602067,0.48025151276774736
0.44133571668709726,0.804738017383972
0.46309725829057546,0.3430331834471083
0.4658541088506354,0.6249614966273285
0.13205550705434632,0.2725604801033015
0.5434111405282556,0.5386312819826493
0.43114928818964593,0.28329453193689247
0.2003239889756081,0.5316180506131936
0.20160387894742104,0.8279524527608544
0.38010355912915017,0.6521195776261521
0.30760667963680755,0.3030439035370449
0.20845986234561487,0.77788510206042
0.48638906243789437,0.7558851177826824
0.3319080252039752,0.6979822142939653
0.3996569939978212,0.6588665422827553
0.45842482352398717,0.37687174811980384
0.6275730475655199,0.5586773297157741
0.5433166343655222,0.18927247663759061
0.40988215396786076,0.3335531892002166
0.3519220442146045,0.6322691027632281
0.23350779449200187,0.5894259328735352
0.41207843634552876,0.6017108200812054
0.45520989397647194,0.8248457927575927
0.759799030241064,0.9927666818034169
0.4504572788684986,0.27409331957448657
0.4579538939143055,0.9999999258796386
0.38517807695223905,0.16827491476246337
0.1675117253438123,0.21283442643042605
0.3739885760347321,0.3449866200393146
0.13267154232876166,0.47208479164075
0.3715640737697101,0.4908842775533877
0.6265563439587924,0.6328180512609336
0.32749683980975774,0.4175438706306558
0.47717999833295277,0.9125309045831997
0.5756236045156249,0.7112075484437703
0.4551650289191298,0.4739622353539765
0.24283168310703873,0.9999999238434114
0.5616440230561355,0.6478193381145232
0.4093285591480731,0.24128941238765123
0.40054635641218406,0.9445972667617006
0.29092481522259517,0.6432478029311142
0.6168580095906981,0.4971148757824757
0.25681640782498016,0.6805718139430752
0.2389436678370429,3.528671399521954e-08
0.14417075186655826,0.33128658386720744
0.5233599984199939,0.42608014092277813
0.5299601879771254,0.8245311155762458
0.4424590506631221,0.6541099653312408
0.22872570190982788,0.7022877081435759
0.44716179608721385,3.0094682301751163e-08
0.5360349497588301,0.6601854363902184
0.3252168357907834,0.6173138198840533
0.1488609691938616,0.3021922379604369
0.3395420527738957,3.488930389039524e-08
0.6340572458912561,0.7251449923996987
0.4422930916616732,0.5876934992120866
0.5731636543538285,0.6933457326566348
0.35919477291560353,0.5035844334471982
0.26038452736729356,0.2885975570355903
0.5246460386310003,0.37970188112916503
0.5092325464013325,0.5258204755639291
0.24669226240576103,0.3545725846374097
0.5540121562636733,0.8863062787008964
0.43257371573221937,0.6176165729122296
0.3610731488089183,0.8326844935329696
0.14181223502652163,0.31189393246273056
0.3750334646108735,0.7703174214526527
0.31293055257585234,0.2572337031156344
0.7608068957255059,0.27270101741960673
0.5712903218660923,0.7023636402027726
0.7105950584604517,0.945862371842658
0.5660400160866992,0.5644627736167287
0.4939722857553712,0.3183961412327676
0.5517490231524373,0.4113684100819164
0.32923221478157805,0.8509595012398705
0.32778300261981386,0.9999999447390238
0.6694097412067475,0.2793131406960718
0.5647151303828366,0.06978643339566659
0.737919162892033,0.5465424183940755
0.45995820801638043,0.8363898952552979
0.19101185983659663,0.5756967791643497
0.31344386982221417,0.23908775597705656
0.4155402456082071,0.5504781254434796
0.27728883377705404,0.8957061570197133
0.5348605980623393,0.5129110227376721
0.40814951678566747,0.6102251662230564
0.37889363683113064,0.5078004754665706
0.5505452566244919,0.9999999396954031
0.1275955471526138,0.18465716437707513
0.5570545623202765,0.16754575562657337
0.24839808016462106,0.264249942035228
0.46671799587991236,0.4686235921930155
0.6427497443339978,0.8426765878176958
0.5025612563373425,3.032737083685788e-08
0.4866602122894661,0.7331288589122025
0.5171893078211323,0.8604189200734247
0.23495787693024717,0.9999999242543467
0.4586142161109983,0.5526636843562258
0.5261222432442128,0.7099102027883255
0.3592295318857328,0.45474297287600507
0.4353976579024601,0.6515011869667084
0.37801545062771735,0.5910710464489632
0.455168599047187,0.8250585152392524
0.23947033850907085,0.16878792100178686
0.562452522810891,0.6475957983965515
0.5194919526604194,0.4374510062552055
0.3464597749576521,0.8418514011177152
0.604448431844121,0.494149137911041
0.42717312345733793,0.4178417969706878
0.6686376565023946,0.14679250165072943
0.3735160825671695,0.6601200030349084
0.5796701137231302,0.6022491537574233
0.7432573862081018,0.7878602669447439
0.7206995219864765,0.9999999274486662
0.2761812839347888,0.8021361195405383
0.25217446524633313,0.838578081109052
0.4750542560998703,0.5646339920692149
0.1419336055015692,0.32573661335938553
0.6983380694616574,0.8383190741825324
0.2870511427922269,0.6831563779162977
0.5725518375592897,0.43436311424322227
0.5341163931408262,0.8768324813009301
0.3678409410823389,0.8264016160147847
0.2798655650044637,0.10196794252794561
0.5335515920221621,0.7326373834928361
0.19390101251555603,0.6526743346342805
0.24981297041171668,0.9999999292146526
0.1964969239844585,0.6545341701998098
0.12151599252698153,0.42523482496240916
0.2944467104994657,2.1386682647062116e-08
0.4718618729470285,0.09405651777068513
0.4920771792826013,0.46635054523973096
0.41321300055110166,0.3948007556061768
0.3969932293814824,0.5864621475050136
0.44090732887512285,0.44408932777646015
0.24549848879497604,0.5974579998240657
0.5468737050150816,0.2518908258879229
0.4790979040381904,3.0573897191743526e-08
0.4490047548571292,3.359450317930168e-08
0.2793475538696053,0.9117054778658904
0.31206513597563124,0.2628029122434832
0.2918834098704024,0.26997302248059185
0.2591126724311481,0.17900185618975328
0.45651352629510233,2.7947287151164346e-08
0.3498370062349796,0.25503503748756984
0.38733201333116485,0.915819587993596
0.37942089152252123,0.18478613682275125
0.6339999463137991,0.5408115324302507
0.44924640965741824,0.6468755574912848
0.4794632376134462,0.293909742438192
0.3002416335089415,0.9999999485542865
0.5388102450087033,0.4851058969366946
0.4388973428745122,3.441502727241641e-08
0.452054641058397,0.4018163445206717
0.32951901080741974,0.8690645235391159
0.3152071655418158,0.6770117525038728
0.6101069997758057,0.3457499828628272
0.4195261724551771,0.597939415844781
0.34288664214555586,0.7540346152218227
0.48676434143960723,0.5375817550468547
0.624036890329219,0.2361560467278352
0.6273450667595988,0.6935415188516529
0.575194914383276,0.46452962330799963
0.25910589068218437,0.1789041898097885
0.5191424479980826,0.3377037756803887
0.3388234233604388,0.999999931764556
0.315204242186347,0.8486984871135945
0.33188511587475844,0.10311132908875464
0.2629773192960858,0.9999999227813703
0.45165024113503005,0.5124565984489209
0.2588046568376323,0.40681602798017025
0.2210294780381541,0.1258474100870508
0.6673318791242453,0.9320308594994628
0.40096831545788136,0.2868042005510496
0.5979991957055493,0.3311660741306248
0.5117753845600967,0.193349131107027
0.4603651777790141,0.5218087906300184
0.4933096125134484,0.6524268155719959
0.39648342875377907,0.22161603129117324
0.4476464372693414,0.450856039154484
0.29784802009611644,0.6623051787652976
0.1729202520914459,0.564838731411303
0.4181213031681157,0.4163334384010611
0.5540531804161839,0.4338730796482153
0.6720888757762293,0.1672492434789561
0.32442427068455704,0.2594530392951562
0.41832554775148756,0.6151789228328752
0.12775634358233567,0.01754411993088212
0.6543846966134206,0.78040530147981
0.4919686379039274,0.22924303922470202
0.7682782134075432,0.2720370579337086
0.34001295126346376,0.6088833656468111
0.5377639346277281,0.40082905235606603
0.3294189981113167,0.9999999360145431
0.38874995202108353,0.5294082348163691
0.47713097811194327,0.17800348847976366
0.5222416874548457,0.6839183271182065
0.1915681979754531,0.285427749229747
0.5102456247665019,0.7543137141607446
0.13850165905192124,0.5949602249146295
0.37262941852647424,0.14590754430275865
0.0842382931925103,0.1684887328953586
0.4028435274147242,0.3356531285116091
0.22900777923452953,0.999999931352658
0.5014802008809691,0.7898843113154541
0.23601451471633839,2.647613683848249e-08
0.5732611166765667,0.49560986624850045
0.3468729054571833,0.4877729674551077
0.39063210942145776,0.40060110891585765
0.6467295465573706,0.5111429435809818
0.5533084814084974,0.8121389472343665
0.1396231926465803,0.8987160673928045
0.5048300643410166,0.4870351919882161
0.4910316579534091,0.4901658656298551
0.25655629837804383,0.6539485160961149
0.4574724741033709,0.9458094028744028
0.4541523044621174,0.1401933453602311
0.4053191610004805,0.143778088985421
0.4790351945262099,0.5884353705717125
0.6890163115563568,0.3288557259001408
0.564535348592488,3.2157650764474965e-08
0.616170554799055,8.783683114188534e-09
0.08506438990830079,0.32379982903883686
0.17715579942300907,0.4234495207726461
0.4617361805063238,0.37463965576582936
0.3683735501976453,0.6909512605283226
0.395792532028314,0.26846224060415125
0.60611375228221,0.28520014792066917
0.4381516419865594,0.1461534270209235
0.6525557013125094,0.604295537961935
0.5452787395856391,0.7235138385350268
0.5699493144058656,0.6505146652753986
0.2953823603512493,0.6610020885954668
0.6609576859831865,0.40291775641821914
0.41767308245764045,0.16017555672490147
0.5637862155145488,0.6319218828600484
0.40531859201178744,0.4735428372208581
0.4165886604432285,0.4378458760951247
0.40773448488283126,0.4076099512748037
0.473760049693277,0.7680583076444591
0.34281975216613825,0.8181473839010813
0.3045846646219479,0.28941058801787634
0.6590095295588969,0.5820647094772546
0.09075844308830883,0.7862732378490982
0.7176182316701185,0.4615023698485139
0.5904266968340837,0.46065074290087793
0.5225421052032115,0.7191280231871033
0.25718735317952746,0.240690432295807
0.3834360396900567,0.5791011219092539
0.41890760028297835,0.5579072276702561
0.165618790849551,0.8704993048361054
0.5323854327316977,0.6451908754643405
0.5741197366808959,0.7372535579015498
0.3886784387430424,0.2849512669968277
0.5709824843241935,0.27219381830494527
0.3294855532104086,0.7470405331688248
0.35956475377105823,0.8061351753372286
0.4092311226118204,0.6709887572243503
0.5024368959498409,0.7281580122708142
0.3358891379582851,0.3221239461668617
0.5141792887335472,0.3146640504595517
0.355068686160251,0.4534317098435068
0.47108528363617586,0.29140681028808757
0.5329341621504531,0.2823159004971707
0.22420247814787153,0.4097949667452596
0.4500949657768589,0.4787699713932341
0.5092648447540147,0.614753905210712
0.5218524779235998,0.28125769369493625
0.4616793848719385,2.2911226693622666e-08
0.7487199634363986,0.5314489101990567
0.3678939339255507,0.9999999323432398
0.4703995546122073,0.280919032614829
0.4289742259353684,0.48296272574986787
0.308657350451655,0.4636210606823141
0.3400062112091513,0.6550396838764705
0.5310952062950638,0.20582196389528207
0.6095269191277759,0.7077610972745667
0.18676624438861733,0.11328670524033058
0.6515382722312162,0.11068623852475312
0.5026513765260701,0.23480252548205627
0.29702343924773844,0.9999999369227623
0.729099534902315,2.8658547535087564e-08
0.34303384594474196,0.8613660935118581
0.30924238894044587,0.586144550542695
0.2527976926811193,0.12520556634067503
0.45747508863405395,0.9457820282255582
0.4226540547724853,0.776864494806432
0.12699300198360053,0.9999999223490299
0.43604605690073983,0.42111595613062036
0.4246475814526107,0.3567678417273683
0.5208354087267884,0.393869927098109
0.2827980685157492,0.6023657534552243
0.6698182913286246,0.8389326074833185
0.3413379521345452,0.6059709286525568
0.40828082972851165,0.9999999233930055
0.5298801920155372,0.8256684191738373
0.35438404129655376,0.4071006287624037
0.5232466708931063,1.9998768863160876e-08
0.4393218188485628,0.8487285355565071
0.6490342646205609,0.22874171161859636
0.4144288458171017,0.9999999368828156
0.6405646994959127,0.5279311032749234
0.44317673786650547,0.47657334925989403
0.20357775198469374,0.3927511647512638
0.3332862806526826,0.3858736071220754
0.24427735246709137,0.24495054684016182
0.44676422855545495,0.7860334412554515
0.287359947539525,0.6866267989285788
0.4363478707022117,0.6012821908979014
0.5437039818795202,0.1947630322707532
0.641793708976294,0.4256310482318568
0.5824467753714311,3.231934897485189e-08
0.12017618833600974,0.3664287689260881
0.3066534517260058,0.4752741763582904
0.5390797254171731,0.5297022873547306
0.08776517355042701,3.52264741820818e-08
0.21921163082850237,0.46368347019097556
0.3968524254153514,0.7403942712270002
0.18737623920414936,0.35832238564339747
0.4450747845112275,0.371477280399656
0.5272606244680516,0.1682022778432568
0.5179697490927686,0.31567295487969815
0.6432844225720697,0.7073329315689456
0.34752143576252825,0.7493133083618915
0.3766191950772497,0.5364242277343365
0.22857768059456385,0.39157749170477274
0.47362861145144786,0.35642287944315854
0.3371460305318137,0.7086501494552202
0.3184380672930094,0.03614692737728831
0.6905285450387306,0.15068143099635734
0.35856221584272463,3.391862080093233e-08
0.5924101077254287,0.5139678796361409
0.1106174978982799,0.7282759030503954
0.608444590983976,0.5230573019427602
0.28765916608048947,0.28579363934555246
0.4574254804624629,0.4989229182142658
0.16693764961224034,0.6537545717936446
0.5975876465307786,0.6730788690409355
0.3013187748409627,0.6873775997779248
0.3875447266031222,0.12621558117001896
0.5854374800706559,0.6571499252162845
0.3784805020585851,0.41655768565928497
0.411090354269271,0.7717072766161586
0.23082854973193978,0.9430875636805567
0.47172441396583853,0.7666797996129233
0.3144491629355448,0.5555336314273696
0.2839727532787424,0.44322881247858703
0.5991435684701307,0.19311304223982617
0.44904402334090143,0.35246047877830833
0.7440721934527019,0.9999999246761107
0.5448660006446846,0.7764592273104078
0.5109594731460603,0.74286432888346
0.5604720599987707,0.8661429813761927
0.4289439611676751,0.39817170164832305
0.22820335589460194,0.2807417627709228
0.34774672784197636,0.7085085395707971
0.32843154579261125,0.19093809819759144
0.5765507672600068,0.9113066526459441
0.3784835104070776,0.8756718894679665
0.4231368746600661,0.648914527647122
0.5222857082939183,0.5252518876644032
0.485879473834109,0.9999999239718491
0.5594352907158178,0.32814068977599575
0.3386971787176791,0.6080848965244883
0.513838164489782,0.8171032226662049
0.5636644597983334,0.566072437154677
0.3997470886930885,2.8286926578857674e-08
0.4561380755999398,0.5641832720230902
0.4429746497426037,0.7331943804354388
0.3189691036718876,0.2929835380756458
0.3343608994275802,0.28469599589874406
0.3962062583244572,0.5727558310385845
0.4529898193967212,0.7542675277149726
0.24977954718953965,0.6012857410709174
0.33389561921691113,0.9999999367516743
0.34425233776101116,0.9999999305607865
0.18599130257149188,0.25066885602714706
0.42362947764174264,0.8270325152498437
0.4553716013021094,0.49457824540908746
0.41721736912589424,0.9357139595936097
0.4204343769210581,0.7797277591949587
0.3257289906559113,0.6950732927724204
0.27493049650412615,0.9999999282455541
0.336939009293594,0.3094231548205073
0.38567097672375583,0.8687722128797049
0.3642492857645174,0.6052805732134097
0.52553548548281,0.6305061187708176
0.5377450213839139,0.2984491335375701
0.17693250214427314,3.248861446536466e-08
0.18261659233230976,3.3221041917386174e-08
0.12253963121480149,0.5577281796161415
0.5581322091810703,0.42398066679910684
0.5882962262878233,0.2730372254976956
0.7221741852325723,0.42858777022459904
0.2882110125035906,0.41906577918028987
0.39968207107571807,0.5062843949700664
0.14736549883339523,0.8476128744671989
0.5364547362324412,0.7614931818150552
0.33975617286479975,0.4858753514670866
0.33730223536187864,0.9660165124262967
0.5143671032910517,0.5528836738204852
0.4383935462108264,0.6215449776770328
0.4615064301314349,0.794571139582402
0.6321445859089354,0.3723029076635527
0.4038371329934436,0.8952289605091117
0.19102305978561374,0.15432454211332214
0.26420827426349325,0.38938381072174266
0.5998684266466183,0.7153995174713543
0.3610805172094058,0.9706834299726239
0.36930129921368415,0.29911574434868626
0.23439837807984265,0.43222697387894726
0.16823521440304257,0.5169306013282942
0.5062506229309238,0.4179781962891873
0.47435995172771017,0.7719881885567865
0.4947303107373293,0.6329292958406683
0.19519518592520058,0.4935839939216464
0.1928171424921965,0.8612453501555812
0.5096428102892734,0.2009513240711378
0.2960473866641333,0.5413199872722565
0.6369078761606124,0.32803516363637897
0.39053843019432355,0.9999999225747089
0.2975267267786603,0.8225389110076371
0.30028927985751874,0.16506239005543577
0.5237304426604665,0.3386548370001279
0.49778820436061677,0.6842700989603898
0.14892255035563595,0.30257033320724247
0.6424414531980558,0.5643056916726437
0.4760011871789622,2.158212453196029e-08
0.45091543375850485,0.5823645435026492
0.3558962294415209,0.6705676820572428
0.3562471029161922,0.7440953073026861
0.36070831237414724,7.8476105613845e-09
0.37589524247680206,0.8085213527831385
0.5436459580887454,0.7529911206499982
0.6464520430583378,0.9999999268688704
0.3945551457169105,0.14242934373598715
0.49302089690920203,0.7075676966473878
0.5620854564538993,0.7370597623809196
0.273857843401339,0.7874305580506906
0.44980811124744413,0.9999999328367828
0.43742510549643576,0.5809695130814205
0.6344292253348605,3.4370462032029536e-08
0.5112356866777716,0.5609665433587239
0.569875015066013,0.782957641655301
0.44471137049921783,0.3163231277251626
0.5839827887669418,0.13293674611443862
0.4322945217064138,0.19718552097263498
0.6167343866580053,1.3878707960657266e-08
0.4597248761563053,0.5674121205520848
0.5765335000079732,0.7051272810602214
0.6465862699435996,0.5775946023474887
0.45283261785981344,0.5900029539518314
0.3991793340015213,0.6331298031661632
0.415641726568301,0.32577324943417096
0.32445635723998834,0.25950292645532613
0.533866799547785,8.589591260488305e-09
0.31262270956835536,0.6360895293908229
0.4506430616081145,0.761454263565362
0.7079495321050793,0.36749707230715956
0.328104966328981,0.09847577811573771
0.291481534104185,0.5281194030931573
0.6467297613243468,1.9665183259576224e-08
0.2343084472526682,0.21308142785174056
0.23198006183934083,0.17081013872547857
0.07570148595449844,0.3759968690391773
0.504981627613986,0.6358515509553477
0.27813925631184144,0.8093798044819991
0.5741113374512925,0.21735253753809047
0.39299954102377654,0.7788789332208985
0.4703901043748564,0.6427961687587036
0.13892380546675742,0.25723090399303317
0.3875905006167608,0.43569703101500323
0.39560938334773876,0.6972231492370433
0.20062012875584223,0.5570905919696862
0.4947439778679539,0.11600559779819974
0.16038388292685202,0.23567867109068175
0.3712114750097668,0.596350308494813
0.3085956713038702,0.5504582069365256
0.29401754725866036,0.7705756567220057
0.44481210100006985,0.3164708971000678
0.2374133518389394,0.7581370484189449
0.40015338319504234,0.2871135393627533
0.6149186040007599,0.31477584263917535
0.49442360887801096,0.9999999231974037
0.6116219928313034,0.6695586639931541
0.38603452846482433,0.2686262105978443
0.46630601200340305,0.6248359571874396
0.5144361792081069,0.4335563957100419
0.2908038253799914,0.317260004309059
0.28001121834886966,2.6220135396215483e-08
0.27128301402193156,0.614645735423835
0.31994657721292086,0.557271488305382
0.37371231871305355,0.16382941389796812
0.6637798822722991,0.17033573836041427
0.3409191968013552,0.6793128143503786
0.6273384025465445,0.30560253113556257
0.7040126908051039,0.3887513989350957
0.15144762077728569,0.49561553855119556
0.16527713040109404,0.56501748493665
0.5580654461876429,0.7224423611708986
0.30882771432694156,0.8514060788212667
0.46544893071515947,0.999999925982376
0.5705600530758432,0.9999999238006012
0.10824428100193728,0.9999999247009406
0.49448281613929224,0.4614562821746908
0.1908928239930896,0.7478931450945367
0.28228441977471075,0.654853127560731
0.16684692358981534,0.45229792232683863
0.42041558944463464,0.43752607382025843
0.46571971633977194,0.7105220447589531
0.5384357721327095,0.3891432304071536
0.5029652773303432,0.894851921775988
0.12487123913043874,0.6388983864116184
0.4895020081136674,0.6153643075293118
0.6269937564349046,0.5103217049390238
0.5357212362010051,0.3626995479172592
0.5421491192174153,0.6150316117993242
0.3174243063110773,0.28745737355676937
0.17048344170510443,0.20984070022275958
0.12554606061516882,0.47959779630541277
0.6094384357107279,0.6854369358810892
0.21412292607070826,0.5955092505099202
0.41123261505365516,0.7749035515142317
0.6112218528410893,0.26156992979295524
0.6031808609495055,0.6135959581445043
0.5115999036844765,0.7765404195169019
0.5276607645415163,0.6883295388247461
0.49424688178953247,0.7529377303271936
0.40704904222334104,0.43790297692656566
0.3093842688456343,0.5151560374879764
0.1653631639313442,0.9999999230820933
0.5452122096787444,0.7224013846856323
0.5102805623118432,0.5613362201604417
0.6223906978034761,0.4357056645761155
0.39289551176195925,0.5710972355270449
0.449217779376867,0.47850974820063996
0.4789860942892843,0.1478415406448157
0.4621468250176033,0.3755757959702919
0.6522920467334146,0.1858961587748631
0.6028666143571573,0.3491907708644355
0.4540547079491346,0.9999999464433351
0.4193708080101728,0.7442878847306993
0.38704096611498384,0.49175990090737187
0.1740847431069028,0.3651206622569241
0.4433795010912984,0.7021812569231152
0.42191232435907544,0.346730137281412
0.32528991834561394,0.9999999354329141
0.7248572183854969,0.9943727219780882
0.5628173751622403,0.14560923562437011
0.6789159598104693,0.19470828274761942
0.3897161778692446,0.3114063181147131
0.6604784653255211,0.4972326781868297
0.5783793391621437,0.7269171047931025
0.4441867569246538,0.5555679381400331
0.4270798251772141,0.3811288731795379
0.7576718652065852,0.7574550028770872
0.319342040352228,0.6692039879944751
0.6050053680314513,3.326728048591576e-08
0.24587225087448994,0.8228927350231814
0.35028729281771387,0.8294290078068762
0.38910466394869747,0.2392883177604297
0.7414740694996151,0.6374188418971265
0.3114879577130716,0.3527995514570108
0.7141010125728138,0.6050935338993177
0.18532144603036782,0.47478015556887954
0.34218258550737746,0.3541984576602708
0.36256430588669186,0.35076444307980026
0.3935014595730353,0.5341481998847399
0.41992374849989167,0.7713878648988803
0.7579160117132684,0.11228148636640256
0.43228244165494045,0.2780033316233066
0.6624281700794086,0.5028087793887615
0.18981459932045208,0.28425651125321494
0.24663598659758756,0.39246756278053496
0.6094011596994755,0.6773412761256452
0.553960716786865,0.9096807906901638
0.45888560957634317,2.9733719486557675e-08
0.4191542899739651,0.7361932329974543
0.40305548429013927,0.7321413829945662
0.29266743612534896,0.657074883009308
0.3344845817938955,0.14339937835440253
0.40000379013639265,0.4634770519637712
0.41814045305795045,0.1597657098608849
0.3029902760898757,0.6207914585465559
0.5548962787036844,0.20804380320982574
0.6211458220592854,0.12547360034236021
0.4895771208419597,0.24316452584948678
0.30739616732869957,0.9999999223776754
0.462945806250016,0.7321250732048163
0.3439991738809214,0.3581663954896861
0.33929863326235177,0.7061012609698274
0.3311257438300559,0.6953736517867277
0.49573623036819914,0.6437164908988642
0.6174099169897964,0.4528190073487721
0.23601394416336507,2.647542274303305e-08
0.2957275278915028,0.4614884371149195
0.6161534434562967,0.7970029299346422
0.1355990008622623,0.35807018931318524
0.4082669626160773,0.9999999233945154
0.35190460989763395,0.10994544182239352
0.23546625595914517,0.4594643870290369
0.27953276314164066,0.4679700371389188
0.4107562399950524,0.9885677341623769
0.43705553529107455,0.5932314945961821
0.427889609519545,0.34228913619957524
0.4206127255485428,0.7465547898531817
0.20931122965093785,0.4905693819588066
0.5114379063061647,0.554434343573174
0.6011404090256618,0.7224218460321552
0.751131262830778,0.8019142428204447
0.5787815258879716,0.5862553438185039
0.3272609034957501,0.9999999222269551
0.5185244881610784,0.7800124586514983
0.5213469106710735,0.13943007852647682
0.24327201347869254,0.387842981524674
0.19852923568311454,0.1714748375159303
0.38165341696323196,0.26555885389932143
0.5179236979359851,0.4924331598679039
0.19325854922412145,0.287355416842189
0.5300315536900735,3.5872645298695716e-08
0.33614735025646025,0.9923335377810751
0.35100363129330425,0.8101841696267158
0.20196329467426688,0.9999999276110856
0.395988447947381,0.7170458362354388
0.1582974538037618,1.4235769896231432e-08
0.25511010050059824,0.6918303913926636
0.28295771074505804,0.16737266278417806
0.5493385135752789,0.1269960922723854
0.26795471468630483,0.9770035778262134
0.2753733965267271,0.7219405932153435
0.5449781056371195,0.48278628920955313
0.5420143276229283,0.25518212401049567
0.1661147645651564,0.9999999317435417
0.3244645184840853,0.39557383829120596
0.4076822754792482,0.6101689966597661
0.42028388261670413,0.5385938005385782
0.20639451515798957,0.747720987038484
0.6328303450732791,0.24174939571426535
0.4816405343974717,0.32816424378457754
0.513632139430197,0.14169052716933805
0.6240923080415457,0.9999999249512896
0.3170073815557015,0.23901897707619923
0.334943831857494,0.5323341461700011
0.4370015216159415,0.26571266935146554
0.12034476652865411,0.4852940595526398
0.2960445858152996,0.7475566805220488
0.5233956237429478,0.8328401948285311
0.44964921448448747,0.6381513764006925
0.6368384460326273,0.9999999417152381
0.5235613381960817,0.6564208442288049
0.16574916522384653,0.24026326463750536
0.4236187728861851,0.5452198572645983
0.42265528140814546,0.9999999274489895
0.578772004292222,0.9999999558463628
0.4315787078690807,0.5196970031901849
0.5830976519104807,0.22900514770436686
0.38465085221781203,0.48998875949111564
0.33679010971767376,0.5613910509694016
0.477307671809176,0.9999999318285333
0.31632451969909026,0.9999999311861849
0.5621924796719511,0.7163384742083707
0.50523220588307,0.6592618215169708
0.5750559140562843,2.900399564964573e-08
0.44709377188907506,0.5400595734295308
0.499469614768135,0.8110160672815958
0.5186937521053596,0.6306400160554837
0.4041865512051066,0.2199821648616549
0.42549279345746216,0.5118084550941404
0.26944998147618104,0.2811204785852972
0.20966132980544927,0.6968438320249888
0.5298161768087399,0.7897278464774047
0.408215937152586,1.3381665553424682e-08
0.4437549561078309,0.37355447252984675
0.35759817542745864,0.48270408232046336
0.6992585097504369,0.4934019442976414
0.4025524830785838,0.3934706057884405
0.6383212427281371,0.2740003891855274
0.3880322013324924,0.233071728363754
0.09547004670885562,0.9348625945857805
0.6112750553465007,0.6885862914747811
0.4981397268448573,0.873196267083781
0.2521965217041693,0.5296112030538822
0.2686021651956745,0.09338218379582841
0.5423694398969401,0.5755718861029848
0.20624651024149854,0.7489820219529832
0.5265476801513658,0.5191852772413839
0.25452882021241985,0.5042848737805876
0.30890293584867656,0.2718219721037478
0.4141898144784397,0.09870700377191355
0.4131874513347058,0.5928339204564921
0.6328431244596069,0.6295818292932402
0.36055184403370566,0.7578095099662292
0.6409249456279515,0.7042105203683349
0.30318850264227404,0.5008608387142921
0.17129025078745075,0.9999999451360324
0.415144180089142,0.1512509440578107
0.7334709525679237,0.6042440703320047
0.3868693770750773,0.34948629799482234
0.5819960814409848,0.3175198918704929
0.4408258740397524,0.6962375075029712
0.36667853600937494,0.4818972116388345
0.2017533551294033,0.29242338926773925
0.35248190971836024,0.7356214473071212
0.6217563426432897,0.603676006423413
0.4928344550749242,2.6374994632760718e-08
0.5124740087184074,0.6858835944513331
0.44427259265917085,0.4470515169986271
0.3789791887754377,0.543325809535169
0.628637360510758,0.7143575781523879
0.23672876131021026,0.5581287560509942
0.6672489266231851,0.5779306156357897
0.4063210736223293,0.10497110746666394
0.33426475836766034,0.5530339262544537
0.6994898326909169,0.3549516329966096
0.6763209257232865,0.1826742356747637
0.5799634439866068,0.2901853254340345
0.47361032860331953,0.6801913465335758
0.6866807285056131,0.29284111379299915
0.3631861205368567,0.4766097069969035
0.2500777631445672,0.45589872413113497
0.31889666848306675,0.2707846035202195
0.5815784743679244,0.5688366003478507
0.5959889722213125,0.2516961221815457
0.3630944253675574,0.6003630276842706
0.375000339327622,0.38688486240275566
0.47569358720094046,0.9999999250301528
0.3881474248214025,0.6784030088770443
0.34121819895731464,0.5763751772580967
0.46130426508337363,0.823017913524847
0.41995962734130066,0.7814984389495763
0.5479589519994055,0.19824817963788988
0.45968642967792306,0.7850279827131459
0.4481376654038236,0.033925294392620486
0.30837067718369227,0.6331194877937136
0.4598831542349191,0.23931337608242131
0.3346735085438959,0.23800572600199743
0.35717722851676115,0.4059082695632057
0.44341675806667347,0.1556287004418806
0.4221565993877765,0.2844075117443765
0.4363765669984274,0.22685338921249354
0.5477879447907728,0.8648839543392199
0.38266395034371437,0.3932011824274504
0.6032271129259477,0.6142547512389633
0.4451176275219715,0.46355954172647174
0.6665602454634985,0.17625080758879363
0.529263242447763,0.3963001828562831
0.42558774660585064,0.9999999341650856
0.40249814947730655,0.22110993877027596
0.44022761829106205,0.8075236056018085
0.3876701564481815,0.8178833254087046
0.5581447076393116,0.8195354310952752
0.4079821374214774,0.9999999242494937
0.5458460281785804,0.8194042669025379
0.3875427045643285,0.6522316219881077
0.4799741808169564,0.20519587734106537
0.09993731424651786,0.9999999430247648
0.11978635154993622,0.5585531709282279
0.4466195310283605,0.11485779881709846
0.5555745027455439,0.8220218491969966
0.6071442431043308,0.24579445240189557
0.3827624493740207,0.9214757075759543
0.5086089086065817,0.21157729482356658
0.43008805621168067,0.8531717131023946
0.37020488685210484,0.3081045963766762
0.31595084001379137,0.3895262722753614
0.242631187812969,0.3669318215383406
0.6346957450821167,0.328248626600967
0.4037964337954536,0.5634877139408268
0.6191657931615073,0.3111224120593228
0.4123096797900798,0.5371859922465028
0.4189133673269767,0.7515520090623831
0.47770130010541756,0.9999999261661188
0.6578145198645386,0.6672864888468553
0.1772360932287902,0.24744612247690156
0.308422004095958,0.22177427018731422
0.44163830228994083,3.317147090342587e-08
0.4049903978990299,0.4189546621165192
0.5997196145202763,0.2640895668045182
0.4494151183947599,0.6678130653198409
0.2856186203141946,0.8777541219010985
0.45762332739772926,0.7967853485014267
0.19849216186760188,0.16962333903548554
0.5125409232606644,0.6848492370084749
0.3572200677234858,0.5986964009589038
0.20404785276086823,3.293193984177378e-08
0.5167052788417785,0.9999999280212286
0.5670728157744627,0.2946356289747314
0.7068572559942883,0.2274400824855647
0.4186013709441059,0.5643706109939153
0.3800379742575455,0.7064010257597282
0.6443248757498146,0.5660720679842477
0.40371898974922305,2.512594932113643e-08
0.4912138859074635,0.44325663306966234
0.42830139298416814,1.1010655498466804e-08
0.24711772836516754,0.9984959013487327
0.37437407466023886,0.09105596228423352
0.4942511104050422,0.7122604331125544
0.38758392604598635,0.8194983565695289
0.6095317871534771,0.7026934419518298
0.5805065013927564,0.4680904379670636
0.547079953203689,0.024652832280821713
0.7124383051947154,0.8388490043657946
0.44251781487629804,0.2607604251978195
0.42867388238924464,2.65932769138999e-08
0.6316222413260895,0.745364287809565
0.19792586243586907,0.4303156532997079
0.4142687635513682,0.1859435132756566
0.31777256602256765,0.5179383386232033
0.4877664406037079,0.23552636759209733
0.3249108156485656,2.9635920384407655e-08
0.587377805310684,0.6415293582307839
0.45465629046843414,0.6118357981962035
0.5944669569668628,0.13513314327083137
0.6290507120909279,0.5294026461083696
0.47362997195737533,0.724539780579498
0.49523269004325954,0.3973669907831372
0.5692183248952198,0.5925912463819927
0.7405720339777275,0.22222844137230524
0.43685399558621496,0.6145163081931173
0.3948967769541052,0.6692511673582437
0.5245416332696529,0.380704355337663
0.5553062346497653,0.18842604897864135
0.468827419066264,0.9183102915515171
0.3478432879878519,0.15748104065206547
0.2682375349371364,0.45572299422086004
0.27982172706030717,0.3676585141761919
0.35182120902160374,0.7478336773665966
0.45903660363149035,0.8641271609171781
0.3824879233277092,0.21070542094331657
0.4843428864800998,0.6152390697445114
0.7042037723772578,0.14657704221930246
0.3275573950302033,0.9999999320652755
0.3020175473968383,0.23426690000434647
0.2095833981684212,0.2128909876855296
0.5094524931922053,0.5688369941933473
0.16312459830430992,0.1885648157968376
0.38140823489504694,0.4880083596425493
0.39515494553612873,0.3507478055604558
0.36414936414957877,0.5951675447892555
0.5391402602343134,0.44045596989985825
0.6022953534474751,2.8808713636863104e-08
0.36812407501048394,0.6782789290379014
0.36222929689763017,0.5888782506068431
0.7579225999700916,0.8495365766687044
0.30291127324957445,0.80597251802455
0.3347646854454025,0.22181700717250052
0.3055738162154089,0.363526233911859
0.34370573371095725,0.999999931624096
0.5708303166221396,0.6701791355936102
0.5966528558186148,0.353297730955461
0.5888426714454003,0.42096164200654584
0.38289095234722437,0.2038381696599494
0.39706257829153246,0.9999999497821648
0.29998095378368994,0.28029063503210594
0.1819832663746772,0.5876431242189142
0.12130256422028562,0.31098996794896294
0.4244863872065836,0.5462711037244468
0.4379784316196238,0.195013274229499
0.30228902927042833,0.8764213930627882
0.4416156398703923,0.23468237476126674
0.5434027589010393,2.3009587124533937e-08
0.18011087824394512,0.6777452800105053
0.6210727028975302,0.6286734886472161
0.6017633111596914,0.7907267728300944
0.1953748741879764,0.49311144020968456
0.552620358556839,0.8432784124276687
0.3842516975473593,0.11161889117840218
0.5182124692455927,0.3621599814747398
0.3854288320153345,0.4282969313218672
0.38338466180677466,0.5113376199688915
0.5531882663740557,0.42121769770952255
0.43207434138633927,0.23408015348582012
0.5938773661142585,0.32447036229747894
0.3361243118431445,0.7411530937101674
0.3712688576890182,0.17300764649629485
0.2772017319028457,0.7537627803928295
0.1767208030913392,2.8386953232484302e-08
0.3071346800067589,0.3388221266245637
0.2846749018326271,0.2642300325453526
0.2165436509795846,0.5175155941672251
0.6696755565467885,0.18943885051928433
0.4387679116241401,0.7143236612866914
0.5020775402505935,0.8146845271640473
0.3296946791714701,0.5024848679845562
0.7548737958010521,0.8502395891209069
0.31574262394212704,0.859221705538598
0.5339978174234368,1.6494816179601912e-08
0.21280858433520988,0.6538222568623269
0.3413696291077297,0.9999999464619513
0.21410431453244483,0.7658656384629161
0.7708349560600887,0.4303687695870977
0.19611945101250905,0.43796016610745525
0.5871303898202802,0.5725510378419756
0.6140504421038848,0.9050425098816071
0.7364545229739163,0.7692572585825985
0.22848086698288927,0.13125084684810773
0.6440278877489991,0.5276674836557547
0.4458780747510289,0.7419082618627293
0.611752796672568,0.999999929560417
0.7396965903930357,0.7685430243235345
0.3207119730127235,0.5451468784493407
0.3660815693879029,0.17286910306946268
0.7107503435465099,0.2702179856590554
0.2517106160349294,0.49183238951153996
0.1392513431254434,0.4907143222384178
0.5777800715547414,0.4836303947013043
0.3707900466647982,0.26194165894247234
0.3001619507797604,0.9999999245429763
0.3904704268805572,0.9999999370312267
0.1795534463899795,0.581091815116519
0.40008429052394145,0.4201578765694407
0.4053780411696928,0.5656804182716506
0.3798647803492541,0.38853871246685046
0.06524793259590078,0.7874992070160296
0.2915461027218238,0.21847109016418642
0.23439863494162871,0.5545123838004855
0.32358110329534107,0.8491074545073154
0.22588442327057123,0.40570410943189117
0.6424666565317829,0.7039788757500247
0.6517149019612725,0.569062843470185
0.36907889554883555,0.9999999329771541
0.7340610425461258,0.5209306763839159
0.21642308774333507,0.9011240896397439
0.5895179932335517,0.7272399234661684
0.5350497098146265,0.3100292789043273
0.5466212682647722,0.7309934266158535
0.301526960789527,0.9999999388266545
0.24996897450076094,0.43467609184652645
0.14059782135971144,0.9999999222860048
0.20019606953280755,0.1857858191447015
0.5881960157452051,1.1292836887832891e-08
0.45228164120402914,0.73591275891701
0.37120971272311865,8.898432213300111e-09
0.4891544282187854,0.5238796451081171
0.414681900928048,0.8384332345475762
0.5969519038557993,0.37551060170650175
0.6884982063110847,0.732307584487284
0.27052532262929097,0.2268432047358182
0.12594175861198753,0.5352403949644575
0.29089169621509336,0.8761908398782658
0.532553977859509,0.5420575907399403
0.6852935850040822,0.8089483473546473
0.5278599059525981,0.7448618404547425
0.471057226527162,0.3452452780204922
0.5654432203935862,0.8038689866565321
0.3851068190621172,0.5871858163722905
0.5685312653227386,0.5576387699540781
0.3067410115694109,0.47606884375639424
0.25019730239169924,0.4545626810048269
0.41569673923448525,0.18638397065277346
0.6372856981158677,0.7805070025634109
0.3896950936427568,0.18835809601011988
0.2157454830911596,0.7339438488933894
0.26470799572491543,0.5233410390940314
0.6101134151106069,0.21427032275321523
0.5189473534750277,0.8258052796625073
0.3315011499787621,0.9999999347144097
0.46342460844262057,0.2226365329402178
0.5141712495013162,0.9377656933581839
0.6073136486422896,0.3585615423798174
0.39484351717582644,0.2585324099554285
0.538075972229473,0.293247188395398
0.6303409608988959,0.13481488729022573
0.33903011674616446,0.2797642009929078
0.6390001925117628,0.17254873610592014
0.46707259212423935,0.8445595546139444
0.354467460858098,0.796212175356235
0.6390906077132064,0.34738735547860244
0.5323496864833692,0.8911355872419051
0.3588808778828927,1.8074668872714028e-08
0.47875932599438054,0.5929433831791506
0.4524203343014568,0.7189558276416328
0.45516602608184,0.8386597532348858
0.2168168391644687,0.45245649701528023
0.4553825020162998,0.6907442535942181
0.3522363821387362,0.10773704360049763
0.3856813211140775,0.8686752017828994
0.45517353348134026,0.45333085615849456
0.34271194852343356,0.8581367023423994
0.42809035027869324,0.9198884930811317
0.31114199654613284,0.4903098812311306
0.32170375164471166,0.8635631127122245
0.2282574462094189,0.4109820645949789
0.4754345531217887,0.3909387855902402
0.3001877016777881,0.7872084408759896
0.1474564720184488,0.15712672067244782
0.2185286235041608,0.16258378601409973
0.4668041228097537,0.6551565822927898
0.43273428742489717,0.7351262378976422
0.6471695802427964,0.02572193164795067
0.450346673889233,0.8633097539773082
0.45230789655455395,0.5292416700702027
0.40564948632924214,0.5138685281826341
0.4579100837355732,0.4286440557973492
0.5663087238872362,0.5842527846208476
0.482019277007653,0.18826309445647738
0.4332244435269299,0.6950599106247779
0.5007167204400274,0.6149972998050224
0.4209353787365848,0.39131312568052223
0.5634150437656613,0.8456177216997034
0.5786851380402758,3.4225870138016035e-08
0.15080069189494338,0.3487181211609638
0.6241264282233829,0.9999999249380771
0.48131539700726966,0.27653675233039365
0.43749328725712155,0.7885215677214461
0.40470060790777884,0.3606647637430882
0.5673461663811326,0.7963492610052789
0.5267233908953597,0.3432661176801126
0.3115938434716088,0.5947044504266223
0.540414145538068,0.6789114068221167
0.49931725410870476,0.2594198838558981
0.2932250961610987,2.887874117618594e-08
0.2935124468120618,0.7158947236181632
0.32253871140426327,0.6498332179755764
0.2176951992284346,0.6620780147619847
0.511647391251612,0.6646767677896435
0.1385893569668224,0.2888483679923688
0.3396100693625921,0.5104399312196577
0.3329006548272315,0.9999999408002544
0.5074257812407401,0.40134402270499336
0.20848969726701094,0.49999197137569595
0.41093901559272084,0.7292428014709529
0.6417636798306376,0.5899662775079655
0.4352053334435211,0.46511297116085615
0.24236490434537794,0.3073866258148996
0.2391227722196243,0.3798788567372391
0.5913658290259667,0.629729900314949
0.3252231575331983,0.6217306878566724
0.46460083988891165,0.6586471758468413
0.4156902746800366,0.32548553642289946
0.7080132158515058,0.6115029811264208
0.5448926149490347,0.1656550240852077
0.7359337887871797,0.5186877348704151
0.34781298245864267,0.28751325913117753
0.4131268461465889,0.5820324385350482
0.1959559161657971,0.5031710474964903
0.47198326322382567,0.22387039635654915
0.5533568091553942,0.1920123750384377
0.5387859922839171,0.41860029962248646
0.5694081489348335,0.4663504345632319
0.6067302405511765,0.8116904529144797
0.4789212784208572,0.20507451946295419
0.26283336235720034,0.7489518200903724
0.7139025085185806,0.9999999387794638
0.18713680433057034,1.9865957767706277e-08
0.24577635446536927,0.47888356826875267
0.5100285909448803,0.7888488281671862
0.39465326187588445,0.748379344896346
0.4443217884329944,0.5791673989129862
0.49016958213244255,0.28499989104534507
0.6137831225700339,0.16816545845431108
0.4736223924148728,0.6357118237797081
0.43929108275626794,0.7405399269791424
0.5811937356843302,0.8836246811483264
0.6016985728345134,0.6300326672812844
0.3551972923714919,0.39764433285214196
0.48870745667743565,0.12850117909000147
0.7190512341421669,0.5543170700563067
0.36262174420234494,0.8749649410699938
0.5141246082332147,3.2568188146342436e-08
0.5973444635926883,0.3731106846065053
0.16173428121923417,0.692210034806191
0.2496472052999823,0.24987064529196346
0.4223341811076242,0.14100037102016572
0.22832942687973246,0.7023685188782345
0.5300547826825013,0.6590093722735837
0.6587536051089815,0.15581391151350843
0.21107476300724315,0.9743456963998973
0.42053940948844515,0.23642705106708917
0.6638796183718836,1.8598125706148494e-08
0.34050958809982035,0.9999999281554004
0.4874938035193881,0.33621934918748764
0.436223198057776,0.4195301133820699
0.4993617416192033,0.405312014817536
0.4826708685769656,0.7765862035352242
0.6808686098386052,0.7920183039273887
0.6515330128042303,0.6610950158326041
0.45054383320018987,0.819946049056238
0.505070260520224,0.1161349194809489
0.5899640383335853,0.46188415327173615
0.4864434943553064,0.2492010964316016
0.2772235576182802,0.5548936491879566
0.7036587000493641,0.6783433407187047
0.34341991592983456,0.3183296997431313
0.47130922002411824,0.8678666796487349
0.5347550032223354,0.2909250019145908
0.24412521367342332,0.0006619543541148687
0.5143338444938279,0.824933458830742
0.2027367949122998,0.9176847774575094
0.5671933688061026,0.7958094752652549
0.6029679026744241,0.8153707905916079
0.4334565570144093,0.5874497967593868
0.37421638734647855,0.7442416974300308
0.5664232355480339,0.36016224259934404
0.45749506119288963,0.22903378515109196
0.33126160419909834,0.6807333057100422
0.39987452578338045,0.24114777455840652
0.4297258130264954,0.29606367319234295
0.32567588734279695,0.4138646509392885
0.3197434078167829,0.7844023448590747
0.5603981001987166,0.562336198925788
0.43310564947853303,0.17592548769900063
0.42666688519088813,0.30992017049769416
0.7011645115842562,0.32251335161389605
0.47566865773924905,0.48256312170211046
0.3597023453193824,0.7626843762904976
0.3351097047751965,0.5824087670557141
0.47680718426369273,0.4326756840906576
0.5400292750938478,0.14752591586595187
0.33908739666489085,0.6923305643982225
0.5983982983541369,0.33157783754422
0.3996807421637576,0.3504377898931743
0.3994753084797562,0.19584860669538173
0.6409334784733529,0.7687392415813932
0.6737269182530992,0.9999999243842197
0.35052206581877465,0.5319415684578246
0.5984067317558419,0.33179315443021196
0.45030152933479695,0.9999999318872632
0.33494999774322043,0.415637875235074
0.49468724124474583,0.11395110795384156
0.4825380481782888,0.6169750629611634
0.36551981898560326,0.9999999225097724
0.3078183645107089,0.7401300398577604
0.3360595943928688,0.640498637780599
0.30970927661622794,0.21669981830001106
0.37565411035569163,0.5231256249295271
0.2908968309399156,0.5033639410922106
0.2433617470123619,0.33549736994860524
0.25824979087778743,0.6475560577526984
0.24274622918839084,0.4265582737756972
0.15734028704989989,0.6364589090095549
0.31889115141434,0.4975895965238628
0.14203634155325862,0.2998372064469841
0.17312279295095534,0.599126790624787
0.4373010759504754,0.6411940790486348
0.705740963240518,0.6387512308137779
0.6530093372069317,0.6882922817012691
0.45115698386163183,0.8634769023198352
0.5490833023205735,0.46351545825695695
0.20959819632127052,0.775472993814688
0.44453615584928263,0.4466429368675904
0.24127702012296437,0.3858720478951234
0.5695579620334019,0.5928733452298616
0.6141907193726222,0.9863869913522265
0.21370008225288428,0.5880922007400855
0.46361119745163215,0.7426683004707968
0.5910799505274613,0.46622555527856235
0.4828062475840267,0.5597938750281486
0.3473796167782015,0.42421446842867283
0.3716238455444216,0.765485105922842
0.6547733963374154,0.18242139494965315
0.33056559577985434,0.45253315468692534
0.7054281887357963,0.45912187139489546
0.7262454689552533,0.3295053622933999
0.6776755603851479,0.7781910844395874
0.577842809966731,0.18897679899662023
0.36706686016279333,0.4041487030743376
0.2052159121072772,0.26004146965390973
0.27189450701198936,0.40240521283972086
0.1867100639642456,0.11367185143451408
0.5250354012958907,0.3581880832786517
0.3947084016050666,0.4208095445403046
0.6774825884889855,0.6079360147620996
0.5904037390095009,0.46110054114284793
0.36989638197164476,0.4018373986702706
0.5613302755113545,0.622554806241876
0.4960447110607782,0.5529777112487686
0.3563109334545209,0.41972598099645353
0.4682788820233963,0.445099210395167
0.35324344772951877,0.46608274267023475
0.4253083181206905,0.820141990730022
0.7550517135828145,0.45631163947226483
0.4158758513139569,0.0010854365725911919
0.5921029456864693,0.35451390107986924
0.41635240843517796,0.8037273525621771
0.5637423864118065,0.6993539141129332
0.2029109859984075,0.34321482819809646
0.3056503661318226,0.47811533736582845
0.35746106940645994,0.48379981400405114
0.6897420013221227,0.9999999402721791
0.40672865788269785,0.5172700716920993
0.1544869022776818,0.4340843136922494
0.5113867195719672,0.5655386272244378
0.495463136037126,0.7105095627237716
0.5560890775742577,0.22751336044921544
0.22528964857643308,0.10472579302882679
0.5665649850757029,0.27285274455350716
0.6947950903979492,0.05285932933212578
0.5676725639181384,0.9616779757180538
0.13043694942918904,0.6280206101224302
0.4170677538600529,0.725144254609905
0.6094365289191441,0.5716147186710643
0.2953968864022678,0.40172734689494405
0.3162596483079332,0.18969313041235125
0.41474954180908163,0.716374010022637
0.5127794747636942,0.5522658419264559
0.39328437321903076,0.5027416926782173
0.40056206935985683,0.6037580263507465
0.44709828801204177,0.9203404734533045
0.6119042552796472,0.9310586251378119
0.5186812050034968,0.7433922467329381
0.3805512922044785,0.7003691846338782
0.3276410748171035,0.4096945068261668
0.5326475066025558,0.3021462907966139
0.44978017916615665,0.33520780945184114
0.2584849564012939,2.6562954502651337e-08
0.3815477590087455,0.8075529445785357
0.3814181121800675,0.29871881049610494
0.36916258091426046,0.730304778084303
0.5152085328154001,0.7775452364472173
0.22722584464195927,0.4016924244698892
0.5290006635413236,0.39879507517368395
0.6384693484591337,0.1728962376315124
0.4457924759121976,0.7387310272788454
0.6250038337446564,3.58190881399878e-08
0.2388062685894372,0.48848031442930306
0.43526417670902084,0.2310566893173771
0.49143626585960165,0.651968072109117
0.20122977186603075,0.694483408833193
0.3195707856565111,0.5471151313222755
0.609364369282253,0.22517397722106836
0.18986183180450533,0.2833331338315581
0.49401299616244243,0.7586157751665823
0.6553076787435144,0.8500635226185018
0.2435719355658863,0.5703709882307777
0.5828351259198108,0.1334786326066073
0.5920968589585693,0.3483232238324412
0.16036027256365104,0.45326963129866726
0.19197585657584426,0.596967879536308
0.1416652539317269,0.5076579050929162
0.27516847272542266,0.22584504840672537
0.21409160449862563,0.7659028047695706
0.3296097417573485,0.5342059415249985
0.3960728584561375,0.2740285275003629
0.6608070193474225,0.9336332726877004
0.46400391998864654,0.5624761911272458
0.3178197474875275,0.74187737102028
0.3242434754156296,0.8270002552452453
0.414693307150233,0.679051440272076
0.46987446937395116,0.6859531287838223
0.34449924138677845,0.2817071083348637
0.34802293481866675,0.7607666596641955
0.1630486241334057,0.504359013298231
0.2159367139138002,0.4073499852903346
0.41518133834881343,0.5054222604357186
0.5254719205932741,0.38465461871774664
0.5194598075439716,0.4248001058043869
0.5097261615249287,0.28241796325111324
0.42492110106947445,0.817309390494728
0.3692403938964728,0.4800684224401941
0.3869533322043939,0.1954020036113171
0.3170023776474937,0.2393037293717768
0.6970321045912802,0.6848300467629471
0.4346300771283169,0.6906006510407927
0.19372795238089147,0.12789097584969866
0.4876339021356464,0.36232807848303494
0.6078660321697975,0.38205450304238653
0.45886741004613096,0.14983276840493076
0.4790597386637261,0.2961723630741204
0.44223210392206314,0.5865404405214392
0.44135762553759106,0.534457697348202
0.1786811572122442,0.5268050867777454
0.6799305507663909,0.999999997347043
0.5203113522540015,0.8213142578207631
0.2984988798033328,0.6039476524620326
0.3926928923856887,0.7512992635089759
0.33179961325360674,0.3921293523269078
0.6700488051637388,0.10565729720788042
0.4899076710379142,3.120081260021834e-08
0.3896055230438362,0.6934475340247097
0.2193941809334885,0.7840594475606864
0.7130007846811917,0.4368805082778202
0.7469868051855468,0.5328407655157399
0.3513878593070321,0.1406287995881641
0.2185333239205356,0.16255584943951007
0.23930947837118577,0.7797014786706526
0.6631854877249932,0.8272447512939749
0.2929126822082684,0.3548106873034129
0.48282000282007287,0.6738013984889015
0.49418364996589137,0.295322671882559
0.5407524447082452,0.15630459381916495
0.3978320614592996,0.6369144768258828
0.5309464079586261,0.9999999307913185
0.2542507744362501,0.6430043586363006
0.17620947147647614,0.3933627751301536
0.15908466830245738,0.5493013263918165
0.4814738366935467,0.9999999256059766
0.5248049222120423,0.3572444888225874
0.47052173295945243,0.718782038963397
0.30669051919276935,0.5339637609303161
0.516511454187699,0.8839180403172797
0.5558521509392036,0.2804312118267127
0.548585018096599,0.8148601738008026
0.6257731270922635,0.4592656347253481
0.20861014047307336,0.6077239921599222
0.1760729449567897,0.36422763023174554
0.5997561741378794,0.8141517226816788
0.5596997389136549,0.8711356841022955
0.6603872853385009,0.3093989611401895
0.31681396077372126,0.7404381767465864
0.3607409199979079,0.9999999352066773
0.3625247494398729,0.676330178403969
0.26711472972697337,0.22640685594277699
0.4698231840864233,0.49416524347860147
0.38727899500115326,3.340439036492171e-08
0.5615634073980149,0.1138420034514418
0.15871097271532308,0.5478911957426718
0.7825512651617967,0.9999999243698952
0.20632829045151002,0.24956777534921315
0.6727992647268164,0.9999999704769991
0.15718688119221547,0.2264137806194988
0.5399811690028007,0.9472185961690798
0.46606112212172945,3.5233636452858264e-08
0.16489267248255368,0.4540606452263134
0.43549908188134134,0.5554571098882555
0.3347662231449795,0.41620386733161396
0.8129890835650624,0.890014508622162
0.42824382295752716,0.5714482541269277
0.20272251879900294,0.7976148799502987
0.358797950083908,0.8491620220857321
0.5253809024022194,0.5838498024134395
0.7176004295516476,0.4586410469574105
0.6159553664754713,0.27492604529270537
0.19577939384148157,0.15412034489070692
0.6532825044613606,0.4348219005415359
0.358918357180539,0.22583993735838348
0.26632289096649586,0.4941842336223061
0.29916225651140804,0.8643712201872553
0.4408186581129576,0.27372283401277286
0.2692693215761377,0.8479688131669079
0.5726359627935809,3.313247276537368e-08
0.4493389332873483,0.8134504692903946
0.4950272912731588,0.4270790342613999
0.3781262611809493,0.4747883320434916
0.5630744756120221,0.3990790278013847
0.4632645891360023,0.09185448753795455
0.4835377005066084,0.776783444392489
0.506132989346566,0.9999999261728831
0.3957036381596568,0.4157076163651965
0.5106004835131617,0.7990390332058404
0.13562145665305847,0.30059066962248693
0.6023403860035774,0.31176807875330326
0.7231792353450976,0.7166115212193596
0.17631888960359232,3.281352789485936e-08
0.231687203499662,0.3720039555377994
0.49249674585143755,0.6370853207146538
0.4417047909431693,0.8765531408112288
0.5572418413131826,0.24819913464792975
0.6239193900627433,0.2089347648403148
0.46763845638417934,0.30596484772236465
0.4458930953828859,0.33106437360804364
0.34386984342625393,0.3207433712908241
0.5590185434935635,0.39401223501542404
0.42591913230984924,0.457379772434777
0.5726024444908071,0.6482587903885744
0.31144882899437487,0.9759792040557791
0.45281613290005795,0.58117240161884
0.7119700430855991,0.6011810694956843
0.6119425988340907,0.417649293235943
0.47335940895392037,0.3577903259296846
0.5896560860889193,0.6947176364492762
0.49801601040516186,0.8737165265549507
0.3107547590028452,0.3186426182082833
0.2642128055470181,0.1646429091297641
0.5013149584773249,3.0402649286997985e-08
0.5442329801438444,0.925385444211237
0.6260407285073519,0.734946801671196
0.5074361843686028,0.7293948245553494
0.5347034102232575,0.1598864831386031
0.5391333071311459,0.28282173631271235
0.5184511230534894,0.06701244137779128
0.4250700216087333,0.3838057110075219
0.5142765083182739,0.8268944148595594
0.5204085319195189,0.9999999239381907
0.3243232366373081,0.569217263303134
0.407631458379055,0.7064124167590151
0.5165778367763387,0.4370273995669933
0.6100017303541323,0.802367263025431
0.43305490384137446,0.9999999255957057
0.40145177165375046,3.516782953738584e-08
0.6135075866381219,0.6997030999999261
0.25310896583589226,0.42043258937887273
0.4312631060902121,0.38657343245011333
0.5492464452059145,0.7003798411309567
0.3527057735463712,0.06834720071399403
0.584382098599928,0.2530797719267568
0.6255601929575234,0.15899424420357988
0.3234896345273701,0.6095729299596933
0.36564813634030857,0.08392960872940947
0.2657686137004531,0.9999999335219414
0.1203496954708636,0.6653749350480354
0.4960838836178141,0.5028145938156889
0.6602912547358404,0.2846556871002157
0.5263176923275892,0.793079195656258
0.2574843877882591,0.26603853067135574
0.6566021491782172,0.36562863248022026
0.3540037881087086,0.38677701584631663
0.512270690658823,0.19329049682162136
0.19503037017149571,0.4917406605923418
0.6608838145796359,0.7873163131828917
0.5592093696055791,2.1367345226508405e-08
0.505251750590312,0.4479520246393349
0.2446695970906112,0.24381291684336048
0.4375393617357024,0.2884656441311293
0.22126069494748446,0.23198100905921848
0.4013572059818973,0.19207176361457812
0.4206615900287036,0.6906163412136834
0.6107107254822814,0.5625504847106768
0.5389535733926976,0.6566846482106534
0.44133923581245105,0.5738705309608214
0.3990240335134785,0.6819368746895549
0.3114275095564665,0.4547998682709853
0.522423351719044,0.28023692283851886
0.4986992306194882,0.17757573619394051
0.5300233670180945,0.45011283743555097
0.2878844518179693,0.9999999336678833
0.40058644030525414,0.2587185630586113
0.5251732252579955,0.5874010542798764
0.7527446046659261,0.47669817653385493
0.5176122655170383,0.6953625314046086
0.35264069982084445,3.17192601073657e-08
0.6286885056071574,0.3889317259955867
0.196199692327498,0.7281700459477918
0.3852436672417472,0.2872749620251298
0.5799045936541121,0.9999999318564683
0.1004294249137696,0.06538440473890361
0.44436882124656085,3.320345953738979e-08
0.3137120027139626,0.7090775308447377
0.6525723759549229,0.23787479925830013
0.3588789314570935,0.9040016490443179
0.29884209971837006,0.8660570129518845
0.2571718987617939,0.9999999498702543
0.12221361572284772,0.5732296362968086
0.541060506328102,0.9999999325507005
0.7222595532668934,0.4312094025443045
0.4189267980828397,0.1458849544647407
0.6758344313641471,0.4141926392688582
0.4624624672626729,0.65026273715171
0.5716901543570105,0.5098825573547359
0.3722156588131744,0.7167561547590502
0.5299033922977503,0.611762414185872
0.4372109067154182,0.5391412152358441
0.7747433641236832,0.3607504729832023
0.2784442480939333,0.9119292739818121
0.19435828230280894,0.5361317912380521
0.4279567454660951,0.5846143831938129
0.7012255906120304,0.6058968385361254
0.43985769420440946,0.31209768236196567
0.7096899256324241,0.7622520427408226
0.34077971512400307,0.2647588875151037
0.5322958266279012,0.603605694700839
0.3443399211056519,0.9999999233426315
0.3453198955112975,0.29262419512959426
0.38152621895959316,0.4154469957633111
0.4275206851717086,0.5162221666524189
0.46293623004018203,0.8268469909887841
0.3491442965383711,0.8664430752048098
0.22095287977631228,0.7752234101014501
0.489280667257074,0.9682577986213055
0.48870769753210785,0.7724620200301366
0.12839256400729138,0.399650159070692
0.5084348604026983,0.3058399591705765
0.4416921695002607,0.7185128090139905
0.43930261476221677,0.7684594327861234
0.49474403967996183,0.5594195619747886
0.395993690433996,0.21312242944767235
0.44632508923985004,0.17717855389869186
0.607743415187584,0.1376936878913817
0.47065639509379054,3.563653905302999e-08
0.37505757523727556,2.0504007380850453e-08
0.19907406617097712,0.5946753760093095
0.306692264182872,0.5338383433138958
0.3890121594605467,0.37023817497944833
0.5267699148451142,0.9999999263854349
0.3464940985350453,0.9999999237509414
0.4577213381413139,0.8960860101184203
0.40196510734019153,0.14427494239031446
0.4144114058614239,0.3485389471015097
0.6615536250388314,3.144185001247024e-08
0.4159368129131278,0.6580926945765313
0.28364454745764256,0.5782746465947923
0.3557073586114261,0.054951626335643766
0.25927244652807646,0.8144605670139882
0.4291483976760797,0.17663213525072052
0.3657811282032708,0.6961291084994166
0.5675876873779799,0.6104643216874308
0.2613532670721703,0.839141862788626
0.4017396838619818,0.6994822491050208
0.4448302725106492,0.7739927842295664
0.3437814266771402,0.45047273512698993
0.4642933045884905,0.5892597729314772
0.12191037590501219,0.4658227860653241
0.5685313602652946,0.5576432556941775
0.3796092429037379,2.4044091162522818e-08
0.5891777636269468,0.5601552239384411
0.6900480073543025,0.6553373939118252
0.2085306341874702,0.650318056126153
0.5062355675359891,0.4089812454287234
0.13538706446228588,0.9999999399095465
0.5210417934459213,0.9999999341256931
0.1530308381124934,0.7459428620306419
0.5003302401767118,0.7665495546375993
0.4637498757355534,0.5002338045776717
0.42893658959797243,0.8496211842908714
0.15168772754584037,0.2250011951935953
0.4549374668504127,0.18428552567649348
0.31432170957473815,0.7369624711402523
0.39549783053119114,0.18065410596134868
0.256091268683706,0.5000264934958771
0.7527321963557649,0.7704296982710446
0.7748277676572464,0.7099773868334829
0.6593563924575152,0.1875624471063837
0.4361193560477137,0.3062378280341491
0.4395494084825726,0.34216771394560297
0.5092805702343153,0.6149804904648057
0.6533853412315227,0.3465469906715022
0.3353721216271417,0.559425097184139
0.6374369007771268,0.655398092071902
0.27846439410279133,0.9116596681806506
0.25191337954655557,1.5698010003006857e-08
0.2758061117010815,0.6354146249864918
0.48010841150158834,0.8655253696550957
0.6084885153040362,0.0934028821984434
0.38934836231495185,0.21561967638102075
0.44765753348660997,0.5890464095361949
0.39049006995796054,0.9283210331312794
0.45878460800139154,0.555326919594819
0.6085040354634872,0.3962630276447143
0.32595054628832587,4.803933251196213e-09
0.34538589863478997,2.999775716716613e-08
0.21566161038993048,0.5585814183907196
0.3321701232859904,0.684223711478392
0.4037719779767044,2.50862370876348e-08
0.3372045588554573,0.8834138004868777
0.4938909444468873,0.6730513666999478
0.20487479617513982,0.6038158892251175
0.45781181618221733,0.7959939407184997
0.42236931113017606,0.25894791802260286
0.3703053755274941,0.3127408815867483
0.23716927380759678,0.556510653551296
0.5444145440300829,0.5088632690020916
0.5730842064752104,0.5401531332802811
0.45876765911935546,0.7246112662554545
0.23702503615423254,0.305733724887272
0.2684039279686128,0.5217586864051285
0.761234330905149,3.228131362220665e-08
0.5722492461947,0.4482348899140618
0.7104562476084251,0.4741340434379815
0.29521464948306875,0.32745501865407434
0.4141501617897805,0.4607334782482191
0.35805666169328454,1.8257537703902926e-08
0.409629465034246,0.4679523297621877
0.4051657629812473,0.4710698035469889
0.3800646728737549,0.05250252578040815
0.29006982060808006,0.2331685264237322
0.4921009648710939,0.20358730740681708
0.3453409353915653,3.0022107466720627e-08
0.4214494497914507,0.2044764722369301
0.23792627755582707,0.5160662003880176
0.5810422081539519,3.1739471495484395e-08
0.5551019342292354,0.7795024152796515
0.6546400334224476,0.7832884827001081
0.503778165236838,0.16808631006538732
0.3895471437486937,0.3117835513473288
0.1526612676359087,0.7439139671745458
0.26905737471078606,0.5040691404997943
0.43426475843197165,0.48553287442602766
0.21149534517219148,0.8060258675742524
0.26331295815475864,0.7865052753733259
0.3727105008946108,0.2303441400295192
0.32053978125377114,0.3442727603680815
0.3348538253248807,0.9999999222880689
0.2869936841903056,0.3927706598779501
0.2849888865314312,0.5595957846858433
0.541764830945346,0.7194089413448843
0.28160576273206317,0.7177813910340305
0.4072727122260691,0.7455644418324532
0.3904410779370817,0.4014390181670642
0.2718349715558799,0.658262603534606
0.2250616770324112,0.5736407158726244
0.5203784810940295,0.4566255107449564
0.6799366520804018,0.6062585947354862
0.27707245604297537,0.923924244007992
0.46471332302788904,0.5544466392749428
0.4933025871063972,0.7059634664544561
0.28495598222652463,0.8530580717704481
0.596552227088091,0.5508744978445179
0.7542962967154092,0.7777293085119794
0.28122837259985856,0.2836047190078226
0.25031859137063384,0.6945890173902391
0.6728406123535287,0.17091392494733526
0.5899231331793522,0.3122328056860937
0.5566290982854531,0.581063734882882
0.5533141037036349,0.5530149710766885
0.5062990697067447,0.2813023788309472
0.410136574346986,0.33265873081220576
0.5772155357509816,0.4052459486919311
0.6234118456472917,0.2770381972749796
0.5293260928758641,3.471336285088e-08
0.4456411857306839,2.567335855019337e-08
0.4159694197529098,0.6813774054493038
0.5288576247824941,0.7940037091720846
0.3360188630161458,0.8862993539346498
0.24954212533690123,0.0714185508043137
0.6255360763279141,0.829702757534843
0.4199213400070203,0.5826336080308003
0.47354383888623364,0.8159322409306924
0.535862891808141,0.4254520845700398
0.6031333226718241,0.5124437867596434
0.4591836449171236,0.21055174902177853
0.3070917846307064,0.2505892921751105
0.613661052135734,0.723589841220651
0.3274020389279064,0.4097896947210202
0.4105579999736455,0.33826699584324516
0.6776696684632921,0.8347518394844364
0.2606819295858238,0.40581094295656683
0.41488457644601784,0.4159429895229607
0.5430295181805729,0.196381964729877
0.43372474035377007,0.48801146696611397
0.21423827029417541,0.6231755430573038
0.39311924252714725,0.35950669053434936
0.38041879115638855,0.21628083587422253
0.44082164928804657,0.273629101983218
0.5471620467487135,0.4588222565405573
0.37581091130751476,0.715519627848682
0.3789362872815003,0.551790045306845
0.4227747067336969,3.350672628243956e-08
0.5415751588120545,0.9999999330543474
0.3995262452130657,0.19464810344254246
0.30632618952446533,0.33369077715278905
0.350459233124337,0.4493870523234307
0.33062457573396964,0.21214614439694301
0.4656676174050687,0.16576257695123076
0.2988093034986852,0.5066951456667148
0.43325352068267264,0.22335120159378263
0.6225427864982138,0.10227805333724405
0.41510471849354635,0.31721378886319584
0.36767253446940273,0.7358968312752623
0.41626847969071124,0.21677994047101734
0.4768572779920244,0.4143664196643577
0.541109737660793,0.44114531396030543
0.3242739950295923,0.33120502390652007
0.6940638781947581,0.30810098139170705
0.31624555955872813,0.31457507130208384
0.48725317215688957,0.18682392483222543
0.5507367817040008,0.6838502290399475
0.48056309128065555,0.6298899679708114
0.29589338590287406,0.2217271524176958
0.4027608618764025,0.43232208599457067
0.4733076261533964,0.7398900112734488
0.5292779531800331,0.9999999260676837
0.411469988324642,0.15982735501902212
0.45901574305931847,0.5131090788945301
0.28916769482601845,0.32946890843063414
0.4472484798664449,0.28502223168510454
0.4009988855985789,0.6149374895551531
0.3734579300720746,0.35198504947338805
0.6623010593635295,0.288944196680049
0.4271390620198767,0.9999999244304547
0.46370745709876227,0.21784764173343873
0.6459205000517607,0.7013625564436374
0.6710484692927912,0.4800336423747602
0.3393102220375708,0.999999924728634
0.6151701497926365,0.8838024341600068
0.5176972380337093,0.5113460340718312
0.27821404300918173,0.9129615733316925
0.43424831324464375,0.7421882810838056
0.4664723804530486,0.8322420459175497
0.566105007492538,3.088401356876602e-08
0.49462901166306716,0.8455627058959791
0.5056243055627312,0.7485603600999191
0.5486951267582612,0.8168173651150354
0.2268352718578428,0.4886149403650002
0.38740395870675837,0.3490596750995607
0.6071511998532539,0.6580124774606162
0.2895010785299834,0.4715950872230614
0.604137958750532,0.4955234139213651
0.5089723548883631,0.7157309575216679
0.3388353038475014,0.5394199805630429
0.24333696413265926,0.4610617237532111
0.2208115521298275,0.190401382979978
0.43687344970475595,0.5689140231576708
0.21589154789145626,0.40779913402082
0.47491274569810393,0.17578684459001792
0.2063067901710567,0.6826884744918473
0.23343547044339097,0.382242503634874
0.3388046230101467,0.3418829431781134
0.18585455452470034,0.7141537458850742
0.32795782116017014,0.7927344300758463
0.4213646498034067,0.1010223738248257
0.6613530491669555,0.5756189461018337
0.32820912342702124,0.46818307670478276
0.371772162894616,0.25138353968042537
0.4766105016458968,0.41664454663093764
0.3812948888228713,0.938028709451455
0.16444906463774256,0.20189113180277118
0.1700300269998074,0.6548044936340283
0.5580145457113104,0.9999999318831989
0.5454689823688224,0.761479179242766
0.493544998463157,0.7434264468834222
0.16127784704186876,0.2775686577590264
0.3662574319838807,0.3957049704466158
0.3357491737985354,0.7587122523384018
0.18308707793426615,0.666387807099003
0.5145198400054207,0.5356228156485301
0.653109496941167,0.4092206391620188
0.45935459890672936,3.548486304794096e-08
0.3048692190812945,0.37757862671426423
0.26113412117077317,0.597441523190934
0.3350881917778876,0.21963870359452287
0.4412493133819928,0.43447551168918963
0.6802320050671145,0.6419150955612132
0.5021567011176162,0.3264484625374635
0.3984910679350695,8.123739312182465e-05
0.6059892115514769,0.6171956842972968
0.41749060747353406,0.5847423713073425
0.3239596591408529,0.6315194576768128
0.48693749568312494,0.0658070078797941
0.3246458693741596,0.8630846031297317
0.43996899511593535,0.5713326910058676
0.46175978939942164,0.3509039567670129
0.6623009686482351,0.21769285889659784
0.3924430953585185,0.7532836348099075
0.45075484002272637,0.622535818419923
0.6999117838378583,0.43265147536120807
0.2829345612860217,0.6572310367614733
0.5462706269188171,3.251415847671524e-08
0.40180752978072576,0.5254068924605342
0.5578542498293855,0.6359730437287183
0.1418645923801276,0.0971650639748276
0.1433542582896501,0.9999999397015316
0.45651165895097323,2.7888003018006202e-08
0.39446827220441216,0.4789967431445099
0.20455347377036048,0.33145124226149036
0.384388358063247,0.8044476399622482
0.35792382500178865,0.9952421074721194
0.25196737279065085,0.164920117205682
0.393964368412159,0.8993938835969679
0.6783272835493306,0.22562369191736664
0.3980494611765186,0.6813154445999707
0.47728845499412875,0.6212082187360579
0.500661106157748,0.6302789136412308
0.4472777422509342,0.6571591233410565
0.10986482738087489,0.7040828936142312
0.3503914224601621,0.23105868792293194
0.4472343119958011,0.8640890210007974
0.6142530634813639,0.1699497219059083
0.5955845093596768,0.0915755982750639
0.39787241714499366,0.4761787356719793
0.20839188737196235,0.19519666609085817
0.5121408152144342,0.6824669879910559
0.6523038216833856,0.3988012516412205
0.4054906225608934,2.778558538807374e-08
0.2800286233614231,0.7132674908487253
0.5211672426553342,0.023925419157933447
0.3243586985919156,0.7870915973105035
0.36647883811264004,0.9554134689761931
0.4891148794399105,0.44782354796578616
0.3087095343443651,0.6359579241681672
0.7708261580115985,0.43085056423682033
0.19915008426114733,0.21514590375281628
0.4927528475689913,0.7084829829781008
0.31023845101884273,0.7955410568571608
0.5512322462422854,0.5336919414193524
0.7171828399577636,0.8210604216258446
0.4955309187607564,0.9999999242835571
0.35041053342218165,0.7600821508211659
0.15692885571185133,0.714580488724895
0.2624248365595623,0.3205709614461085
0.2794138069335417,0.7158570640763102
0.6704268781247875,0.3906113843628951
0.526443030994896,0.999999938595483
0.5083895478732043,0.34868225865328384
0.5986297678582901,0.3273922169353156
0.45362725818794214,0.47337956963172445
0.2676446461370814,2.952506861220172e-08
0.599070236792759,0.7911940690543915
0.37485471025398365,0.551557189792586
0.4922316632462027,0.6379693737966221
0.5889924780517504,2.998796944098103e-08
0.5410246388037399,0.13819894646218955
0.3853284006531723,0.2873166459673264
0.3650412137779213,2.9549738655987312e-08
0.5167353026625823,0.4382282062701037
0.5169993521978009,0.2030247466876709
0.12038048300811344,0.5490964126365476
0.2551356483964127,0.5966397839792918
0.3211108025502738,0.6193892929300127
0.5281988207704273,0.9379149075968876
0.13287633607710259,0.07083100315394475
0.44477014299117235,0.3163859073653903
0.4376231788020726,0.5390900949244504
0.1487702848769632,0.9999999375315305
0.503746341351246,0.7941981107518856
0.4175535409001112,0.3856384227524501
0.3089227469771383,0.8516853646967206
0.45054174214324316,0.4935906445900109
0.613694708717957,0.08650954046161274
0.4592336638743677,0.7841947115673378
0.5427519886935537,0.6508513577177126
0.45502871487373,0.6196880797835576
0.5738117517548185,0.785356936176246
0.4084148247970387,0.9999999250728031
0.24539084282807488,0.22603695709391403
0.39620717115787674,0.48236515968944715
0.5233829275534232,0.32820373489006016
0.6378386646231791,0.38715034281228355
0.6808989806507344,0.9999999259330394
0.49760225419614335,0.30612514454380957
0.47030710064584813,0.46213549010654376
0.3553440132392818,0.9999999237955848
0.09457841939751166,0.8693556737164094
0.391706073883908,0.4702201556168326
0.38288823857729515,0.4376684314761121
0.14629337686384103,0.21261817171799535
0.5016678707651452,0.298046458975044
0.6955375336427125,0.42543202831553373
0.08749476320501337,0.37725362808990326
0.47490200682585826,2.4198946846354374e-08
0.4475226107932184,0.770282041536209
0.40943718479209057,0.7397635635598832
0.47836954449214275,0.6247139443566567
0.21628708618932446,0.8779022379420915
0.3698813895814399,0.588773618047405
0.3121980527932986,0.3842398406625449
0.5415558713204831,0.7139366261520976
0.4192327305740817,0.6499624738337602
0.3779079441468105,0.567309394133563
0.49703254447374334,0.23815379264862102
0.4023967159072006,0.2082465560428517
0.5679082475720745,0.2791129409368338
0.31815933815864295,0.7812187972871918
0.27110873723310513,0.5711492869110621
0.1809093040058083,0.16266187705791424
0.350558325927778,0.9999999512041349
0.554753824528154,0.8541542885640538
0.28619327453142107,0.5994986219151563
0.37165244877056214,0.7260114615597324
0.6303279644407271,0.2992966869575575
0.6514015714453221,0.7763251789179257
0.5753694060654113,0.641063629974628
0.46591760084264155,0.531572263674299
0.6447823134064832,0.25991816025065617
0.683431955036828,0.47812473014002066
0.27591303023669633,0.17858842860364277
0.7172792026954209,0.5832708109741773
0.256462345269977,0.632605694526923
0.5780624039016837,3.015205862766379e-08
0.25253917064429166,0.35609091547226157
0.6789009751012336,3.5702189649100546e-08
0.4838857403523824,0.8884113814437669
0.34654069268264953,0.9999999237407557
0.4616126135492964,0.8300344305520753
0.5682906414564091,0.1533636112957204
0.49979754833824686,0.36609167850216906
0.24793150045577805,0.6681214834576323
0.31763080634811347,0.49853844362171884
0.153935491249086,0.306072673113821
0.4203165298007767,0.32047783328177104
0.5441407183453668,2.3270199989156026e-08
0.37282584862341794,0.47527678137069174
0.25203575267029077,0.3866463798943478
0.345722323732673,0.6726457735015607
0.38553744670395984,0.38654453336788563
0.27358134261958833,0.25681687450407864
0.45030288703021615,0.5325927703744426
0.40831118431577407,0.5286755407428032
0.19545480834303808,0.4071154308817704
0.49724603413213986,0.35692809546652526
0.4277085835903911,0.6001497179914423
0.12814129254994233,0.8473855601128513
0.4412029682221337,0.538171062929603
0.2976616451924974,0.6166286245015016
0.29838484562683787,0.2415829433109451
0.5818378294346491,0.6668174271094927
0.5921311056262164,0.8485765025814302
0.5951676431036255,0.3032595689886257
0.3964031352962807,0.6249922056402077
0.7070571950996674,0.32118080484794476
0.43224703417557864,0.8598332743450214
0.5940153117598226,0.5924762767015785
0.39882261183900347,0.48668834186375776
0.49437108345085035,0.6289333885148274
0.40991520889713273,0.7435828266407505
0.4113602765374429,0.5491024230790735
0.41038201893021586,0.7828408941784915
0.5444583961542939,0.6906453693860719
0.5119277483816309,0.797993768659925
0.59947993875562,0.6342020327914817
0.590704432114487,0.6235331615694513
0.6115618665729468,0.9375153772540159
0.44512196642114477,0.4646972385303023
0.25575630592435994,0.5424927619312143
0.6139535200743675,0.3792438379350642
0.146469502345711,3.567027917483756e-08
0.5384887750557583,0.15575229601444462
0.36373996371928063,0.3372707675694322
0.6462602878753931,0.20468763392428002
0.41526136396232083,0.3033699878954508
0.46488069072478977,0.5461398683746559
0.5313009719489821,2.535632148692457e-08
0.5546620738762575,0.3148893230518084
0.44972500837567386,0.3860308221137103
0.21370235772690016,0.6294886395454142
0.29367794996155316,0.8299372042988189
0.6710744564773359,0.5093285095497073
0.701530415289624,0.7969332860757916
0.420638247480964,0.3686905750726872
0.3634810251458074,0.6102067889377025
0.16844838403246332,0.7356278236190583
0.2987719102076052,0.8702909834499906
0.596699459841572,0.9626849924582963
0.7197396085422225,0.699474415710096
0.19726945600129442,0.7829322140575172
0.3401449580988043,0.28859337333707913
0.3689376575258816,0.6822192908160325
0.3415187561961157,0.5430331620688449
0.443967911322773,0.557047270983567
0.30920829085084467,0.7381778138840964
0.5510841069469521,0.1881304902887848
0.609878178071253,0.20074676303819317
0.6472344532621115,0.5591692687734913
0.2557194450784577,0.6926347828678914
0.27346060916760573,0.24726307941175207
0.7108205558457641,0.678315218819737
0.41959594894486907,0.23696192442541886
0.6226422526879758,8.29857782491672e-09
0.5024582794000731,0.43011261717068194
0.2645640967597984,0.5272741306030113
0.42088393159641146,0.4287664110361149
0.3112215786287664,0.35372097942500247
0.5938497594831622,0.6691773809622497
0.10776899982118149,0.1485931359502679
0.1768829823911937,0.9131297651205692
0.5127243598409299,0.48213428005740155
0.661445494775986,0.4983639146483583
0.38720639667250945,3.560287709092336e-08
0.45820714347810476,0.999999941305493
0.3454198076872381,0.3320332867972162
0.46253336174304627,0.9999999240540554
0.5213715155370555,0.2669388758637474
0.16738629029761443,0.9999999268567734
0.40372777586981456,0.5994124109124854
0.3680890689132972,0.45896889799533014
0.4044532442354325,0.6055463558450143
0.516952138646273,0.344321957603988
0.3718264257728703,0.32737204161366407
0.44932471382755157,0.4793413283862442
0.4629108498995227,0.8268491714799318
0.6582004029088178,0.30768457012813855
0.6179031122047474,0.93322120181233
0.4731626216177691,0.9999999343538448
0.7053183004604273,0.6305821976546468
0.5573919087082535,0.6958846629831719
0.49522107883693955,0.7244540182137875
0.44316598327340717,0.48602460117967183
0.6623055512037963,0.2940378170195572
0.5107055568845391,0.585915375946751
0.372043080920486,0.17566865274955745
0.4748943165077488,0.31937400586279097
0.5601164053200054,0.46469369848510667
0.5026493618575811,0.7237381620788277
0.43620798828556984,0.45239796117213515
0.2956906981456302,0.51250073165507
0.5415877959804121,0.6035011456343113
0.4628799212133967,0.8268411262848154
0.27431118503093144,0.7934426694705365
0.4977669287277995,0.6768125343126599
0.23365154404460542,0.5850907061822852
0.408312666785438,0.25270293810050504
0.34509665168873216,0.7505086062766431
0.40879257975231154,0.3688248899975406
0.7373421688122614,0.848283268828947
0.5807906396287223,0.9999999414492073
0.497973833936427,0.17959692088049906
0.3667547260388795,0.33619497282923305
0.40265509713167624,0.22118756452045218
0.22277965240853126,0.2779674607795677
0.3941672644915437,0.4900262152192525
0.6437460589398372,0.2497332455216288
0.658757367903644,0.15571741544968276
0.7048477972924023,0.5618062645814241
0.37224277828254326,0.7757046856268843
0.5512275458530023,0.3104249031412145
0.3836502515699287,0.5220547126568178
0.7009603278794785,0.13374320147094565
0.30986962334474333,0.8537682921943386
0.5546397345233292,0.7582326994096675
0.4251888268785602,0.8069644512113037
0.5442001723352643,0.8034727086069147
0.30056228986200706,0.9458137684000896
0.373275393897063,0.21332666368383357
0.6635936559411935,0.021544687739705637
0.1663333690612423,0.5309076083976016
0.4262274348086952,0.40826742600522437
0.3605220975512182,0.8293246933561136
0.4097723486398901,0.29278693852805304
0.4365239117056334,0.5442949596489726
0.4115230839091266,0.23784873271221585
0.5610596508981915,0.2555750076952279
0.2893571454394377,0.47128810111752273
0.32093791005138605,0.8502790657544352
0.0913487663561936,0.3155233907983366
0.6073630396930265,0.3657192770920368
0.5963496372163855,0.48543085317237455
0.43708470539973465,0.21090905706149954
0.4022020058082765,0.5272065478448411
0.4194669324194864,0.8372087879830268
0.48693259007046485,2.3171601526428276e-08
0.18744645320284548,0.5237627974985877
0.2749404430733029,0.9999999282497747
0.5948634525480183,0.271270778208649
0.39864572674078325,0.8985332229649394
0.3556017725752345,0.2725670384118324
0.37693303975902337,0.47214039531701246
0.4413557530967158,0.7976082996674876
0.2647283745889739,0.9180280578858167
0.46085031568618806,0.7722324084394145
0.23882482071258426,0.48816639123574035
0.462884766768505,0.5231260261166817
0.27104689930278614,0.3477101821891537
0.39927285515028377,0.3753061793823278
0.1794310934807437,0.5150570483221699
0.43272701380474876,0.7924018805843254
0.3976869952351012,0.7688446284351507
0.1543658563983965,0.7953944130312962
0.4168029693673039,0.5228979942889893
0.5623891028322765,0.7655564340957426
0.2671180190843052,0.41459991604782687
0.3198331730619759,0.4679905375548792
0.3734597896095959,0.35180354793653024
0.6739869165644041,0.2664252224486958
0.4208663714845948,0.1890138283301681
0.21538851009932225,0.9999999263146933
0.39887633455701277,0.6375473431185696
0.48484060051700517,0.999999927016642
0.4052131280905016,6.988653211692508e-09
0.41161947643976093,0.7924016022215632
0.38636694198422905,0.535754472673009
0.4478835559943861,0.8212260255571522
0.42275963978644526,0.1484596134727454
0.41921241713597857,0.5893286911766857
0.3567710412253069,0.4171333365019301
0.6717799714459116,0.735653846497403
0.6091990347963545,0.6729497005977976
0.10954489706662374,0.5582679410079301
0.38386699224182896,0.00697142851926813
0.5281922623192421,0.9380374937992038
0.5751487273971447,0.7230782761413508
0.5232195539963573,0.17224308619541873
0.5203771110904989,0.9999999239474171
0.2909405845002344,0.872746932290287
0.642229896052048,0.22938866161804938
0.4858664214773336,0.30236037825385864
0.22707466302005708,0.6889977717592473
0.5329871433967392,0.06366001803879229
0.4829127760124199,0.999999926703822
0.5082633377136618,0.3050441436731681
0.3547006193183093,0.5048176326991296
0.2942184003261996,0.31661724182902873
0.7578272838004407,0.1828076618403962
0.7160584889238133,0.12704451032890773
0.5234651789047984,1.9325067768249937e-08
0.49647819346028355,0.5385014539105484
0.45744246687977164,0.2312518819785616
0.23612577783024635,0.7799140877925481
0.2670677860649757,0.6773182132772781
0.45554040565366805,2.5202183451256133e-08
0.21300903881189948,0.653640923452592
0.5886363008992284,0.26465073982290477
0.5305755947550637,0.7778218425952268
0.30838939797369314,0.24047631466883956
0.26768130460887907,0.6480634588523841
0.5939356113524612,0.3253994450783857
0.32777888084563944,0.47313894790382705
0.6539337037446593,3.27943503464212e-08
0.5119358571273045,0.29196628630172583
0.5585160598839005,0.7577277397262385
0.4597803496730273,0.17379421945364015
0.501431658171839,0.5761888832194906
0.2776478754186371,0.15685482798706474
0.40640120574061367,0.5210621890861518
0.25666712825023996,0.2527480109056057
0.5342369448963202,0.5034687579675392
0.2208546553223596,0.06962720724927252
0.29426829883313577,0.18005362952935755
0.16096427656105705,0.9673586662628928
0.4501391383096349,0.6236633662601143
0.5701602434030373,0.041262595647580724
0.624378248243139,3.3496544205036116e-08
0.6661992667179564,0.46748865412430973
0.41618231915811554,0.9971361858076797
0.1521418690454177,0.24727655424358375
0.3817187859738427,0.7189953351519307
0.4688679966732727,0.6134836348056858
0.24635789763245075,0.7244621396945661
0.26206133375188,2.5122524505150068e-08
0.6344798769927418,0.5632474796724907
0.7117652553782579,0.5860637111501248
0.36545413538568594,0.8583002077320678
0.4452931118524259,0.46205192041974996
0.23367263655750392,2.3802176229992256e-08
0.7656410518869938,0.7466978959762898
0.37972013215051836,0.2419424488866717
0.2961243883423119,0.7499410652387724
0.5481537602338795,0.3251900147164335
0.3641250782924752,0.42628370934059134
0.48589168112061376,2.979610869147109e-08
0.32948562479184984,0.747045875403618
0.3995190222595131,0.7882755016543399
0.48921471626419333,0.1959055663295075
0.6261872414649705,0.4023429538552463
0.511968837081247,0.7337798287689239
0.27981292839853733,0.861112947994485
0.42103633020788944,0.5741906310655658
0.5915920502271264,0.35409194291296586
0.5130853975725862,0.6039978957919878
0.5107217356651121,0.2936816638815003
0.2917333022670685,0.2929917180331998
0.7159760263920583,0.16166948613451737
0.32968351046890065,0.28481296648879706
0.5013731366066079,0.3467307172552445
0.3650259275540564,0.5397012439820479
0.5489927826745822,0.9999999276631293
0.10091135456707612,0.1930443634998653
0.5611485646068939,0.46507793185512725
0.2793124273387608,0.4680334962304684
0.4925851112755817,0.6827801093942547
0.6383630670425298,0.38853807294742637
0.4965364344153773,0.5656931204747551
0.30479734975954287,0.7831287854988247
0.26625270221893205,0.33540617832449726
0.2669906552499035,0.679622423554445
0.5214899318893993,0.10449368088440991
0.42983342309703465,0.42475565237224444
0.454947505719145,0.3474838440964483
0.531808549510679,0.9999999247727196
0.33693251142863634,0.6160647078596639
0.3402480300734321,0.356492953280366
0.20719847245770584,0.673821217288399
0.4812155965618561,0.22869139553009532
0.3924022111526049,0.538122424654631
0.42272969093694757,0.00368494696967403
0.6229858305177478,0.6554256179016136
0.6074767352695534,0.786721032720731
0.31433821512563265,0.7026083319115486
0.6226482303965115,0.10231202720865795
0.5150149276389153,0.48717620149053076
0.4701672780517132,0.957511923116531
0.30495591634517805,0.6319685906052044
0.2763563385462673,0.3994860062640164
0.39153547742624095,0.47286831368619886
0.6565925824533774,0.3582181456695004
0.5334775194456403,0.7338367689165182
0.30486051025858885,0.6464574417313074
0.22494956197604354,0.700070155369076
0.59931330671396,0.7344632200859174
0.35883921728847623,0.8784550091741394
0.514181442713066,0.937800682029966
0.7452437612204723,0.06489683066073937
0.36937026074448154,0.2635374282460816
0.35946674781296606,0.41620115909578814
0.47931094801030216,0.716396086114127
0.5172951194261111,0.6279172135104005
0.7230046446307496,0.15473589769576535
0.651822827245585,0.45530076011774767
0.7166453877053827,0.39941460490563685
0.3020930803185977,0.6813852345222173
0.4893158031455216,0.15935581390026954
0.39844002228476016,0.6928430835472383
0.20976621136106077,0.4857188030870212
0.5680794078195852,0.7958428292753439
0.16183862510287783,0.6927403295049963
0.46089703038117413,0.6230288735815499
0.5047497971493362,0.2992025667579732
0.6327228822165147,0.45706289065564576
0.26810040280664005,0.9999999301398219
0.5958977284556779,0.5161122474061948
0.3318376675739385,0.5226293806839024
0.43692817551254315,0.16612624345684424
0.7327595432255158,0.2355628680964088
0.18658749561420684,0.34393978435258177
0.30820120320887856,0.7718016048825547
0.20938968610840325,0.18670283117564068
0.32590907742514164,0.20064258717962247
0.7492962714266223,0.25153404932777335
0.6420273125955189,0.9999999311373244
0.5460643351676211,0.3487541570583872
0.3415462440181045,0.8693570380460578
0.2527917785076377,0.12537413009028597
0.49297810537102515,0.4224769584158494
0.6201329467334111,0.1951592742779873
0.37906753836353113,0.17947833502854138
0.24690460359916244,0.5578333343527859
0.4419696883709445,0.7181504817881645
0.3531171404056317,0.7343571138443394
0.3244496251648217,0.7770080756676734
0.5177977058568994,0.7268704465810956
0.3959325318616784,0.8084363904401393
0.37154962917310996,0.09444498729859063
0.30240559107574816,0.5839517314594183
0.4775314721113073,0.23767789678636575
0.2407599688932871,0.7790671675705916
0.46599123404438947,0.25133636082173183
0.38198796398245083,2.8982352517914478e-08
0.5873837432338358,0.806399959304624
0.2519121257457271,0.39748864456161215
0.5030343026398589,0.33205418544871534
0.2680642957205581,0.7816952830086272
0.606810790699901,0.17356192038574747
0.49767083018699054,0.24789379327469518
0.5220036625568012,0.35259113911982
0.7465854962715142,0.36093776189709814
0.40722507992521395,0.7098686174486488
0.33000374895422846,0.0802922507051207
0.34056335397868276,0.6065027685655231
0.5348540203437526,0.5889485577160727
0.4422691756743111,0.6022969281825148
0.6448147809480185,0.8349207465504769
0.43492282907494806,0.30841238894814893
0.1974804855353307,0.6696502939613573
0.425280026948474,0.31239284193010164
0.34851706448248887,0.8439144666659928
0.4446535674847829,0.2411066619125215
0.641824746681229,0.9999999242416209
0.39259322472316693,0.49966278644746254
0.2973996885893606,0.1805302083279372
0.3796045437760669,0.03298705342169228
0.5377158032869369,0.29532681990298926
0.30617088188915975,0.9034147766049827
0.5034307448458057,0.5377108047714003
0.12283803151127826,0.9444604296231276
0.29017106459265385,0.6900205564344439
0.15610831104863632,0.2987929647693228
0.5390989845058116,0.716426040147212
0.3978586293919917,0.8778220451712286
0.5633346092678599,0.5703988299167264
0.4179171963228905,3.100433687563964e-08
0.401483363230978,0.8463462997210911
0.6117768205051117,0.6685279827204624
0.41308783272853855,3.595811293166662e-08
0.26758694482241907,0.6449310674646114
0.5120422709243004,0.7266005785258045
0.38460333812489056,0.34434202433104844
0.2926657743629213,0.8610071684058198
0.1946892922849064,0.17537291345825068
0.25376856585833707,0.7975226423998123
0.4693164829905325,0.24972566659887718
0.6799241398890392,0.8009240962206192
0.39243991254980903,0.7519194904319733
0.44290843408828406,0.8442257963441868
0.3961324013042664,0.4328530615069006
0.3193590997202267,0.8040323631066748
0.38116710677650856,0.9999999429301489
0.43539931505531415,0.6522512077944285
0.561463029221112,0.6230555316592188
0.1215095078100652,0.3750159179746788
0.3270992203371814,0.7501940956802926
0.4996256225705591,3.021874306341488e-08
0.47127200732907415,0.6583072159981675
0.4784900224883568,0.5025279998986889
0.3243187310506874,0.4793337566329434
0.5183934235386545,0.8177478468840533
0.48167539265919146,0.9999999318477109
0.4247322516789991,0.16745948300914293
0.30833901897242066,0.8057570657212025
0.5848117587217012,0.5835417673325942
0.23932259872729889,0.44595487459522687
0.5206566364578182,0.6605132333042398
0.35582689847610505,0.861992991897047
0.2577196225478793,0.09341425210222098
0.5769398012002478,0.6501089583751494
0.09542977924752671,0.6956173169360511
0.4214310044695395,0.16879653524992477
0.3166731821744402,0.761194477017888
0.5261393079662544,0.19876668060836877
0.36315985904652415,2.4392559083707965e-08
0.44929311058695465,0.44949336436203424
0.5948354135962406,0.7946798542632223
0.3272206875499135,0.6003687098441475
0.14041075593132923,0.5999104448180006
0.7260955134430054,0.814024327246841
0.39087194067611764,0.34260140784263626
0.44277642032754283,0.8054349732559807
0.5559348306354157,0.863678736283191
0.10351143272676211,0.3117854158592088
0.1464072976607511,0.9999999513529438
0.6246066582431062,0.159499245483822
0.13423435760005997,0.9976405824335295
0.42350986599013174,0.6016364771329279
0.4718864879520255,0.5102001882243776
0.33733848012460577,0.1930429556962494
0.504565233115041,0.19101578769026517
0.5666636441981456,0.701218950582895
0.6378842498509432,0.2747662421000463
0.5882722946864298,0.25064521110608595
0.172413573805291,0.6260062053897641
0.20632795487423605,0.697130130866686
0.5032871814934659,0.38465300656660517
0.3008492627268673,0.999999924630913
0.5996440646828787,0.7018518898345114
0.4505643108694293,0.8450510205608062
0.10087683851830054,0.9999999514975357
0.5322773860578356,0.9999999247128777
0.35436203873707095,0.36044078956241066
0.46001676535687963,0.5281966885620655
0.43393688765626015,0.15579898149597327
0.5634455121465591,0.07355158437238174
0.7037671309976972,0.8319628368342684
0.36704529618539805,0.2625549977520407
0.5758033965200182,0.6930518736250342
0.3822939460077497,0.5459021804341617
0.3866901981256845,0.9482989633614416
0.24493569557475015,0.23676115577653079
0.612666814264982,2.713344926519312e-08
0.41386891480433086,0.9999999273852431
0.538209271520881,0.31536382761703763
0.5735923854184439,0.3357786476571718
0.41318306274747885,0.44800503913393896
0.13222308540673078,0.7502033949097431
0.27091103830560037,0.3506464378175309
0.3616467889863175,0.7911786513660317
0.21332894166532057,0.8114309614886963
0.19225553733056078,0.5913276607478508
0.5709706038629565,0.590693012721907
0.5454697419015231,0.7613978981505554
0.47074243441481967,0.6521063878044266
0.13475718798270409,0.35473209356271695
0.6999178582825003,0.7816879587937571
0.33204935549637593,0.6986914643903859
0.41880110320577213,0.3233722136938084
0.28233049489064443,0.7593874425324572
0.3995474798195433,0.8111775911770103
0.2761807344505707,0.999999926719024
0.5814878833004715,0.15326331607992927
0.5924574733291226,0.627113201902965
0.2198073799109439,0.546669439361164
0.4681622550324902,0.5812968434264931
0.6900717447376095,0.5632997982975958
0.521688200175733,0.5452992917687141
0.6911576057307092,0.03733554266075245
0.6430809217147804,0.31966590986218435
0.3300242157649067,0.7719809881074724
0.5645054309962014,0.4344513114623574
0.3450980077218775,0.805415185793052
0.09189263552746318,0.04558826337554933
0.30396604757370715,0.570953708597763
0.34675323246955037,0.8531774120432445
0.5031019957426639,0.13521945869862861
0.34618227683226044,0.8416160101531425
0.3985994070800034,0.3144364297559257
0.5186761958630699,0.7434528846931414
0.4395338389844432,0.17819906149758324
0.327248740562768,0.9999999222299003
0.41596232268890176,0.4547036447762842
0.5541397129761028,0.8681867664493979
0.3346331132372553,0.7945913488829106
0.550815136024819,0.6865304389889282
0.29985223269738803,0.871424839929837
0.42845501121975893,0.34751327405353294
0.3771456593706586,3.59092489077284e-08
0.4816640573432327,0.2029479186495955
0.43882117072925064,0.8405942760622303
0.35854236955204977,0.3091763794354776
0.37719889266671913,0.870609382691832
0.2661440367514949,0.7537716341225824
0.3137481183360844,0.31418550224864106
0.3825882110587382,0.6600674318310169
0.5958928794181926,0.5247732008952077
0.4237206744828823,0.14092202335558213
0.5297493941834985,0.2100461965503122
0.5113009469564935,0.5666645699161492
0.6303140664772173,0.29977746546459727
0.4043905641807206,0.5837338479803158
0.3500206907661192,3.3568163360087055e-08
0.7023963747777993,0.43935442248053036
0.6554969648462143,0.509121859994405
0.6064287539597126,0.5659037734715326
0.4045025817948771,0.7977490362689927
0.5268495765650121,0.7413554895437287
0.5974669950001643,0.07500952252060955
0.22994044598066177,0.6327304764284385
0.4225361618005681,0.806654469793525
0.21593815964219365,0.40732215095153634
0.33936169503960567,0.032176302356145214
0.43205598169952353,0.16543236085672675
0.4112385236234113,2.5397387304337826e-08
0.26700562843939446,0.221641716220347
0.28214086686015216,0.666612872566489
0.6531631630543617,0.24979578389063306
0.22937276323035238,0.6622020456131636
0.3149468677490539,0.009173501176334753
0.3352020563037654,0.19943847651695634
0.3006445875983079,0.5216958350747589
0.5279790956999579,0.38281270349718
0.5741855981170536,0.7900286609607186
0.38745202532808065,0.9078174255632092
0.3489882443158936,0.7720514157073239
0.4794758203285845,0.7233304823055882
0.7162829900548022,0.9999999376801796
0.3710395323894682,0.3564104949218816
0.3486872263695209,0.5944066962829133
0.5787413450785577,3.4195629439182085e-08
0.6722504063619681,0.3449566873194634
0.6108249379763278,0.32565563133758246
0.403205952182379,7.701110860125482e-09
0.4373381371848839,0.26220599324317106
0.6338469511021665,0.6993100831142982
0.6366534984690766,0.7088941308325758
0.39561188026108285,0.6288835180160319
0.7265775218292307,0.32777600437265164
0.31228903036644473,0.3024951873176711
0.316409833189224,0.498398899321451
0.2289892571127119,0.6117738796868544
0.5263182467049705,0.5224102735658747
0.4481795087960485,0.25415187765680614
0.2522499409417236,0.05720829634949354
0.38762160338412244,0.7492971679596145
0.41406718094652595,0.9999999296925957
0.4542953830850549,0.13952635348288922
0.5648234241645214,0.26146766214941053
0.5780515122220491,0.46397184180673534
0.4600777894134245,0.15309141659524528
0.27955621965921296,0.8583349620652498
0.4721537433253844,0.6067377836508889
0.4393969036545391,0.16635221769767483
0.48415936668669346,0.19336418727099058
0.22800232207952797,0.740808687418415
0.37572286939895516,0.21923725894966495
0.17596759791192973,0.9999999363875247
0.6204884243459521,0.9032664130947126
0.46431506175672776,0.8834255221273359
0.14186747519616993,0.0968833504758031
0.6836059903531062,3.458754704865896e-08
0.24939915343370078,0.2660287046717329
0.6055981959193693,0.03809602454847294
0.336004962959644,0.9999999222269551
0.5821966010428343,0.9821806366144799
0.5113312368105163,0.8310988307004656
0.7445205197574687,0.09109359387689153
0.2899220331330623,0.5629639709255656
0.19587377654841776,0.7288152398018823
0.3963574261181768,0.9999999281700411
0.47742214632349844,0.8302251111551442
0.6991468891738108,0.9294359771987644
0.4812704077166732,0.726744319921611
0.5441650326866605,0.8046347130923053
0.5417399370067937,0.2546618647873622
0.3127022446005605,0.256259222295661
0.41576468763621754,0.654121479801006
0.5755395245125272,0.7117948086698931
0.5133202420608769,0.5566039125280895
0.4069763180391295,0.08385887480391574
0.2397944356780921,0.46697024129025166
0.3796273811698536,0.6123443431600819
0.6412285052535593,0.8532133274185298
0.4956912132594016,0.6409613974839488
0.4449093325800417,0.5973598327711933
0.23158462659604595,0.29977397578326404
0.4338423499656754,0.5458799182592884
0.5326734228340966,0.3004553463770989
0.15291879868207703,0.17585976439254125
0.23440052206912254,0.43216005068719454
0.4196388671606792,0.9985336338707604
0.7927217200923735,0.9999999433129112
0.23585714284711212,0.5242697202253623
0.40261061239979057,0.39223435897498504
0.7106654358508209,0.3608888043667342
0.6142577172962906,0.18993351289363147
0.38948606478266434,0.6350049681071361
0.5391302992156088,0.23799301981341614
0.22446312368371224,0.6709273584515607
0.5193683007564167,0.7118467747277677
0.43903705879473254,0.4674193848169992
0.3870629492770217,0.13932725511966382
0.6564436218207068,0.8123347693516862
0.4283284974286081,0.7466014039194278
0.241563616685458,3.594776742943395e-08
0.4305604026582972,0.4243421176368294
0.37647771845465927,0.29525550357551467
0.6197712566217635,0.3213572415506789
0.16672310957897496,0.8571992723307531
0.5465829967466656,0.47009326625208914
0.3853104182994187,0.57921495158498
0.21295165201154864,0.6149437615663373
0.7185123898369454,0.7918849089491147
0.4424199855355182,0.39154307800967914
0.5435764658537159,0.7707227694799563
0.486689332277932,0.17718989626842685
0.2761813148852972,0.8021183995218912
0.3350715424403714,0.2868245450899529
0.7223621462486287,0.42533137916345964
0.36652894564280913,0.4496069785551988
0.3478861487037106,0.15810085468707413
0.39130228982762816,0.5569015537579105
0.7999655217176747,0.9999999435281701
0.4998518203096096,0.330432847420834
0.3572642765981189,0.1749635151360991
0.49983150452607417,0.24559697381030077
0.7960218645293438,0.7028496788236893
0.12397197434423957,0.10650329316538176
0.4533246690472388,0.22821914761577844
0.41653191532577827,2.732570791863509e-08
0.5738124770120479,0.7853561580257988
0.3940884203775652,0.6773902123964923
0.4798462291743495,0.046363243061147585
0.3892995990229875,0.7974057245967501
0.549373734599369,0.7329316350684358
0.5581983753491326,0.5224705563978063
0.5947257737094374,0.5988438344314524
0.42252417599520786,0.4999249008059259
0.20717025098687003,0.41042344017851207
0.19767574225810014,0.1717515867232109
0.3933536470615513,0.3001896258285619
0.25685337234496153,2.7310505856803502e-08
0.34525980690639635,0.7689014620497687
0.29853884637644246,0.2134165942817745
0.523994022268325,0.12207219264687552
0.6227868284500073,0.34044221542929165
0.6271389181930691,0.8930613706311199
0.17636593789533572,0.05069222941328633
0.29260036730228745,0.9999999343784332
0.3024982279405801,0.6527459856667903
0.5142714449211345,0.26765683207651136
0.3150871467974308,0.8177303342871625
0.28356216439153403,0.2737741558263096
0.557870686557628,0.6453822872810733
0.41624138254520604,0.23208927938919288
0.5203392473055382,0.45683573264491173
0.38464556875182465,0.7677910450460033
0.7075320465406514,0.5259879734939901
0.5296335661010838,2.9002322321503016e-08
0.28707569595163784,0.780903481469732
0.3402245021061283,0.7069146825188639
0.3871627645696756,0.5833111135875413
0.5729403636333563,0.44289015857994585
0.7135661686386197,0.3513758602255912
0.4713455499715886,0.7302003661610961
0.577103620216723,0.8985514750794081
0.37281299535940393,0.9999999222072198
0.2853547253447064,0.3275084221083482
0.6227558369839112,0.8165140665192148
0.1905153647111093,0.1804588632159394
0.5306778888158274,0.598718036531448
0.5369605805738447,0.5219907049393093
0.6376606619500631,0.7276044941742761
0.109950346625455,0.9999999394606469
0.6520849934736144,3.3202024241063555e-08
0.46337162402483,0.6036978336376642
0.6117656344965621,0.39857829047487314
0.41345908091541794,0.412329131098474
0.44895970238995986,0.36779747513474703
0.7303153278217032,0.06728371563193747
0.5430603005206218,0.5751499617122526
0.36625959604278524,0.4043176482254367
0.37691656623035064,3.199005860210491e-08
0.3142403875124957,0.2084307089143067
0.619628444494694,0.561457913853932
0.6005569668373032,0.7809700623513081
0.3853258887276825,0.1035810756088793
0.34150559958531534,0.5530558973752377
0.27256221689934357,0.4991906342337984
0.5891657475505423,0.35625981729733525
0.4616226887740389,0.47857740263032866
0.3449686701638792,0.7041042599876022
0.6686269258947397,0.9320184662139219
0.6090297352262923,0.6554121462777935
0.43996864516027845,0.4331710045258177
0.4573492655913163,0.2059035474930191
0.3810026719581585,0.4083364426906151
0.5943729363799837,0.6083271445065606
0.5392636844884868,0.4632561454669002
0.55325674177918,0.24203961564677812
0.582538729740786,0.6739129561394215
0.3321104907272807,0.6929014035272125
0.2449479302347588,0.23796012179173331
0.25082289288756465,0.32298090633253196
0.716986419994337,0.6798392629714307
0.5436464684715183,0.07959943099005429
0.207445353527826,0.641260088973695
0.34427902321519976,0.9999999474495915
0.43610101303035664,0.9999999270613635
0.07223779799240049,0.9999999269342013
0.5167241302570216,0.007895933657103171
0.7528054819475485,0.26499531655327146
0.45377670117846325,0.5993021237300766
0.46597484696502134,2.0555095403551604e-08
0.32587435427936295,0.20079297288228304
0.4701965844412168,0.21344085772820875
0.4491528967105487,0.8313113955066278
0.6299239994888999,0.43512083068640095
0.365920017819799,3.228250733400273e-08
0.4534262813578098,0.39772353285803064
0.7474114186790897,2.0479976825527046e-08
0.39042168363515106,0.9999999278436107
0.5619819141263611,0.6551314715290104
0.3085836665624804,0.4636893833003981
0.2525365506466568,0.17370777191881714
0.3658502298166231,0.999999922660173
0.4592754456474326,0.8648186094553445
0.6991621856194556,0.99999993323053
0.39221430827256976,0.28398915978392836
0.505905421829802,0.7628106648088782
0.22844793818143216,0.13160692040774435
0.3567616469529207,0.24306039972571014
0.13966707357128083,0.71239695475753
0.1547237326039661,0.4384794071802389
0.34777179761094823,0.41657228796242407
0.0925699440779173,0.9691716425904602
0.37962581505563664,0.6943743586389886
0.25735452035922934,0.9196237046203919
0.15473019445328795,0.40265187971308336
0.778576633444584,0.8002258039735644
0.2552961719732436,0.4556401395651797
0.18518735386777374,0.28880550790243475
0.5049857395339146,0.5642141444432767
0.2926442041070536,0.5290099106057795
0.3818201301798996,0.8039859505088423
0.4253123095844833,0.8178642615819989
0.48925905247686385,0.45271598260453416
0.6038306941415361,0.9999999390656242
0.22397845403614403,0.999999936237284
0.5855926563428748,3.2616174650001994e-08
0.17103774139844985,0.6466706433463223
0.19843902714672446,0.18860154174075205
0.5085340371149267,0.5699729847103612
0.17912625574793273,0.7710589128126273
0.19960975493047695,0.8410564061194954
0.4387216520326187,0.3091089683784922
0.7278201081235403,0.04006788485924773
0.5545795145848262,2.320168235314668e-08
0.09446094937821448,0.09523873510844894
0.4520814720804598,0.7322857532519045
0.38761527545682295,0.5924756750668401
0.1384271416410643,0.6369674393766971
0.38662683137369447,0.6536263917230407
0.20526913254813017,0.46513740303728923
0.421399109603819,0.3931836269238218
0.4481298064686894,0.4760903574042459
0.6396665317676677,0.7681206184009888
0.6833704578567552,0.5912866120862219
0.26056750231134274,0.9999999223416296
0.4089182562276812,0.8086118004024563
0.17246466692240414,3.5944264453746655e-08
0.3254962140297808,0.6109047268770844
0.285837962465723,0.08271938858051087
0.507409950944611,0.44933296263855027
0.14719307654949843,0.8501470016426964
0.30143955601950845,0.8142444247331326
0.5538537906704941,0.6129562309230074
0.4546753694958876,0.5288358171452288
0.4073636303566093,0.4010805149460346
0.4137233421054236,0.18517420509219917
0.46327939148534547,0.08788697997329464
0.24575166691752504,0.4385675715488411
0.35006653797449294,0.3355332080360327
0.5110641976201933,0.7146449907664625
0.3103035371432936,0.44219942182015615
0.519356528341846,0.84682161758208
0.4990860545703768,0.4066586412863131
0.3086294954997735,2.32647074938086e-08
0.48864755571078033,0.15695389789152614
0.5631246008694202,0.21480795053787105
0.3927531220731941,0.3196723347652295
0.636835099957016,0.7012916422226709
0.32281477065159647,0.9999999294572852
0.5990109713214147,0.1415024117233301
0.24788874701558017,0.2479133636099604
0.5177208793088459,0.343328255393061
0.46633644040445743,0.37310514641841763
0.4442402845913942,0.6331416006665442
0.4613905050967748,0.3138126979218221
0.5327665988186432,0.9921297145793062
0.35278435379709405,0.9999999251152971
0.5518701677014133,0.3545374763490017
0.5551673369734771,0.06250535753778408
0.34085063905000634,0.7908386003966257
0.5542805546846106,0.7865898637768964
0.6208066164409649,0.27862549727220554
0.40583084006281345,0.36034103160709563
0.6012733745547649,0.20515873817255326
0.42373102320267275,0.24782420069977817
0.5746703069574517,0.6920288222647528
0.36499384169583227,0.4017195590945626
0.6858126484634712,3.210576693390976e-08
0.4655453398914742,0.690320146429265
0.6291867766406845,0.05696065073230727
0.7080318554362677,0.375797539997599
0.4867870538737771,0.5860837936924099
0.5452293001035353,0.28695982398101805
0.6090446113181263,0.3186357163771376
0.23319637383205905,0.43383906221363233
0.2751460547356088,0.20475766570845977
0.44551746522119107,0.46424398776410314
0.25278992355308416,0.12548410642633812
0.4606907505808753,0.39083668325216436
0.48876090277157536,0.7470863359681417
0.22846605908259798,0.3933769404242682
0.38712470608918537,0.491104721396205
0.3310298735192472,0.6923147432437737
0.6389840873448156,0.40386678995071534
0.171012407011919,0.5682758535249448
0.41373246209635495,0.32730841108799424
0.6490716345120053,0.31510654939805605
0.41436493762282334,0.15158769104704817
0.5222991695081571,0.5157404868692588
0.37031910576717264,0.6481811899375138
0.4671830291453225,0.41651017198518403
0.3370311464580342,0.845794795455511
0.3724372751378744,0.7268207163476852
0.45658281549489566,0.18334753924283476
0.7031352481158999,0.884466704381655
0.43491327258727264,0.2379111897222579
0.3693131301526238,0.6582572430043143
0.4919273906686854,0.17290024728742992
0.3130197294639232,0.7131274331299444
0.34371875082917214,0.7871036408071816
0.7031426505429739,0.8843959186046781
0.46923533200277134,0.8108861291476543
0.27793637047565634,0.5666266057456397
0.19915326148694446,0.5477905996023971
0.6020153348401047,0.7740722348979361
0.3997978918588334,0.7125169455361338
0.3665073281292015,0.4502072703961275
0.5761392137497654,0.5353535432894354
0.38633005036751866,0.30336275731683315
0.3734573164811654,0.35168151507585677
0.38186117546846,0.2965056366573684
0.411628188424328,0.2247610155605173
0.4950547336115312,0.8154013551676549
0.3738705256319421,0.46768820431914193
0.6259020280477712,0.4044979183039281
0.6529378825080312,0.36315310111553956
0.3598768071486007,0.7020730258216439
0.423618712901495,0.3784292310119284
0.3311219581360416,0.6954036350145536
0.6026296405627201,0.7751863467690683
0.5467952870564816,0.7267494177873068
0.4349553045494754,0.8484020299159667
0.251297869908643,0.5276738902794555
0.6207926445104475,0.7849127998845802
0.571725359716373,0.6571086356078659
0.6223387712055595,0.6374901100580352
0.5385918641822314,0.5061686746059308
0.5703029502947992,0.14815882230920963
0.38008799927228365,0.31084819145861786
0.2138406507758286,0.17750272807284517
0.36265712102744985,0.7609961033452066
0.4520402428754795,0.7318330074841981
0.49481007369606855,0.6274013803093403
0.35239297753386767,0.23339579592391857
0.5175345569490744,0.6813967708309079
0.5298223618135776,0.49610554101592186
0.5265226679830084,0.9999999244264757
0.7164172930894881,0.0061547731018762875
0.19653586254092037,1.5718303103540165e-08
0.4490589172876498,0.5633713349345619
0.6753049893184002,0.17613504186733664
0.532555617736076,0.30160272853296277
0.5173117447024782,0.20235006984210102
0.6449939984716013,0.7657198925174384
0.24170746218649564,0.9999999244610933
0.1658512904404672,0.5341483692140407
0.3205314910362471,0.38009776883207635
0.3686373851600355,0.6499600183393746
0.6880626884306604,0.3539633722441877
0.37020109549830993,0.21991437574663308
0.17507792521976118,0.9118276652064701
0.3416855060193269,0.1491548950487136
0.3789968510814492,0.7495679948324501
0.40510699246309745,0.5205712082215328
0.23893696871591574,0.4904355506493445
0.46957636548108317,0.21164413638236823
0.44338469444162154,0.28967550914069307
0.3053390605877788,0.30984739388836857
0.5738362362830536,0.9999999220956504
0.5856465021297739,0.45559944053453094
0.2163377835650344,0.4262677247294171
0.3580493558999529,0.8688705036532518
0.36154371352848047,0.7088808426250175
0.23447632329807666,0.4632183878392979
0.4844103608017192,0.9999999356982237
0.10320692862834502,0.28088067325110444
0.41431934190890685,0.6732909387606867
0.5202632587103073,0.9999999239412922
0.16664906064894502,0.2896696938175616
0.6825485825074895,0.6034920624055502
0.47796700302637873,0.31654732360594906
0.6842698020821336,0.13198502131903567
0.5117460994808103,0.66596285130694
0.721595888076703,1.1833087398827047e-08
0.6208005599350082,2.3515617897373886e-08
0.32354460824719933,0.20664609965112746
0.2518111357917734,0.8307150788204041
0.42884304532144,3.401363812827185e-08
0.4496764969883156,0.9999999328070999
0.38832311940768616,0.9999999248062181
0.36961246891197375,0.2770503343121824
0.5980565534592315,0.7345189254119617
0.6249161978972735,0.15857152201695612
0.2579439338253553,0.9999999230828926
0.3385968543079225,0.5504685553826398
0.6014344971166232,0.7672043117151546
0.5988415176676263,0.32917432558217286
0.38623253731675256,0.5956773516517124
0.3950885291765167,0.6881029671211003
0.41363532110080037,0.8599629910421811
0.6055905519694496,0.03817534052052807
0.22530345282002706,0.7400788297484553
0.36292128069216334,0.47880620036013966
0.22817089017752323,0.806588159277414
0.1277908732640185,0.02274561489587157
0.7232210812295707,0.4568007732979815
0.5899457606371308,0.2660061676499872
0.5622336878172991,0.30756827720105306
0.6534505173017373,2.6564705990494986e-08
0.3147968972754085,3.4221571354464686e-08
0.6618090061168465,0.6161661738452651
0.1911949069811434,0.8672338550789824
0.47292280557736355,0.4408342540686512
0.7563749827240671,0.7292668706384831
0.25781224406664327,0.2994735979676655
0.35290734934312784,0.8220847962741793
0.7392225366109497,0.7570675221693399
0.5416537539842494,0.8888198031390999
0.6024019276290433,3.476030840943167e-08
0.5061775638431447,0.34832897081293623
0.47451669054165135,0.9999999317587438
0.3998743060391061,0.31514242043834884
0.35979281459743984,0.8668494633817261
0.7090205068971791,0.9999999448680938
0.4413982534658616,0.47224379041491815
0.460048323660037,0.9999999245022337
0.4061299672535057,0.3975604838695439
0.33938079841039404,0.3828270990417586
0.5188795087809357,0.5384283764556805
0.5276074725440405,0.6628124712265517
0.20046273946677307,0.11842738825042787
0.4504487525574965,0.343553865225374
0.44097983661914064,0.5392008567291313
0.5686901616456455,0.15803024968375468
0.2680164942294625,0.5592477232815583
0.5000572199375748,0.30974417149464273
0.2916241509369448,0.6892455428678623
0.3024544374805367,0.6335901301287947
0.3982791767261866,0.3135506603520213
0.3698599840392842,0.4018532827426391
0.30299930353540105,0.6741631860995589
0.3118798984538089,0.23066425627376574
0.41586765814890914,0.3234176956555821
0.5136551983098281,0.16032237973502106
0.10321012308847433,0.2807414895444893
0.46187577517904144,0.6424886714029014
0.39871453866897877,0.6904544425240964
0.5277339866097455,0.6865816590448546
0.3501699285724782,0.7640691702498827
0.6788171776360477,0.9999999774477466
0.5124915206220555,0.710657159083663
0.4961027177296442,0.9999999252385656
0.2901624010935149,0.5752038647746929
0.5703247502842266,0.7268036785786904
0.3170182762431146,0.41952650718929974
0.5000583827132599,0.416861322790286
0.2317626730564064,0.9999999457784625
0.4898584564071684,0.5383712726980967
0.3034377471672318,0.7714896973710843
0.6427214268467756,0.8427595776516981
0.14556776329387677,3.5854103686006056e-08
0.435823146307484,0.3423487317209606
0.28160903680200144,0.7633017718142732
0.4809026571228596,0.5886896764297909
0.5054540932901963,0.16034840943872908
0.22854320995704525,0.13149385384733847
0.3837318753249743,0.20749187498218902
0.4336972658620031,0.3885188038387213
0.18955300821929288,0.525299676290576
0.10822948364107932,0.1397416989618563
0.38401424284120544,0.8093031871083838
0.4616488102630205,0.6237706208504719
0.6985068658149229,0.4926017087014358
0.4054031163443055,0.25090871910600754
0.2730997547975207,0.8265977959326705
0.13809694841503584,0.6102478462716014
0.34947232347482693,0.6027607797246226
0.24434462636225618,0.7842439022572023
0.4224581827970364,0.7787290428580178
0.3561672387278043,0.8644465043930367
0.6001229273127446,3.301597217841845e-08
0.10811104479115619,0.13801752306013526
0.2648221411450762,0.27534151738210966
0.2520637213150567,0.2147340364365995
0.4703013782493861,0.26104853168877185
0.4677320928796185,0.5146835724478258
0.3170875865952776,0.7522170339635856
0.28544821417454447,0.39351457709742377
0.4096816062714703,0.3237109068352808
0.5447535311096336,0.9442500747236018
0.5832239912634756,0.780518530447317
