0.4894409,0.4993896
0.9240723,0.4851074
0.8661499,0.505249
0.8564453,0.4976196
0.8754272,0.4833984
0.8673706,0.5093384
0.9424438,0.4921265
0.8553467,0.505188
0.9428101,0.5158081
0.9185181,0.4920044
0.9362183,0.5170288
0.6398315,0.5076294
0.9088745,0.5220947
0.8953857,0.5039062
0.5198975,0.1237183
0.930481,0.4973145
0.9492798,0.5004883
0.8469238,0.4164429
0.7932739,0.3219604
0.8832397,0.4866333
0.8450317,0.4956665
0.8391113,0.4761963
0.4680176,0.4993896
0.927002,0.5097046
0.9013672,0.5204468
0.6188965,0.4962158
0.9329224,0.5005493
0.6851807,0.1947021
0.9256592,0.4764404
0.9215088,0.5223999
0.8505859,0.4991455
0.842041,0.4815063
0.9216919,0.4976807
0.9376831,0.4935913
0.8995361,0.4744873
0.9428711,0.4794922
0.8369141,0.4991455
0.9072266,0.4807129
0.8518677,0.479187
0.9380493,0.4500122
0.8804932,0.5140991
0.7527466,0.2179565
0.883728,0.5206299
0.5419922,0.5287476
0.7941284,0.4979858
0.855957,0.4753418
0.9171143,0.5064087
0.5950928,0.498291
0.9293213,0.5029297
0.940918,0.4963989
0.7196655,0.2698364
0.8184204,0.3954468
0.8436279,0.4998779
0.906311,0.5200806
0.8807983,0.4661255
0.479187,0.4957275
0.9282837,0.4736328
0.6686401,0.4979248
0.9397583,0.5199585
0.932312,0.507019
0.741333,0.5005493
0.8782349,0.472168
0.8624878,0.479187
0.9175415,0.5059814
0.8127441,0.4994507
0.7124634,0.2115479
0.6484375,0.5018921
0.9219971,0.494873
0.621582,0.4991455
0.5787964,0.4968262
0.6196899,0.4985352
0.4776001,0.4975586
0.9613037,0.50354
0.8627319,0.4864502
0.8843994,0.4979248
0.7037964,0.4990234
0.9440308,0.5148315
0.9293823,0.5007935
0.9050903,0.5010986
0.93927,0.4976807
0.5864258,0.5003662
0.7906494,0.3312378
0.9209595,0.50177
0.9450684,0.5001831
0.8900757,0.4793091
0.9401855,0.4811401
0.8811035,0.4932251
0.8388062,0.4744263
0.619812,0.4989624
0.8963623,0.4980469
0.8548584,0.4787598
0.8892212,0.5018921
0.8482666,0.4588623
0.6878052,0.4986572
0.8791504,0.4905396
0.8753662,0.4972534
0.8312988,0.4777222
0.9335327,0.4973145
0.8761597,0.4735718
0.8695679,0.4549561
0.9388428,0.4813843
0.7017822,0.4986572
0.87677,0.4790649
0.878479,0.4666748
0.9370728,0.5107422
0.9192505,0.4909058
0.800293,0.2949219
0.6478882,0.4991455
0.9407959,0.5090332
0.9495239,0.4699707
0.8922729,0.5010376
0.8695068,0.4986572
0.8900146,0.4165039
0.7062378,0.2359619
0.9285278,0.5101318
0.8669434,0.496521
0.8978271,0.4771118
0.9397583,0.4788208
0.9238892,0.5129395
0.8847656,0.5001831
0.8656006,0.4960327
0.8626709,0.4957275
0.477417,0.5029297
0.9345093,0.4754028
0.8341064,0.486084
0.8675537,0.4776001
0.8331909,0.414978
0.8775635,0.4969482
0.5741577,0.4971924
0.9276123,0.4866333
0.835144,0.480835
0.8304443,0.4838867
0.9404297,0.501709
0.8937988,0.494751
0.8812256,0.5203247
0.9224854,0.5220947
0.5248413,0.4976807
0.6050415,0.5130615
0.7577515,0.4970703
0.8659058,0.4793701
0.8309326,0.4752808
0.6182251,0.4979858
0.8721924,0.4750977
0.723877,0.5133057
0.895874,0.477417
0.8965454,0.4744873
0.8710327,0.4716797
0.9007568,0.5202637
0.9098511,0.4992676
0.9382935,0.5184937
0.8525391,0.4822998
0.6668701,0.4974365
0.8600464,0.4088745
0.7528076,0.500061
0.8474731,0.4748535
0.9152222,0.517334
0.9084473,0.5209351
0.9135742,0.5231323
0.8504639,0.5007324
0.8552856,0.4042969
0.9126587,0.4943848
0.8544312,0.4771729
0.8722534,0.4539185
0.8683472,0.437439
0.8745728,0.4751587
0.5449829,0.4975586
0.8635254,0.4562378
0.8551636,0.3977051
0.8302612,0.4846191
0.9503784,0.5013428
0.9030762,0.484314
0.9454956,0.5099487
0.8772583,0.4714355
0.9269409,0.4985962
0.8818359,0.4957275
0.8405762,0.4730225
0.9321289,0.5649414
0.911377,0.5183105
0.9401855,0.505249
0.7843018,0.4990845
0.9135742,0.477356
0.9237061,0.4866333
0.8519897,0.4449463
0.8409424,0.4840088
0.9428711,0.5197144
0.899353,0.4873047
0.923645,0.494873
0.8995972,0.4896851
0.9123535,0.4985962
0.5479126,0.4859619
0.9384155,0.4821167
0.9500122,0.5018921
0.8847656,0.493103
0.8657227,0.472168
0.9130859,0.5203247
0.8966675,0.4990845
0.7545776,0.8555908
0.8396606,0.4088745
0.9291382,0.5194702
0.8795776,0.5150146
0.8740234,0.491394
0.8613281,0.5022583
0.9411621,0.5112915
0.9065552,0.5205078
0.9378662,0.4871216
0.8432617,0.4993896
0.935791,0.5078125
0.8733521,0.4345093
0.921875,0.479126
0.8588257,0.4979858
0.8622437,0.494873
0.8613281,0.4998169
0.8995972,0.5114136
0.5358887,0.49823
0.8746948,0.4769287
0.7195435,0.4989624
0.8625488,0.4679565
0.9337158,0.4984741
0.9224854,0.519165
0.8074951,0.3693848
0.8743896,0.4805908
0.8805542,0.4859009
0.8304443,0.4889526
0.9185181,0.5167236
0.9155273,0.5222778
0.9630127,0.5083008
0.8662109,0.4721069
0.9351196,0.5197144
0.8682861,0.4640503
0.5891113,0.4992065
0.9459839,0.4998779
0.8790283,0.4989014
0.8890991,0.4744263
0.8145142,0.3442993
0.8259888,0.447998
0.9472046,0.506897
0.8669434,0.5046387
0.7783203,0.3219604
0.9510498,0.4915161
0.9345703,0.5021973
0.8395996,0.4628296
0.8623047,0.4849854
0.9264526,0.493042
0.8421631,0.4750977
0.8480835,0.5009766
0.947876,0.5037842
0.8179932,0.3979492
0.7999878,0.333374
0.7929688,0.4987183
0.9240112,0.4879761
0.9440918,0.4807739
0.7655029,0.4971313
0.8643799,0.493103
0.8917236,0.5114136
0.9416504,0.4998779
0.8361206,0.4502563
0.8924561,0.5217896
0.9243164,0.5230103
0.9307251,0.4859619
0.8742065,0.4829102
0.9041138,0.5246582
0.8814087,0.4985352
0.9306641,0.4856567
0.9141846,0.4725342
0.7985229,0.4989624
0.8202515,0.4168091
0.6732788,0.4978638
0.8691406,0.3215332
0.9125977,0.4835205
0.9385376,0.4890137
0.8753052,0.4754028
0.9004517,0.4957886
0.8659668,0.4951172
0.8781128,0.4771118
0.9173584,0.5135498
0.9246826,0.5189209
0.8980103,0.4810181
0.878479,0.4576416
0.9113159,0.4865112
0.9317017,0.493042
0.8251343,0.4985352
0.5427856,0.4988403
0.6577759,0.4985962
0.8757935,0.5095215
0.8873291,0.5183716
0.7631226,0.3328247
0.9171753,0.4875488
0.8943481,0.5234985
0.8949585,0.4802246
0.8619995,0.4747314
0.8289185,0.4963989
0.8874512,0.522644
0.9412231,0.5168457
0.9317627,0.4864502
0.8986816,0.4884644
0.9226074,0.5220947
0.8297729,0.4974976
0.8483276,0.4763184
0.9285278,0.4992065
0.9483643,0.5040283
0.9439087,0.4804688
0.9111328,0.4793701
0.8601074,0.4750977
0.9030151,0.4802246
0.9494629,0.4882812
0.7427368,0.4960938
0.8905029,0.4876099
0.8848267,0.4761963
0.9503784,0.5036621
0.9319458,0.5108032
0.935791,0.4882812
0.5762939,0.4989014
0.9399414,0.5044556
0.9130859,0.5614624
0.9399414,0.4899292
0.9143066,0.4846191
0.4692993,0.5055542
0.8401489,0.4990845
0.8563232,0.4760132
0.8531494,0.5090332
0.9127197,0.5001221
0.8452759,0.4331665
0.9197998,0.5239258
0.9235229,0.4955444
0.942749,0.6400757
0.9263306,0.477356
0.9541626,0.4905396
0.8882446,0.4938354
0.7910767,0.3498535
0.8777466,0.4423828
0.9104614,0.5075684
0.6366577,0.4997559
0.7584229,0.5002441
0.9168701,0.4944458
0.8586426,0.4859619
0.8622437,0.5092163
0.5509644,0.4977417
0.8748779,0.5023193
0.7869263,0.345459
0.9370728,0.5082397
0.9337158,0.4979858
0.7055054,0.4963989
0.9398804,0.4902344
0.836731,0.4990845
0.8513184,0.5045776
0.8764038,0.4750977
0.8980103,0.503418
0.8634033,0.4832153
0.8773193,0.5014648
0.8616333,0.4734497
0.9055176,0.4818115
0.8970947,0.5150757
0.9331055,0.4916382
0.8864136,0.6654663
0.8486328,0.4918213
0.8752441,0.4829102
0.9265747,0.5174561
0.4678955,0.4989014
0.923584,0.4981689
0.8623047,0.4992676
0.8155518,0.8157959
0.8283081,0.3165283
0.9370117,0.5119019
0.9177246,0.5053101
0.8323975,0.4680786
0.9182129,0.418396
0.8722534,0.5221558
0.817688,0.3262939
0.9388428,0.5166016
0.8496704,0.479187
0.916748,0.4927979
0.7091064,0.4990845
0.7997437,0.4987793
0.8491211,0.5037231
0.8991089,0.4897461
0.911438,0.6555786
0.9228516,0.5236206
0.9345093,0.4869995
0.8926392,0.5089722
0.9000244,0.4804077
0.732666,0.4992676
0.9144287,0.4863281
0.8296509,0.3481445
0.5349731,0.4979858
0.9151611,0.5111694
0.697937,0.4978027
0.8765869,0.6803589
0.9057617,0.5048828
0.809082,0.2957764
0.9143677,0.5178833
0.9295044,0.5146484
0.7370605,0.2467651
0.9447632,0.487854
0.8710938,0.5206299
0.8934326,0.4961548
0.8674927,0.4993896
0.9356689,0.5044556
0.7614746,0.4995117
0.8744507,0.4912109
0.8370361,0.4608154
0.9122925,0.505127
0.9185181,0.625061
0.8945312,0.5091553
0.9116821,0.5216675
0.5740356,0.4884644
0.6748047,0.4974976
0.6240845,0.4977417
0.6824951,0.3161621
0.8757324,0.4779053
0.6264648,0.1387329
0.5185547,0.4998779
0.9066772,0.5180664
0.8345947,0.4698486
0.9161377,0.5083618
0.9215698,0.508728
0.9354858,0.5123901
0.9388428,0.5070801
0.9418335,0.5167847
0.9489136,0.4842529
0.8554688,0.482666
0.9263916,0.4881592
0.8294067,0.4979858
0.9087524,0.4898071
0.8997192,0.4954834
0.8422241,0.4988403
0.8479004,0.4494019
0.7739868,0.5001831
0.899231,0.4793091
0.9379883,0.50354
0.8847656,0.5228271
0.9128418,0.4829712
0.9395142,0.5060425
0.8690796,0.4900513
0.8679199,0.4694824
0.94104,0.5172119
0.9057007,0.4993896
0.9244995,0.4971313
0.9452515,0.4741821
0.8444214,0.7128906
0.732666,0.2719727
0.9395752,0.5162354
0.734375,0.7550049
0.8704834,0.4702148
0.7648926,0.4800415
0.786438,0.2426758
0.9241333,0.5115967
0.8220215,0.4281616
0.9307251,0.4854126
0.7133179,0.4995728
0.8960571,0.5090332
0.8331299,0.4699707
0.6921387,0.1314087
0.6550293,0.4968872
0.8690186,0.418396
0.9299316,0.4908447
0.9370728,0.4803467
0.9436646,0.5098267
0.8730469,0.5045776
0.9282837,0.5019531
0.8779907,0.4578247
0.8360596,0.4789429
0.8886719,0.4910278
0.8369141,0.4851685
0.9064941,0.487854
0.9127808,0.487915
0.8525391,0.4592896
0.8754272,0.4920654
0.8482666,0.4616089
0.8939819,0.5144043
0.8574829,0.4101562
0.8892822,0.5180054
0.8325806,0.4995117
0.9254761,0.4865723
0.9512939,0.5026855
0.9346924,0.5090942
0.8588867,0.4700317
0.9237061,0.4764404
0.9135742,0.475647
0.8155518,0.5002441
0.9411011,0.5294189
0.907959,0.4807129
0.8860474,0.4726562
0.8815918,0.4779053
0.866394,0.4665527
0.9199219,0.5233154
0.8867188,0.4442139
0.873291,0.4876099
0.9285889,0.4769287
0.8800049,0.4922485
0.6166382,0.4915771
0.8375854,0.47052
0.8606567,0.468811
0.892395,0.5237427
0.8762207,0.4993896
0.883667,0.5033569
0.7728271,0.4990234
0.9515381,0.5037231
0.4705811,0.4974976
0.8444824,0.484375
0.4702148,0.4887695
0.8790283,0.5441895
0.8780518,0.4973145
0.8545532,0.4647217
0.894043,0.4743042
0.8567505,0.4842529
0.9578857,0.5
0.8701782,0.4985962
0.9139404,0.4884644
0.885437,0.4813843
0.8378906,0.4049683
0.8618774,0.4820557
0.8481445,0.4848633
0.9037476,0.4793701
0.6983643,0.4970703
0.8294678,0.3687744
0.7298584,0.4978638
0.9210205,0.4915771
0.8372803,0.484375
0.8701782,0.4724121
0.8355103,0.3330078
0.9378052,0.4910278
0.8721313,0.4735718
0.4963379,0.4998169
0.8548584,0.4915161
0.8964844,0.494751
0.8466797,0.4759521
0.8777466,0.4924316
0.8712769,0.4775391
0.8363647,0.4925537
0.8654175,0.4933472
0.5946045,0.4993896
0.8982544,0.524231
0.6135864,0.5018921
0.9233398,0.5137939
0.8629761,0.4787598
0.9328613,0.4863892
0.9049072,0.5177612
0.9368286,0.5026855
0.5009766,0.4975586
0.9325562,0.5166016
0.8902588,0.5241089
0.8562622,0.4302368
0.6085205,0.4995728
0.8873901,0.5209961
0.859314,0.5023193
0.9372559,0.5183105
0.8466187,0.4967041
0.4951782,0.4990234
0.6599731,0.4975586
0.8435669,0.3855591
0.9224854,0.5150146
0.8604736,0.4957275
0.9138794,0.4933472
0.9376831,0.5066528
0.736145,0.5008545
0.6987305,0.4916992
0.4836426,0.4994507
0.8532104,0.4749756
0.909729,0.4971313
0.8741455,0.5073853
0.8651123,0.4516602
0.8851929,0.4848022
0.9093628,0.4883423
0.8769531,0.4716187
0.9425659,0.5060425
0.8989868,0.4970703
0.9298096,0.5172729
0.8742676,0.5153809
0.8677979,0.4874878
0.8519897,0.4315186
0.5076294,0.4981079
0.9345703,0.4769897
0.8664551,0.4945068
0.8621826,0.5171509
0.8377075,0.4515991
0.618042,0.4979248
0.9337158,0.520813
0.8442993,0.4749146
0.8776855,0.5012207
0.9146118,0.4841919
0.8781128,0.4997559
0.5772095,0.4979858
0.8571167,0.4998779
0.8313599,0.3709717
0.885376,0.5012207
0.8348389,0.4193115
0.8544312,0.4838257
0.8900757,0.5046387
0.7717896,0.4979248
0.8439941,0.4846191
0.8635254,0.3579102
0.6027222,0.5004272
0.9338989,0.4745483
0.8872681,0.4709473
0.9481201,0.4802246
0.8803711,0.4699707
0.8502197,0.3588257
0.8980103,0.4769897
0.9199829,0.4924927
0.8126831,0.3599243
0.937561,0.4956665
0.9371338,0.508606
0.8939819,0.5059814
0.8338623,0.4701538
0.8444824,0.4820557
0.8591919,0.453064
0.8720703,0.4873047
0.508728,0.4975586
0.8919678,0.4689941
0.9005737,0.479126
0.9419556,0.5098267
0.916748,0.5215454
0.8106689,0.4208374
0.9454346,0.500061
0.8440552,0.4797974
0.9317017,0.4900513
0.9143677,0.4724121
0.8723145,0.4767456
0.8617554,0.4553223
0.8493042,0.4763794
0.5979614,0.4979858
0.5204468,0.4976196
0.8621826,0.4749756
0.8563843,0.5075684
0.8861084,0.5004272
0.914917,0.477417
0.9207764,0.4974976
0.8788452,0.5088501
0.875,0.5022583
0.9254761,0.4998169
0.5592651,0.4953003
0.5979004,0.1382446
0.8721313,0.5038452
0.9277954,0.5098267
0.9336548,0.4909668
0.9061279,0.5206299
0.8156128,0.3250732
0.8291016,0.4983521
0.5751953,0.4985352
0.7915039,0.7364502
0.8540649,0.4838867
0.618042,0.4979248
0.7178345,0.4985352
0.909668,0.5120239
0.5448608,0.4973145
0.9423828,0.5053101
0.9516602,0.4953613
0.949585,0.4990845
0.9390869,0.5161133
0.873291,0.4812012
0.9022217,0.4750977
0.8787231,0.489624
0.8820801,0.4916382
0.9108276,0.4833984
0.9155884,0.5601196
0.9213257,0.5998535
0.9085083,0.5223999
0.9147949,0.4978638
0.8688965,0.5009155
0.6793823,0.4986572
0.8857422,0.5042114
0.9397583,0.5153809
0.8632812,0.4715576
0.7793579,0.2584229
0.9541016,0.5038452
0.9227295,0.4955444
0.9207153,0.5064697
0.7142334,0.288208
0.9370728,0.4973145
0.8762817,0.5057373
0.52771,0.1368408
0.7564697,0.4981689
0.8936768,0.5237427
0.8566284,0.4782104
0.9301758,0.5093994
0.9383545,0.4877319
0.8810425,0.522644
0.9237671,0.5076904
0.8621826,0.4772339
0.9445801,0.5090332
0.8536377,0.4698486
0.8244629,0.3300171
0.9210815,0.5001221
0.9324951,0.4920044
0.883667,0.5004272
0.6813354,0.4987793
0.875061,0.4829712
0.9000854,0.5219727
0.8389282,0.4832153
0.8614502,0.4696045
0.9193115,0.5232544
0.8371582,0.4943237
0.9493408,0.498291
0.9534302,0.4981079
0.9243774,0.519165
0.9068604,0.4734497
0.8807983,0.5223999
0.6633301,0.4987183
0.9370117,0.5066528
0.9234619,0.5073242
0.7583008,0.4981079
0.9192505,0.4915771
0.9143066,0.4951782
0.8632202,0.5002441
0.9194946,0.4856567
0.8325195,0.4759521
0.8295898,0.7659302
0.9299316,0.512085
0.9338379,0.4985962
0.8961182,0.5142822
0.8260498,0.4901123
0.8978882,0.5222778
0.9407349,0.5065918
0.5285645,0.4994507
0.9291382,0.4842529
0.673645,0.4989624
0.9425049,0.4963989
0.9315186,0.506958
0.9497681,0.5045776
0.5725098,0.4992676
0.8768311,0.5007324
0.8336182,0.482605
0.5435791,0.4992676
0.9246216,0.5039062
0.9396362,0.515686
0.9235229,0.479248
0.8787842,0.5169678
0.9194946,0.5228271
0.9433594,0.5003662
0.862793,0.492981
0.770813,0.2958984
0.4779053,0.4979858
0.4641724,0.5096436
0.7988281,0.3042603
0.8596802,0.3658447
0.8583374,0.4650269
0.8777466,0.4794922
0.9301147,0.4825439
0.8972168,0.512085
0.5786133,0.5005493
0.6934204,0.4989014
0.9334106,0.5200195
0.8237305,0.3853149
0.8650513,0.4992676
0.7871704,0.2086792
0.9041138,0.4736328
0.901123,0.4716187
0.8571167,0.5124512
0.477478,0.4984131
0.8780518,0.5029297
0.8911133,0.4976807
0.5823364,0.4985962
0.9108887,0.5122681
0.5724487,0.5005493
0.859375,0.4866943
0.7451782,0.5004883
0.5453491,0.4970703
0.5875854,0.4984741
0.9428101,0.5144653
0.9514771,0.5048218
0.949707,0.5
0.8709106,0.4699707
0.9002686,0.4971924
0.9108887,0.4957275
0.8525391,0.4840698
0.8519287,0.5043945
0.8640747,0.4204712
0.8764648,0.460083
0.8384399,0.3403931
0.9346313,0.5204468
0.9331055,0.4785767
0.8442993,0.3550415
0.8366699,0.3347778
0.4587402,0.4997559
0.8494263,0.4530029
0.9036865,0.4971924
0.8463745,0.4646606
0.9366455,0.550293
0.9309082,0.5263062
0.8948975,0.5130615
0.9109497,0.4969482
0.9396362,0.4995117
0.8717041,0.491394
0.8458862,0.475769
0.8745117,0.5064697
0.9083252,0.4996338
0.8995361,0.4750366
0.854248,0.4992676
0.9641113,0.4893799
0.7677002,0.3389282
0.8442993,0.4954224
0.8436279,0.4917603
0.9294434,0.510437
0.8377686,0.499939
0.9049072,0.499939
0.8344116,0.4643555
0.8703003,0.5098877
0.5201416,0.4987183
0.812561,0.4959717
0.9185181,0.5008545
0.8410645,0.4805908
0.854126,0.4046631
0.8665161,0.5026855
0.4936523,0.4984131
0.5058594,0.5010986
0.8823853,0.5168457
0.9065552,0.4744873
0.928772,0.4986572
0.9017334,0.5064087
0.9439697,0.5157471
0.947876,0.4993896
0.746521,0.4988403
0.9287109,0.4956665
0.8430786,0.4927979
0.9094849,0.4989624
0.9459229,0.4817505
0.8690186,0.5048218
0.914978,0.4803467
0.5866699,0.4983521
0.9138794,0.5168457
0.9428101,0.512146
0.552063,0.498291
0.8637085,0.4934082
0.8681641,0.4798584
0.9039917,0.5262451
0.8356934,0.4620361
0.8693237,0.4482422
0.8568726,0.4815063
0.8783569,0.4802246
0.8962402,0.5148926
0.916687,0.5123901
0.8566895,0.3852539
0.8364868,0.4838257
0.925354,0.5216675
0.9395752,0.4923096
0.8978271,0.4992676
0.932251,0.4945679
0.5079956,0.4987183
0.8731689,0.4752808
0.8988037,0.500061
0.9130249,0.4873047
0.8543091,0.4299927
0.9111938,0.5009766
0.8539429,0.4748535
0.9443359,0.508606
0.8590698,0.4703979
0.8569336,0.4705811
0.6873169,0.5003052
0.8049316,0.4985962
0.9282837,0.5161133
0.8388672,0.5022583
0.9276733,0.519165
0.932312,0.4918823
0.6277466,0.4980469
0.8719482,0.4768677
0.7714844,0.5090332
0.9303589,0.4783325
0.8996582,0.513916
0.6273804,0.4985962
0.8496094,0.4877319
0.4827271,0.5016479
0.7891846,0.4987183
0.9225464,0.5114136
0.8520508,0.4845581
0.8835449,0.5120239
0.9202271,0.5239258
0.602478,0.4981079
0.9436646,0.4955444
0.8309937,0.3310547
0.9064941,0.4870605
0.9274902,0.5198975
0.7524414,0.4975586
0.7057495,0.4995117
0.8290405,0.4840698
0.8717651,0.4713135
0.9078979,0.4751587
0.8797607,0.4890747
0.9165039,0.5439453
0.9189453,0.479248
0.7008667,0.2086792
0.9035645,0.4932251
0.5255127,0.4975586
0.8765869,0.4868774
0.854248,0.4782715
0.8964233,0.4796753
0.6166382,0.4995728
0.8433838,0.4969482
0.8884277,0.5219116
0.885437,0.5136108
0.9071655,0.4942017
0.6966553,0.4990234
0.5333862,0.5002441
0.7147827,0.4979858
0.9124756,0.5170288
0.9465332,0.5054321
0.913208,0.5056763
0.8787231,0.4995117
0.9367676,0.5097656
0.9049683,0.4963379
0.859314,0.4406738
0.9187012,0.4766235
0.8919067,0.4770508
0.8363037,0.4927979
0.8510742,0.5123901
0.96875,0.4873047
0.9146729,0.4857178
0.8775635,0.4606323
0.7374268,0.8125
0.9437256,0.4877319
0.8348999,0.4851074
0.9078369,0.4754028
0.8600464,0.4928589
0.7042847,0.2249146
0.9094238,0.4777222
0.6513672,0.4981079
0.9212036,0.4242554
0.8799438,0.4884644
0.8625488,0.4002686
0.9191895,0.5153198
0.9368286,0.5106812
0.9678955,0.4940186
0.7778931,0.4980469
0.9342651,0.4971924
0.9257202,0.5147705
0.9094849,0.5179443
0.8810425,0.5194092
0.9092407,0.5135498
0.8690186,0.7240601
0.9415283,0.4838867
0.9016724,0.5148926
0.8103027,0.4924316
0.8862305,0.4924927
0.887085,0.4685669
0.9425659,0.4938965
0.881958,0.4790039
0.8730469,0.500061
0.8544312,0.4672241
0.8630371,0.4981079
0.8394165,0.4813843
0.8218384,0.4994507
0.8868408,0.5097656
0.8884277,0.4985962
0.9084473,0.4770508
0.8504028,0.4979248
0.5389404,0.4986572
0.8743286,0.4902954
0.9599609,0.5008545
0.8753052,0.5060425
0.9376831,0.5133057
0.5596924,0.4975586
0.6386108,0.4990234
0.9006958,0.5043945
0.8918457,0.5064697
0.8814697,0.5081177
0.887146,0.4718628
0.8648071,0.4931641
0.8931274,0.5008545
0.8880615,0.5213013
0.8892822,0.4996948
0.7657471,0.4976196
0.8768921,0.512085
0.7136841,0.2677002
0.6156616,0.4967651
0.8768311,0.4716187
0.6566162,0.4989624
0.7142334,0.4986572
0.5999756,0.4989624
0.9692993,0.4898682
0.7052612,0.4970093
0.7189941,0.4970703
0.9176636,0.5134277
0.8780518,0.7163086
0.918457,0.4849854
0.8297729,0.3803711
0.7963257,0.3235474
0.9013672,0.5240479
0.9216309,0.5005493
0.9115601,0.5128174
0.925354,0.5006104
0.94104,0.5136108
0.9345093,0.4848633
0.5447998,0.4985962
0.8320312,0.5
0.9243774,0.5043945
0.847168,0.4664307
0.9430542,0.4869385
0.8413696,0.4654541
0.8723755,0.4993896
0.8720093,0.4675903
0.6348267,0.4981689
0.692688,0.4985962
0.8821411,0.4731445
0.9161987,0.5212402
0.6697388,0.4992676
0.8861084,0.5168457
0.9291992,0.5161133
0.8835449,0.4984131
0.8926392,0.4801025
0.8514404,0.501709
0.8671875,0.4959106
0.8451538,0.4818726
0.6281738,0.1311035
0.8897095,0.5186768
0.9188843,0.4969482
0.8842773,0.47052
0.8571167,0.4883423
0.8760986,0.5194702
0.8789673,0.5124512
0.8735962,0.4320068
0.9416504,0.5048828
0.8772583,0.5029907
0.9306641,0.5150757
0.6003418,0.4986572
0.5209961,0.4926758
0.937561,0.5012817
0.7772217,0.4978027
0.8840942,0.5122681
0.8556519,0.4306641
0.8419189,0.4776611
0.8566895,0.4840698
0.9549561,0.5004883
0.9403687,0.5054321
0.9576416,0.4994507
0.7052612,0.4967651
0.492981,0.4975586
0.5522461,0.4990234
0.9172363,0.4888916
0.9309692,0.4767456
0.9373169,0.519165
0.9229736,0.4989624
0.9100952,0.5177612
0.9071655,0.4957886
0.5560303,0.05224609
0.8224487,0.4026489
0.9578857,0.5877075
0.9486694,0.4971924
0.8948975,0.5340576
0.9422607,0.5081787
0.8662109,0.5100708
0.8449097,0.4805298
0.9240723,0.5198364
0.878479,0.4989624
0.8800049,0.4985352
0.9417725,0.5167236
0.7477417,0.5043945
0.9390259,0.5065308
0.8424683,0.4626465
0.8858032,0.4746704
0.9690552,0.4873047
0.9227905,0.4991455
0.9216309,0.491272
0.5408936,0.4988403
0.8687134,0.4992676
0.864624,0.4936523
0.9302368,0.5028687
0.930603,0.4813843
0.8292236,0.5003052
0.9694824,0.4881592
0.8710938,0.5070801
0.5812988,0.4935303
0.8556519,0.5046387
0.93927,0.5
0.9389038,0.5061646
0.9244995,0.5211792
0.6619873,0.4989624
0.895813,0.4754639
0.8850708,0.4998169
0.9197388,0.5184326
0.8453979,0.4603271
0.8085938,0.4957275
0.8579102,0.4765015
0.6856079,0.4991455
0.8731689,0.4893799
0.8960571,0.4744263
0.5751953,0.4920654
0.8560791,0.4620361
0.9338989,0.4981689
0.9072266,0.4772339
0.7940063,0.4989624
0.4805908,0.4974976
0.8817749,0.505127
0.788269,0.3637695
0.862915,0.5042725
0.4801025,0.4989014
0.8867188,0.4991455
0.8920898,0.510437
0.8911743,0.4915771
0.6829834,0.4986572
0.8811646,0.5089111
0.8395386,0.4780273
0.9406128,0.4801636
0.6819458,0.4985962
0.7770386,0.5003662
0.8626709,0.4912109
0.8078613,0.4997559
0.8414917,0.4980469
0.5126953,0.5004883
0.8739624,0.4797363
0.9306641,0.4956055
0.8823853,0.4955444
0.8643188,0.4987793
0.916626,0.5047607
0.8691406,0.4691162
0.84375,0.5006714
0.925415,0.4935303
0.897644,0.524231
0.9336548,0.5092773
0.9044189,0.4850464
0.8820801,0.4868774
0.8797607,0.4848633
0.920166,0.4862061
0.9425049,0.5076904
0.8323975,0.3919678
0.8344116,0.355835
0.9136963,0.5233154
0.9361572,0.4802246
0.8329468,0.4431152
0.8359985,0.4841919
0.5693359,0.4984131
0.7666626,0.8222046
0.6482544,0.4976807
0.8816528,0.508667
0.8619995,0.5008545
0.9208984,0.5402222
0.9473877,0.5022583
0.7387695,0.4995117
0.9480591,0.5054932
0.8473511,0.47229
0.9238892,0.4886475
0.9000244,0.5045776
0.9342651,0.4983521
0.5809937,0.500061
0.9385986,0.4846802
0.829895,0.4978027
0.6864624,0.8504028
0.616333,0.4985962
0.8880615,0.4993286
0.9385376,0.5078125
0.8411255,0.4998169
0.8184204,0.3155518
0.8978271,0.5172119
0.7513428,0.2402954
0.9281006,0.4837036
0.9163818,0.5166626
0.6891479,0.5009155
0.8377075,0.4559937
0.9311523,0.503479
0.9450073,0.506958
0.9257812,0.5209351
0.9110718,0.4992676
0.8491821,0.4784546
0.9041138,0.4782104
0.8596191,0.4906006
0.8290405,0.4833984
0.8703003,0.4777832
0.9334106,0.522644
0.8293457,0.3831787
0.8314209,0.4047241
0.5783081,0.4974365
0.7607422,0.8369751
0.9194336,0.4817505
0.8486328,0.4933472
0.4807739,0.4989624
0.8815918,0.4509277
0.5840454,0.1953125
0.8687134,0.5147705
0.8540649,0.4689331
0.8858643,0.5068359
0.8666382,0.4852905
0.8966064,0.4755249
0.8643799,0.4825439
0.8365479,0.4731445
0.9298096,0.5012817
0.8677368,0.4683838
0.8466797,0.4777222
0.737915,0.5013428
0.9263916,0.4864502
0.8658447,0.4629517
0.8630981,0.484375
0.9224243,0.5032349
0.819458,0.4992676
0.9171753,0.5202637
0.8011475,0.494751
0.8781738,0.4712524
0.8799438,0.4606934
0.9400024,0.5010986
0.90802,0.4909058
0.5891724,0.1566162
0.4749756,0.4981079
0.932312,0.4883423
0.6851196,0.5007935
0.819519,0.4992676
0.8779297,0.47229
0.8864746,0.5647583
0.8650513,0.4766846
0.8621826,0.4962769
0.883667,0.4796753
0.7733154,0.4974976
0.8867188,0.4934082
0.8771362,0.4974976
0.6221924,0.4968872
0.8892212,0.5220947
0.8566284,0.4996338
0.9200439,0.5025635
0.6002197,0.4984741
0.9266968,0.5093384
0.9415894,0.4995728
0.8538818,0.4697266
0.5710449,0.4980469
0.8781738,0.4761963
0.8438721,0.3908691
0.8635254,0.4345093
0.6409302,0.496582
0.5838013,0.4963379
0.9384766,0.4979248
0.6784058,0.2883911
0.628418,0.4994507
0.9195557,0.4934692
0.9334717,0.5197144
0.9360962,0.5165405
0.5444336,0.498291
0.8828735,0.4282227
0.8660889,0.4954224
0.9232178,0.4783936
0.9096069,0.5040894
0.8864136,0.4728394
0.8466187,0.3250122
0.8480225,0.4679565
0.8814087,0.5030518
0.6899414,0.4981079
0.8804932,0.4674072
0.8362427,0.4863281
0.899292,0.5120239
0.8416748,0.4393921
0.8588257,0.4706421
0.8283081,0.4945679
0.8652344,0.4414673
0.9259033,0.501709
0.871582,0.5054932
0.8710327,0.4871826
0.8842773,0.4876709
0.6484985,0.5016479
0.8346558,0.3582153
0.9058838,0.5062866
0.9154663,0.503479
0.7454834,0.4987793
0.885437,0.4730225
0.5130005,0.4842529
0.9143677,0.4937134
0.463562,0.4983521
0.8994751,0.4796753
0.7794189,0.4996948
0.9124146,0.4833984
0.6494751,0.4993896
0.8638306,0.5023193
0.8664551,0.5158691
0.8927612,0.5019531
0.9257202,0.4848022
0.8986206,0.4892578
0.9260864,0.4877319
0.7853394,0.494812
0.862854,0.4768066
0.8870239,0.4951782
0.9364624,0.4866943
0.855835,0.4656982
0.8408203,0.4807129
0.9324951,0.5168457
0.8293457,0.4992065
0.8569946,0.4765015
0.7106323,0.4995728
0.8989868,0.4863281
0.9205322,0.4988403
0.4995728,0.5009766
0.8485718,0.477417
0.6436157,0.4986572
0.8445435,0.4760742
0.9284058,0.4788818
0.6491089,0.4974365
0.9165649,0.4856567
0.8588867,0.4746704
0.8761597,0.4837646
0.8811035,0.479126
0.8919067,0.4819946
0.5033569,0.4987793
0.739563,0.5049438
0.8901367,0.4824219
0.8840942,0.4956055
0.8673096,0.4949951
0.8040771,0.3011475
0.527771,0.494751
0.6158447,0.4979248
0.9091797,0.4777832
0.93927,0.510376
0.7907104,0.4980469
0.9278564,0.5111084
0.9036865,0.5010376
0.9318848,0.4871826
0.9187012,0.4864502
0.9290161,0.484436
0.9246216,0.5363159
0.9364624,0.4993896
0.7741089,0.8237915
0.930603,0.519104
0.9290771,0.4818726
0.9188843,0.5025024
0.8656006,0.4801025
0.7816772,0.508667
0.8555908,0.4805298
0.7855835,0.3721313
0.8685303,0.4698486
0.8659058,0.5042114
0.8660889,0.4855957
0.9080811,0.4874268
0.8656006,0.4799194
0.9227905,0.499939
0.8748169,0.414856
0.8493042,0.4712524
0.8913574,0.4794312
0.880127,0.4949951
0.8203735,0.5133057
0.8912354,0.4911499
0.9231567,0.5166016
0.8684082,0.484436
0.6907349,0.4985352
0.9240112,0.4884644
0.932373,0.5123291
0.5315552,0.49823
0.8996582,0.4977417
0.897583,0.3967896
0.8728638,0.4736328
0.90625,0.5228271
0.8939819,0.4724121
0.9113159,0.508667
0.8445435,0.4439087
0.8659668,0.4775391
0.8550415,0.4901733
0.8379517,0.4966431
0.8772583,0.47229
0.914856,0.5201416
0.7722778,0.493042
0.8779907,0.5061035
0.9440918,0.4746704
0.9229126,0.5072021
0.5731201,0.4983521
0.9093018,0.5137939
0.8972778,0.3770752
0.8807983,0.4772949
0.8862915,0.4992676
0.7918091,0.4987793
0.8728027,0.4667969
0.8389893,0.4745483
0.829834,0.3460083
0.9394531,0.5014648
0.8983154,0.4803467
0.8862305,0.499939
0.8526611,0.4736938
0.9081421,0.4949341
0.8901978,0.4772949
0.9108887,0.506897
0.9341431,0.4932861
0.8863525,0.4901123
0.8834839,0.4970703
0.7116089,0.1776123
0.9064331,0.4927368
0.8364868,0.4801025
0.9232788,0.5177612
0.8465576,0.3989868
0.8597412,0.4718628
0.7212524,0.5004272
0.9499512,0.4995728
0.6669922,0.4981689
0.8380737,0.492981
0.8864746,0.4768066
0.9074097,0.4830933
0.9400635,0.4816895
0.8290405,0.4614258
0.9072876,0.5072632
0.9321289,0.5777588
0.8571167,0.5006714
0.8885498,0.4786987
0.935791,0.5101929
0.9383545,0.4892578
0.7084351,0.4981079
0.8875732,0.5067139
0.9171143,0.515564
0.8511353,0.4984741
0.9400635,0.5197144
0.9018555,0.5250244
0.8345947,0.4717407
0.9196167,0.5239868
0.8431396,0.4411621
0.854126,0.480896
0.8419189,0.4835815
0.8673706,0.5032349
0.8572388,0.4784546
0.6518555,0.4985962
0.8847046,0.4732666
0.8703613,0.5054321
0.8527222,0.4713135
0.5744629,0.4991455
0.9108276,0.4907837
0.8812256,0.4786377
0.880249,0.4831543
0.8084106,0.4987793
0.9164429,0.4889526
0.9074097,0.5151978
0.5897827,0.4787598
0.923584,0.4747925
0.7611694,0.8220215
0.868103,0.4365234
0.9307251,0.5192261
0.9202271,0.4811401
0.8934937,0.5005493
0.8965454,0.6713867
0.8776245,0.4708862
0.616272,0.4990845
0.8660278,0.4770508
0.9336548,0.4995728
0.8456421,0.477417
0.9342041,0.4996948
0.8023071,0.3276367
0.894104,0.4744263
0.901123,0.5195312
0.9243774,0.5038452
0.8447266,0.4992065
0.8973999,0.5212402
0.8734741,0.4953003
0.7830811,0.4967041
0.8869019,0.4915771
0.8965454,0.4815674
0.8415527,0.4546509
0.4694824,0.4984131
0.8726196,0.4856567
0.9111328,0.5071411
0.8533936,0.5046387
0.8555908,0.4866333
0.8991699,0.4832153
0.883667,0.5021973
0.9356689,0.480896
0.8630981,0.5066528
0.6265869,0.4989014
0.8804932,0.4998779
0.7623901,0.4987793
0.9387817,0.5140381
0.6994019,0.4985352
0.9363403,0.4917603
0.9228516,0.4887085
0.8502197,0.5064697
0.9460449,0.4873657
0.9019165,0.5108643
0.9480591,0.505249
0.7420044,0.4841309
0.8618164,0.4567871
0.8745728,0.4801025
0.9394531,0.5172729
0.8729858,0.5140991
0.9345703,0.5222168
0.9031372,0.4752808
0.7937012,0.4987793
0.8805542,0.5056763
0.8898315,0.4735107
0.5278931,0.4984741
0.87854,0.4944458
0.701355,0.5016479
0.9292603,0.5004883
0.862854,0.5161743
0.859314,0.4474487
0.9276733,0.4779053
0.9260864,0.4827271
0.850647,0.4718018
0.5616455,0.5001831
0.93573,0.5047607
0.6397095,0.4979858
0.8639526,0.4506836
0.9348145,0.4821777
0.8511963,0.4790039
0.944397,0.4992065
0.6341553,0.4976196
0.9172363,0.5136719
0.8609619,0.4812012
0.9054565,0.4992676
0.902832,0.5220947
0.8891602,0.5077515
0.9406128,0.5075684
0.6575928,0.4985962
0.8769531,0.499939
0.925293,0.5169678
0.864502,0.4805298
0.4807129,0.4996338
0.9541016,0.4960938
0.9172363,0.4902954
0.9247437,0.4853516
0.6247559,0.5031738
0.7990112,0.2957153
0.8856812,0.5083618
0.5992432,0.4994507
0.9017944,0.493042
0.9370117,0.5099487
0.932251,0.5238037
0.8096924,0.3190918
0.8138428,0.4981689
0.8994141,0.4868164
0.8081665,0.3897095
0.9224854,0.4825439
0.8920288,0.4753418
0.8512573,0.4553223
0.7567139,0.4981689
0.9299927,0.4923096
0.8726807,0.4724731
0.918457,0.4988403
0.8970337,0.4299927
0.8632812,0.3568115
0.8621216,0.512085
0.9275513,0.5130615
0.8982544,0.4743652
0.9284668,0.4989624
0.8657837,0.4726562
0.9248047,0.5222168
0.8543091,0.4802246
0.9446411,0.4986572
0.4731445,0.4987793
0.9290161,0.4967041
0.6912231,0.4989624
0.8464355,0.4957886
0.4938354,0.4956665
0.8452148,0.4790649
0.6450806,0.5014648
0.9246826,0.4906006
0.9324341,0.517334
0.9234619,0.482666
0.5984497,0.4997559
0.9090576,0.4735718
0.9355469,0.4790649
0.5613403,0.4987793
0.4959717,0.4991455
0.8447266,0.4654541
0.859436,0.5046387
0.5941772,0.4940796
0.8692017,0.4694214
0.9087524,0.5012207
0.897644,0.5130615
0.923645,0.5238037
0.6993408,0.5031738
0.7833252,0.4995117
0.9448853,0.4853516
0.9179688,0.5230713
0.8918457,0.4790649
0.5829468,0.4992065
0.9061279,0.5249023
0.9130249,0.4849854
0.899231,0.4825439
0.8713379,0.5092163
0.6083374,0.4973755
0.5645142,0.4968262
0.9356689,0.4893799
0.8336792,0.46698
0.8956299,0.4989624
0.828125,0.4362183
0.8740234,0.4934692
0.8887329,0.4979248
0.9142456,0.5018311
0.854126,0.3707275
0.8673706,0.4765625
0.9120483,0.5203857
0.9293213,0.4855347
0.8876343,0.470459
0.8001099,0.4989624
0.6761475,0.4944458
0.9440918,0.5187988
0.8466797,0.4713745
0.9346924,0.4848633
0.8754272,0.5063477
0.611084,0.5040283
0.8654785,0.4885864
0.8627319,0.4759521
0.8552246,0.4758911
0.928894,0.4835815
0.8631592,0.4755859
0.6115723,0.4994507
0.8421631,0.3365479
0.8692627,0.472229
0.9000244,0.4794312
0.8962402,0.5006714
0.9054565,0.5042725
0.9372559,0.5024414
0.8103027,0.3394775
0.848999,0.4771118
0.9116821,0.4970093
0.9245605,0.5164185
0.8602905,0.5093994
0.8883057,0.4715576
0.8977051,0.5220947
0.5227661,0.4980469
0.8686523,0.4838257
0.9276123,0.5179443
0.8912354,0.4934082
0.8879395,0.4780884
0.8729858,0.4914551
0.9354858,0.4842529
0.8327637,0.4830933
0.8268433,0.4842529
0.4711914,0.4968872
0.9472656,0.5021973
0.8829346,0.4898682
0.9141846,0.486145
0.8710327,0.4927979
0.7575073,0.4992676
0.9534302,0.5213623
0.9452515,0.5157471
0.8522949,0.4492188
0.7842407,0.4993896
0.8526611,0.4908447
0.8433838,0.434021
0.90979,0.4970703
0.9002686,0.5040894
0.9324341,0.5040283
0.5206299,0.4989014
0.5244751,0.4990234
0.8746338,0.4795532
0.8689575,0.4387817
0.831604,0.3765869
0.8996582,0.5093384
0.8656006,0.4830933
0.9611206,0.4807129
0.9326782,0.5106812
0.9162598,0.5004272
0.9524536,0.4890747
0.8764038,0.4852295
0.9321899,0.5039673
0.9013672,0.4718018
0.8845215,0.4747925
0.9023438,0.522644
0.9172974,0.5202026
0.7758179,0.5046997
0.835144,0.4993286
0.7605591,0.4978027
0.9299927,0.4802246
0.8879395,0.4815674
0.8898315,0.5029297
0.9447632,0.489563
0.90802,0.482605
0.9056396,0.4997559
0.9460449,0.5193481
0.7094727,0.4992676
0.8347168,0.4899902
0.5809937,0.4979858
0.9057617,0.5266724
0.5335083,0.49646
0.6768799,0.5050659
0.9406738,0.5048828
0.864563,0.4290161
0.9499512,0.5112915
0.8718872,0.4799805
0.9109497,0.4847412
0.9276123,0.4959717
0.5350342,0.1495361
0.8742676,0.4731445
0.7561035,0.2041626
0.8986206,0.492981
0.9525146,0.5059204
0.9321289,0.515564
0.9189453,0.5236206
0.911377,0.5708008
0.9195557,0.4803467
0.9063721,0.4987793
0.6876221,0.4984131
0.9216309,0.4868774
0.9204712,0.6592407
0.9088135,0.5039062
0.8378906,0.4372559
0.9328613,0.5181274
0.866394,0.4717407
0.947998,0.4942627
0.5987549,0.4971313
0.8592529,0.4935913
0.9161377,0.4897461
0.9050293,0.4996338
0.9067993,0.480896
0.8297119,0.4173584
0.8917847,0.4993286
0.7196655,0.4939575
0.5358887,0.4985352
0.6275635,0.4998779
0.8728027,0.5030518
0.9303589,0.486145
0.5007935,0.4990234
0.5648193,0.4990845
0.6912231,0.4991455
0.9020386,0.5049438
0.9074097,0.520752
0.9118652,0.5011597
0.8486328,0.477417
0.8899536,0.5073853
0.8413086,0.4753418
0.8532104,0.4634399
0.874939,0.4984131
0.9517822,0.5020142
0.8706665,0.4763794
0.9060059,0.520752
0.8703613,0.4770508
0.7984009,0.3380127
0.8526001,0.5009155
0.9034424,0.4852905
0.5568237,0.4993286
0.8851929,0.4745483
0.8920288,0.517395
0.7488403,0.7645264
0.8155518,0.4998169
0.8377075,0.5015259
0.8743896,0.4945679
0.9013062,0.5012207
0.8814697,0.4771729
0.857605,0.4943237
0.9382935,0.5043335
0.8737793,0.4860229
0.9117432,0.5013428
0.9352417,0.5001221
0.8461304,0.4813843
0.491394,0.4960327
0.8601074,0.487793
0.9359741,0.4899902
0.9269409,0.5113525
0.9106445,0.4764404
0.90271,0.503479
0.8872681,0.4990845
0.9318237,0.5092773
0.9240112,0.5210571
0.8411255,0.4729004
0.6903076,0.4997559
0.8624878,0.4653931
0.8930664,0.5166016
0.8735962,0.4745483
0.9219971,0.5211182
0.9207153,0.4853516
0.861145,0.479248
0.9384766,0.5181274
0.8770142,0.5195923
0.9105835,0.4786987
0.8377075,0.4752197
0.8815308,0.5078125
0.8692627,0.4736938
0.8258057,0.3883667
0.9102173,0.4889526
0.8326416,0.4770508
0.8962402,0.4932861
0.9351807,0.5192871
0.8999023,0.479248
0.6911011,0.5078735
0.9360352,0.49646
0.8259888,0.4980469
0.8790894,0.440979
0.9318848,0.5024414
0.8630981,0.4910278
0.8337402,0.4993896
0.8638916,0.7324219
0.9257202,0.4854126
0.6544189,0.4998779
0.8496704,0.4754028
0.9318237,0.4870605
0.8864136,0.4876099
0.8508301,0.454834
0.8723145,0.467041
0.5082397,0.5184326
0.8470459,0.467041
0.8769531,0.4694214
0.9020386,0.4976196
0.5284424,0.4984131
0.8922119,0.4987793
0.8878174,0.5108643
0.9247437,0.4801025
0.9221191,0.5142822
0.8834839,0.4437866
0.8216553,0.4175415
0.9523315,0.4970703
0.8434448,0.487854
0.4886475,0.5013428
0.9160156,0.5093994
0.8879395,0.4733887
0.4447632,0.5045166
0.9026489,0.4779053
0.507019,0.4983521
0.8400879,0.4798584
0.8851318,0.4985962
0.9364624,0.5011597
0.8752441,0.4570312
0.8552246,0.5027466
0.8937988,0.4697876
0.8640137,0.4986572
0.9277344,0.4968262
0.8737183,0.463501
0.9072266,0.4841309
0.9348145,0.5032959
0.8239746,0.3963623
0.8586426,0.479248
0.9330444,0.5065308
0.6258545,0.5003052
0.8803101,0.4681396
0.9400635,0.5100708
0.8328857,0.47229
0.8795776,0.491272
0.8488159,0.3724976
0.9263916,0.5819702
0.8586426,0.5053711
0.9265747,0.5241089
0.8930664,0.7064819
0.9143677,0.4108887
0.8275146,0.4450073
0.8994141,0.5058594
0.9326172,0.4802246
0.4833984,0.4938354
0.8945312,0.5032349
0.8526611,0.4768677
0.8140869,0.2958984
0.6312256,0.4960938
0.8572388,0.4771729
0.8337402,0.4667358
0.9272461,0.4987183
0.8383789,0.5008545
0.8980713,0.524292
0.9016113,0.4998779
0.8935547,0.479126
0.8861084,0.4968262
0.9231567,0.4845581
0.8782349,0.4656982
0.7949219,0.8455811
0.4923096,0.4949341
0.8764038,0.5161743
0.8793335,0.4676514
0.6576538,0.4995728
0.6728516,0.4967041
0.8782349,0.4825439
0.8655396,0.4741211
0.9231567,0.4793091
0.9208374,0.5328369
0.8693848,0.5077515
0.8943481,0.5111694
0.6029053,0.4989014
0.6834106,0.4985962
0.8965454,0.4990234
0.9453735,0.5059814
0.8742676,0.4998169
0.8537598,0.4794922
0.8445435,0.4581299
0.4636841,0.4987183
0.8646851,0.484436
0.8756104,0.5180054
0.8617554,0.4794922
0.8984375,0.5144043
0.9269409,0.4795532
0.8729248,0.487793
0.656189,0.4962158
0.8823853,0.3776855
0.4765015,0.4981079
0.8793335,0.4865723
0.9492798,0.508667
0.4985962,0.4991455
0.8990479,0.4713135
0.949646,0.5160522
0.850647,0.4840698
0.7772217,0.4992065
0.9018555,0.4836426
0.7130737,0.4989014
0.8684082,0.4970703
0.8533936,0.4951172
0.7111816,0.4994507
0.4887695,0.4968872
0.71698,0.4984741
0.8469238,0.4694824
0.9059448,0.479126
0.8327637,0.3106079
0.9465942,0.5032959
0.5766602,0.4981079
0.8392334,0.484436
0.9380493,0.480835
0.8284912,0.7615356
0.9490967,0.510376
0.9226074,0.5246582
0.7912598,0.4976807
0.9153442,0.5233154
0.9067383,0.5111084
0.8815308,0.4901733
0.8677979,0.7617188
0.9177856,0.5219727
0.8444824,0.4450684
0.8496094,0.4671631
0.8494263,0.4833984
0.8959351,0.4923096
0.8563232,0.5007324
0.8423462,0.50354
0.9554443,0.4980469
0.9365234,0.4998169
0.8520508,0.4989624
0.9296875,0.5098267
0.9398193,0.5046997
0.710022,0.4943237
0.6068115,0.4986572
0.93573,0.4904175
0.800415,0.2275391
0.5303345,0.4984741
0.9326782,0.4804077
0.4743042,0.4984131
0.8431396,0.7266846
0.8712158,0.4942627
0.871582,0.4945068
0.9274292,0.5131836
0.7300415,0.4976807
0.9000854,0.4971313
0.8623047,0.4803467
0.8083496,0.3885498
0.887146,0.4694214
0.9221802,0.4926147
0.9031982,0.5108643
0.8703003,0.4813843
0.9041748,0.522583
0.854248,0.4735107
0.8862305,0.5221558
0.8375854,0.3302612
0.8473511,0.4674683
0.9319458,0.4754639
0.831604,0.5002441
0.9152832,0.4996948
0.8357544,0.4971313
0.8665771,0.477417
0.609375,0.498291
0.5621338,0.4996338
0.932312,0.5026855
0.9343262,0.4849854
0.8834839,0.4807739
0.8338013,0.456604
0.8371582,0.4990234
0.9169312,0.4591675
0.8609619,0.4306641
0.9187622,0.4802856
0.807312,0.3299561
0.8722534,0.4641113
0.5232544,0.4991455
0.9331665,0.5175781
0.9133911,0.4771729
0.8756104,0.4749756
0.9343872,0.4849854
0.8772583,0.4730835
0.9230347,0.5130005
0.8933105,0.4732056
0.8870239,0.5230713
0.7126465,0.4990234
0.9418945,0.5010986
0.9259033,0.6085205
0.9395752,0.5163574
0.8748169,0.5123901
0.9185181,0.4990234
0.9090576,0.5206909
0.9330444,0.5010986
0.8762207,0.4780273
0.8692017,0.4755859
0.8282471,0.4576416
0.8538818,0.4963379
0.6351318,0.4984131
0.864502,0.4727173
0.8473511,0.4231567
0.8964844,0.5072632
0.8242188,0.3495483
0.9065552,0.4864502
0.8530273,0.4473877
0.8491821,0.47229
0.8568726,0.4946289
0.9134521,0.5236206
0.8661499,0.5083008
0.8995361,0.5224609
0.8812256,0.4746704
0.5510864,0.4976807
0.7515869,0.4984741
0.8602905,0.4730835
0.9341431,0.5411987
0.8433838,0.491333
0.7516479,0.2105713
0.8592529,0.4502563
0.8965454,0.4835815
0.8775635,0.5050659
0.8878784,0.5221558
0.8745728,0.5091553
0.8695068,0.4859009
0.9413452,0.5131836
0.8886719,0.4801636
0.9252319,0.5119019
0.8393555,0.4998779
0.5048828,0.4971313
0.9215088,0.5114136
0.960083,0.5014038
0.8720093,0.4754028
0.8581543,0.5072021
0.9247437,0.4938965
0.8815308,0.5093994
0.5932007,0.5046997
0.8961182,0.5056763
0.9083862,0.5229492
0.9295654,0.5004272
0.8620605,0.4741821
0.7756348,0.4979248
0.8581543,0.5106812
0.9178467,0.4779053
0.8821411,0.5019531
0.8572998,0.4260254
0.9053345,0.5238647
0.9138184,0.4723511
0.875,0.4729614
0.9266357,0.4862061
0.8895874,0.4594727
0.8920288,0.475647
0.8336182,0.4852295
0.8108521,0.4976196
0.9295044,0.5056763
0.9395752,0.5114136
0.920166,0.5012207
0.9180908,0.5784302
0.4711914,0.4981689
0.8709106,0.475769
0.8586426,0.4892578
0.6716309,0.2286377
0.5050049,0.4990845
0.8943481,0.4998779
0.8814087,0.4746094
0.8883667,0.5124512
0.8666992,0.5010376
0.8499146,0.4899292
0.8889771,0.5151978
0.7061157,0.4995117
0.9162598,0.4976196
0.8282471,0.4685669
0.9519043,0.5027466
0.8730469,0.4017334
0.9431763,0.4803467
0.8510742,0.4744873
0.8980713,0.4750977
0.9130249,0.50354
0.9269409,0.5092773
0.9110718,0.5115967
0.9046631,0.486084
0.5892334,0.4973755
0.8538818,0.4927368
0.8097534,0.3428955
0.8939209,0.473999
0.875,0.4981689
0.8703003,0.4923706
0.8996582,0.4788208
0.8435669,0.470459
0.8504028,0.4699097
0.796814,0.4979858
0.9439087,0.4996338
0.8939819,0.4866943
0.8853149,0.4732056
0.913147,0.512207
0.963501,0.5078735
0.9282227,0.4932251
0.8890381,0.6787109
0.4746704,0.4978027
0.8757324,0.475769
0.8412476,0.4821167
0.9277954,0.4950562
0.9035645,0.4752808
0.9058838,0.5210571
0.8964233,0.5098877
0.7765503,0.49823
0.9265747,0.4764404
0.9281616,0.4990234
0.8753662,0.5045776
0.8447266,0.3897095
0.9047241,0.4785767
0.843811,0.3807983
0.9189453,0.5151367
0.8717651,0.4970703
0.8518677,0.4807129
0.4603882,0.5004883
0.7550049,0.5
0.920105,0.5009155
0.9261475,0.5211792
0.4927979,0.5008545
0.9315796,0.4975586
0.9011841,0.5195923
0.97052,0.4886475
0.9342651,0.4975586
0.9196777,0.4750366
0.640564,0.4966431
0.7357178,0.4989014
0.9102173,0.5198364
0.9434204,0.5030518
0.8764038,0.4717407
0.8145142,0.4259033
0.7254028,0.498291
0.8306885,0.3856812
0.9125977,0.4858398
0.8764648,0.5056763
0.6557617,0.4996338
0.9245605,0.4821777
0.90271,0.4760742
0.8305054,0.4238281
0.8366089,0.4365234
0.8171997,0.4295044
0.9435425,0.5108643
0.843689,0.5008545
0.9324951,0.5216675
0.883606,0.5102539
0.9335938,0.5013428
0.9124756,0.5043335
0.8849487,0.5081177
0.923645,0.5116577
0.902771,0.4868774
0.7525635,0.4946289
0.8894653,0.4771118
0.9390869,0.5092163
0.8868408,0.493103
0.8591309,0.3947144
0.8746948,0.4796753
0.8435669,0.4550171
0.9378662,0.4882202
0.9206543,0.5230103
0.9353027,0.4835815
0.8832397,0.4749756
0.7449951,0.4991455
0.5109253,0.4995728
0.9248047,0.5114136
0.8872681,0.5102539
0.8599854,0.4650269
0.6782227,0.5063477
0.9182129,0.4803467
0.8595581,0.499939
0.8693848,0.4257202
0.5385132,0.4987793
0.8639526,0.4928589
0.7702637,0.4990234
0.9317627,0.4967651
0.5900269,0.4994507
0.9049072,0.4813843
0.9147949,0.4962158
0.9130859,0.5228271
0.9181519,0.5004272
0.9107666,0.4955444
0.8869019,0.5111694
0.9533081,0.4946289
0.8929443,0.4839478
0.8191528,0.3331909
0.9299927,0.5006104
0.5982666,0.4981689
0.8857422,0.4996338
0.6571045,0.4946899
0.831604,0.4802856
0.878418,0.5214844
0.7634277,0.4977417
0.8528442,0.4970093
0.9402466,0.4962158
0.8915405,0.5020142
0.7781982,0.5014648
0.8762817,0.4743042
0.9099731,0.4987183
0.9041748,0.5245361
0.8759766,0.4727173
0.8328247,0.4858398
0.9349976,0.4916992
0.8716431,0.4696045
0.9389038,0.5089722
0.8302002,0.4890137
0.8887329,0.5137939
0.8880005,0.5163574
0.8947144,0.4744873
0.9078979,0.4976196
0.8815308,0.4779663
0.9159546,0.4863281
0.5065918,0.4980469
0.7789917,0.4981079
0.7817993,0.4984741
0.6871948,0.4973145
0.8667603,0.4981079
0.9023438,0.4957886
0.5736084,0.4973755
0.8787231,0.4788208
0.5012817,0.4984741
0.5647583,0.4980469
0.8398438,0.4077759
0.8672485,0.4923706
0.6481323,0.4972534
0.9111328,0.5128784
0.9429321,0.4920654
0.9413452,0.489502
0.8357544,0.4829712
0.7597046,0.4986572
0.9436646,0.4868774
0.8653564,0.4973145
0.8425293,0.4465332
0.8630371,0.4705811
0.5213013,0.4984741
0.8422852,0.3413086
0.9035034,0.5003662
0.6378784,0.49823
0.5788574,0.5003662
0.4805298,0.5002441
0.9208984,0.5217285
0.9146729,0.520752
0.9261475,0.5228882
0.734436,0.4995728
0.5576172,0.4961548
0.836731,0.4594116
0.93573,0.4970703
0.9254761,0.5098877
0.8895874,0.5170898
0.9066772,0.5167847
0.8313599,0.482666
0.8837891,0.4274902
0.9078979,0.4989014
0.8563843,0.4805908
0.9416504,0.5155029
0.8579102,0.4813843
0.8700562,0.4996948
0.8556519,0.5029907
0.9230347,0.4907227
0.9172974,0.5071411
0.8554077,0.5101929
0.9448242,0.5122681
0.897522,0.5013428
0.7514648,0.4979858
0.8617554,0.4857788
0.8384399,0.5022583
0.8602295,0.5057983
0.9286499,0.4959717
0.918396,0.5908203
0.9133301,0.4840698
0.7459717,0.4980469
0.8493652,0.505188
0.8339233,0.4732666
0.899353,0.480896
0.9384155,0.5115967
0.6292725,0.5
0.8573608,0.4988403
0.9204102,0.5140991
0.9682617,0.4906616
0.8196411,0.3948364
0.8654175,0.4810791
0.8875732,0.5068359
0.9072876,0.4932251
0.9400024,0.507019
0.902832,0.5234375
0.8821411,0.473999
0.8475342,0.4680786
0.9151001,0.479126
0.9378662,0.4830322
0.8443604,0.6727905
0.9189453,0.512207
0.8621216,0.449585
0.8765259,0.4978027
0.8848267,0.4870605
0.6882324,0.4986572
0.9226685,0.520752
0.8989868,0.4949951
0.9229126,0.4820557
0.9094238,0.4915161
0.9348755,0.4942017
0.7507935,0.4702759
0.8892212,0.5012207
0.9282227,0.5233765
0.9351196,0.5029907
0.9315796,0.4862061
0.7186279,0.8723755
0.9015503,0.505188
0.9078369,0.5013428
0.7828369,0.5016479
0.8655396,0.4938965
0.4301758,0.4957275
0.8548584,0.4892578
0.8806152,0.4925537
0.8497925,0.4780884
0.8306885,0.4351196
0.9230957,0.5180054
0.885376,0.4753418
0.883606,0.5012207
0.946106,0.4890747
0.9481812,0.5022583
0.6102905,0.4966431
0.8601685,0.4906006
0.8857422,0.4702759
0.8655396,0.4749146
0.8851929,0.4761963
0.8369751,0.3808594
0.8652344,0.494812
0.9031982,0.4967651
0.8330688,0.475769
0.8881226,0.4799194
0.9122314,0.4790649
0.8765869,0.4897461
0.8778687,0.4797363
0.9407349,0.5004883
0.9320068,0.4852905
0.921814,0.5128784
0.9241333,0.4998169
0.8393555,0.3847656
0.87146,0.4950562
0.8356934,0.4373779
0.8595581,0.4985352
0.9019775,0.5043335
0.8873291,0.4874878
0.9588013,0.4986572
0.9155884,0.5235596
0.7323608,0.4859009
0.8770752,0.4828491
0.8753052,0.4975586
0.8467407,0.4783325
0.9022827,0.5159912
0.8712769,0.484314
0.9360352,0.4960938
0.8601074,0.475647
0.881958,0.4990845
0.8549805,0.4806519
0.8607788,0.4944458
0.8493652,0.4855957
0.8968506,0.4712524
0.5083008,0.49823
0.918335,0.5128174
0.8892822,0.7355957
0.8620605,0.479248
0.81427,0.5
0.6446533,0.4990845
0.8764038,0.4807739
0.7573853,0.4984741
0.8396606,0.3580322
0.9326782,0.4752808
0.8985596,0.5184326
0.8527832,0.5089722
0.845459,0.3847656
0.9377441,0.5182495
0.8999023,0.4794922
0.9144897,0.4890747
0.9522705,0.4856567
0.8426514,0.4771118
0.9008179,0.4727783
0.9526978,0.5041504
0.7081299,0.223877
0.6373901,0.4981689
0.8543701,0.5055542
0.9058838,0.4779053
0.7036743,0.4978638
0.8772583,0.5198975
0.7284546,0.2526855
0.8643799,0.4793701
0.8086548,0.3219604
0.9396973,0.5170288
0.8197632,0.4196777
0.9038696,0.4924316
0.949646,0.499939
0.8948364,0.4974365
0.8735352,0.4932251
0.5685425,0.4963379
0.8442383,0.4823608
0.9307861,0.5258179
0.5872803,0.4976196
0.8620605,0.4349976
0.8353882,0.4676514
0.9311523,0.5009155
0.9385986,0.5213013
0.8856812,0.5109863
0.9422607,0.5202026
0.9249268,0.5782471
0.8509521,0.4653931
0.7098389,0.498291
0.9096069,0.5106812
0.8431396,0.5020142
0.9087524,0.4793701
0.8344727,0.4990234
0.8621216,0.4698486
0.6782837,0.2089233
0.7729492,0.2532349
0.9459229,0.5040894
0.9247437,0.4993896
0.8372192,0.4207764
0.5301514,0.498291
0.895874,0.4890137
0.9434204,0.5015259
0.9262695,0.5109253
0.8215332,0.4602051
0.9243164,0.5111084
0.8930664,0.477478
0.7073364,0.4989014
0.9366455,0.5165405
0.7304688,0.4987183
0.8849487,0.4729614
0.8081055,0.3967896
0.9266968,0.4969482
0.8885498,0.4939575
0.8850098,0.475647
0.9563599,0.4734497
0.9033813,0.4821777
0.9338989,0.5180054
0.8760986,0.4679565
0.8653564,0.4864502
0.8622437,0.50354
0.8690796,0.4760742
0.7540283,0.2733765
0.9216919,0.4983521
0.9091797,0.520874
0.9005737,0.4917603
0.6478271,0.4986572
0.9089966,0.4749756
0.5037231,0.4961548
0.6159058,0.4962158
0.901062,0.4780884
0.8561401,0.4769897
0.9300537,0.4866333
0.4766235,0.4979858
0.8059692,0.4990234
0.9363403,0.5003662
0.5756226,0.5045166
0.477417,0.4980469
0.9003296,0.4736938
0.6395874,0.4984741
0.9210815,0.5043945
0.8778687,0.5043945
0.7619019,0.2852783
0.8865356,0.4732666
0.9337158,0.4994507
0.8963623,0.4822388
0.6886597,0.4985352
0.7927856,0.4988403
0.7096558,0.2180786
0.9008179,0.5061646
0.8794556,0.4772949
0.8806763,0.5002441
0.890686,0.4846191
0.814209,0.4291992
0.7801514,0.4991455
0.9306641,0.5037842
0.732605,0.4986572
0.9066772,0.7033691
0.8583374,0.4759521
0.9321289,0.5018921
0.7454834,0.4988403
0.8815308,0.4871826
0.8538818,0.4934082
0.8886108,0.5110474
0.9116821,0.4812012
0.8858643,0.4750366
0.8867188,0.5097046
0.6724243,0.4991455
0.8747559,0.4645386
0.7106323,0.4992676
0.788208,0.4998169
0.8557739,0.4937134
0.9215088,0.4959717
0.7054443,0.496521
0.7603149,0.4980469
0.8620605,0.4432373
0.8751221,0.4988403
0.87854,0.4685669
0.6326904,0.4985962
0.882019,0.5087891
0.8743286,0.4865112
0.9159546,0.6322021
0.878479,0.5063477
0.9268799,0.5169067
0.8721924,0.4905396
0.9072266,0.4813232
0.8977051,0.4781494
0.90448,0.4540405
0.864502,0.4985962
0.6034546,0.5002441
0.8686523,0.3947144
0.8837891,0.4837036
0.9338379,0.4944458
0.8881836,0.5161133
0.9194336,0.4867554
0.8901978,0.4959717
0.7589111,0.505188
0.8408203,0.4342041
0.9367065,0.4941406
0.8502808,0.4744263
0.93396,0.4943237
0.8986206,0.4975586
0.897583,0.4866943
0.9038696,0.513916
0.8688354,0.4641724
0.8495483,0.4891357
0.9071045,0.6853638
0.9415894,0.4882202
0.80896,0.4901123
0.9266357,0.5164795
0.8919678,0.5199585
0.9000854,0.4924927
0.9248657,0.5045776
0.6344604,0.4993286
0.8954468,0.4736938
0.4730225,0.4985962
0.9046021,0.4957275
0.8829346,0.4882812
0.8762207,0.4725952
0.8190918,0.5003052
0.9321899,0.4918823
0.9331055,0.4875488
0.9361572,0.4849854
0.9042969,0.4746094
0.9281616,0.6532593
0.8710938,0.4764404
0.5820312,0.4934692
0.7320557,0.4992676
0.8601685,0.4488525
0.8812256,0.5084839
0.9498901,0.4810181
0.6612549,0.2037354
0.9434814,0.505188
0.8596191,0.467041
0.9180298,0.5078125
0.9361572,0.5007935
0.9202271,0.5020752
0.9243164,0.4874878
0.9179077,0.5047607
0.928833,0.4973755
0.593811,0.4971313
0.8639526,0.4985962
0.8699951,0.4880981
0.5774536,0.1199341
0.9331665,0.4987183
0.9407959,0.5007935
0.8742676,0.4943848
0.9313354,0.4955444
0.9139404,0.5110474
0.8408813,0.4991455
0.9291992,0.507019
0.6077881,0.4744873
0.8967896,0.4745483
0.8960571,0.4748535
0.7054443,0.4987183
0.8844604,0.4958496
0.8570557,0.4752808
0.8884888,0.4759521
0.5041504,0.4973755
0.7971802,0.4915771
0.8963623,0.4862061
0.8936768,0.508606
0.9365234,0.4926147
0.9317017,0.480896
0.8825684,0.4885864
0.9265747,0.500061
0.9147339,0.5177002
0.8794556,0.4928589
0.9023438,0.5206299
0.8972778,0.4910278
0.9309082,0.5108032
0.8961182,0.47229
0.6696167,0.498291
0.8272095,0.4953613
0.9224854,0.4816895
0.8689575,0.4603271
0.9399414,0.4884644
0.9458008,0.4960938
0.9122314,0.5185547
0.9251709,0.5119019
0.868042,0.4936523
0.8422852,0.5001221
0.8604126,0.4675903
0.8178101,0.425293
0.8756104,0.4750977
0.8812866,0.4744263
0.8798218,0.508728
0.9368896,0.5200806
0.9070435,0.5227661
0.8945923,0.4995728
0.5388184,0.4898682
0.6240234,0.1677246
0.5634155,0.4990845
0.8601685,0.4810791
0.9036255,0.5130005
0.9143677,0.4824829
0.8251953,0.4163208
0.6029053,0.5042114
0.8552246,0.4988403
0.8630371,0.4987183
0.8319702,0.4472656
0.9200439,0.4785156
0.5532227,0.4988403
0.9350586,0.5134888
0.5059204,0.49646
0.7420654,0.4957886
0.8612061,0.4772949
0.880127,0.5015259
0.8910522,0.4744263
0.883606,0.4902344
0.7617188,0.5001221
0.9417114,0.496521
0.9471436,0.5133057
0.8844604,0.4780273
0.5306396,0.4993896
0.4824219,0.5079956
0.9011841,0.4963989
0.9345703,0.5098877
0.9320679,0.4937744
0.8623657,0.4767456
0.9078369,0.5211182
0.8791504,0.5072632
0.838623,0.4816895
0.4740601,0.4984131
0.8430786,0.4815674
0.8883667,0.46875
0.8561401,0.4309692
0.8361206,0.3029175
0.9326782,0.5071411
0.6478882,0.4981079
0.8745728,0.4936523
0.9187622,0.5244751
0.8513184,0.456543
0.7178345,0.8765869
0.6959229,0.4995728
0.9163208,0.5064697
0.7988281,0.7810059
0.8811646,0.4727173
0.8635864,0.4780884
0.6671753,0.4978027
0.8986206,0.4822998
0.9169922,0.4939575
0.875061,0.4730835
0.7695923,0.5343628
0.6328125,0.1712646
0.9387817,0.5108643
0.9240723,0.5185547
0.5792847,0.4992676
0.8657837,0.4853516
0.8618164,0.5015259
0.8757324,0.4938354
0.9113159,0.4854126
0.9146118,0.5200806
0.8720093,0.5078125
0.638916,0.4950562
0.8366089,0.4865112
0.8936157,0.4993896
0.8798828,0.5106812
0.8530273,0.4636841
0.9527588,0.5021362
0.9389038,0.4915771
0.8397217,0.3726807
0.8679199,0.4384766
0.8812256,0.4932861
0.8862305,0.4732056
0.7247925,0.4987183
0.9242554,0.4750366
0.8520508,0.4805298
0.4923096,0.4989624
0.6790771,0.4934082
0.8622437,0.458374
0.901062,0.4794312
0.8399048,0.477417
0.8610229,0.4676514
0.8448486,0.4835205
0.8339233,0.4695435
0.8845215,0.475769
0.8025513,0.498291
0.8563843,0.4794312
0.8163452,0.3911743
0.8782959,0.4978638
0.8850098,0.4743652
0.9506836,0.5064697
0.9176636,0.5073242
0.5536499,0.4983521
0.8699951,0.4625854
0.7615967,0.4988403
0.9371948,0.4923706
0.8676147,0.4821167
0.9396362,0.5122681
0.7971191,0.4985962
0.7654419,0.5004883
0.930603,0.49646
0.8899536,0.5095215
0.7931519,0.3143311
0.9029541,0.4904785
0.8294067,0.4110107
0.9421387,0.5019531
0.8915405,0.4973145
0.6300659,0.1794434
0.9223633,0.5170288
0.7788696,0.4994507
0.8526001,0.4988403
0.84729,0.4962769
0.8555298,0.5021973
0.9431763,0.5116577
0.9420776,0.4994507
0.8602295,0.4996948
0.5800171,0.4989624
0.8930664,0.5161133
0.8586426,0.3654785
0.8855591,0.4765015
0.9177856,0.499939
0.9115601,0.5203247
0.8952026,0.5170898
0.7299194,0.2567749
0.8812866,0.5175781
0.9178467,0.4968262
0.848938,0.4849854
0.930481,0.4955444
0.9179688,0.5031128
0.9400024,0.4986572
0.8561401,0.4760742
0.8912964,0.4856567
0.8807983,0.5079346
0.4953003,0.498291
0.6013184,0.498291
0.6505737,0.5007935
0.87677,0.5094604
0.9064941,0.519104
0.7249756,0.3343506
0.9177856,0.4799194
0.9411621,0.5115356
0.9207153,0.4862671
0.8504028,0.4849854
0.6062622,0.4941406
0.8962402,0.510376
0.8938599,0.5059204
0.8739624,0.4990234
0.8886719,0.4995728
0.8273926,0.3555298
0.8547974,0.4754028
0.6513062,0.5008545
0.8643799,0.4793091
0.8602905,0.494751
0.9313965,0.4797974
0.9264526,0.4867554
0.9279175,0.5187988
0.8889771,0.4900513
0.9341431,0.4838257
0.9411621,0.4928589
0.8961792,0.4771729
0.9550781,0.5266724
0.9207153,0.4970093
0.8348999,0.4841919
0.8400269,0.3341675
0.7885132,0.364624
0.8725586,0.4602661
0.8646851,0.500061
0.848877,0.4938354
0.8742676,0.4691162
0.8569336,0.5053101
0.8916626,0.4827271
0.8934937,0.5076904
0.7321777,0.4988403
0.4768677,0.5036621
0.482666,0.4983521
0.8720093,0.5217896
0.8417358,0.4800415
0.8928223,0.5023193
0.8696289,0.4927368
0.7493286,0.199707
0.8653564,0.4726562
0.9373779,0.4788208
0.8787231,0.4709473
0.9244385,0.5010986
0.9091187,0.5209961
0.7156982,0.5018311
0.8695679,0.4135742
0.8890991,0.4915161
0.869812,0.4983521
0.8792725,0.4946899
0.7863159,0.2067261
0.8562622,0.5021973
0.4849854,0.4945679
0.4639893,0.4986572
0.9212646,0.5214844
0.9056396,0.4868164
0.513916,0.4987183
0.9064331,0.5139771
0.9252319,0.5003662
0.9418945,0.5043945
0.4684448,0.4988403
0.8007812,0.3864136
0.8549194,0.4779663
0.7614136,0.4990234
0.6323853,0.5007935
0.9388428,0.5132446
0.5029907,0.4988403
0.9213257,0.5251465
0.607605,0.4963989
0.921875,0.5113525
0.9317017,0.487915
0.8303223,0.421814
0.6976929,0.4979248
0.8690796,0.4928589
0.9519653,0.5032349
0.7250366,0.2194214
0.9076538,0.473877
0.8681641,0.4677734
0.901062,0.6447144
0.9337158,0.4830322
0.8118896,0.4364014
0.7056885,0.4976196
0.7351685,0.4979858
0.8594971,0.499939
0.9379883,0.5179443
0.9141235,0.4869995
0.9004517,0.5213623
0.8892822,0.5232544
0.9266968,0.4775391
0.890564,0.4986572
0.935791,0.4816895
0.8979492,0.4827271
0.9638672,0.499939
0.8244629,0.3551636
0.5090942,0.5015259
0.8731079,0.4981689
0.6504517,0.4988403
0.7173462,0.5009766
0.7029419,0.498291
0.8342896,0.4829102
0.8596191,0.4732666
0.9237061,0.4865723
0.5847778,0.4992676
0.6947021,0.4940796
0.8531494,0.479248
0.4725952,0.4979248
0.8041992,0.5117188
0.8416138,0.3779297
0.9136353,0.4855957
0.9290771,0.5189209
0.8775635,0.4813232
0.8497925,0.49646
0.9026489,0.5165405
0.8901978,0.4682007
0.8455811,0.4468994
0.529541,0.4995117
0.8676758,0.4716797
0.8823242,0.5005493
0.9209595,0.5175781
0.8527222,0.5040283
0.9415283,0.4935913
0.9102783,0.5117188
0.7875366,0.4995117
0.8654785,0.4706421
0.8670654,0.5183105
0.8466187,0.4817505
0.7851562,0.3021851
0.8746338,0.491394
0.8806152,0.4731445
0.7026978,0.4980469
0.8444214,0.414856
0.9196167,0.5181274
0.9298096,0.510376
0.8886719,0.5216675
0.9393921,0.4852905
0.8661499,0.5045166
0.9356689,0.5021973
0.9263916,0.4829102
0.8231201,0.5014648
0.8952637,0.4767456
0.869812,0.5083008
0.8403931,0.4978638
0.9159546,0.5014648
0.838562,0.4713745
0.9063721,0.4764404
0.6110229,0.4987793
0.9296265,0.4942627
0.9300537,0.508667
0.9267578,0.510437
0.9211426,0.4825439
0.9141846,0.4868164
0.8786621,0.4077759
0.8756104,0.5014648
0.8701782,0.4563599
0.8997803,0.5194702
0.9287109,0.5178223
0.7102661,0.4990845
0.6948853,0.4942017
0.8093262,0.3581543
0.7007446,0.2635498
0.8955078,0.4730225
0.8670044,0.4992676
0.9025879,0.5166626
0.9282837,0.5019531
0.8848877,0.5070801
0.8920898,0.4803467
0.8855591,0.5020752
0.862854,0.3811646
0.7809448,0.4990845
0.5377197,0.4990234
0.8879395,0.4714355
0.8568726,0.4993896
0.9154053,0.4694824
0.8504028,0.4820557
0.9015503,0.5239258
0.9134521,0.5775757
0.8778076,0.5064697
0.8791504,0.4775391
0.8945923,0.472168
0.9421997,0.5005493
0.9295044,0.49646
0.6046753,0.5008545
0.8410645,0.4160156
0.4961548,0.4946899
0.8774414,0.4990234
0.913208,0.5176392
0.8684692,0.510437
0.892334,0.5061035
0.7838135,0.49646
0.8685303,0.4853516
0.914856,0.519165
0.9025879,0.5032349
0.9474487,0.4868774
0.6618652,0.4979858
0.8608398,0.4995728
0.7548828,0.5004272
0.8492432,0.4902344
0.9119873,0.4863892
0.8773804,0.4597778
0.920105,0.5175781
0.8757935,0.4960938
0.6873779,0.4956665
0.5932007,0.4990234
0.8870239,0.4926758
0.8415527,0.4875488
0.8338623,0.4689331
0.8560181,0.5023804
0.9439697,0.5067139
0.8936768,0.5101318
0.5593262,0.4993896
0.8563232,0.506897
0.9369507,0.4967651
0.4660645,0.4995728
0.6205444,0.4990234
0.8880005,0.5083618
0.869812,0.4818726
0.9331055,0.4899292
0.857666,0.4718018
0.8547974,0.5
0.897644,0.4803467
0.916748,0.4754639
0.875061,0.5048828
0.8477783,0.4678345
0.8644409,0.4696655
0.9172974,0.5150146
0.9299316,0.4780273
0.9208984,0.4788818
0.9053345,0.5124512
0.9448853,0.5157471
0.9277344,0.5153198
0.8447266,0.4552002
0.9238892,0.5004272
0.6993408,0.5003052
0.8978882,0.479248
0.8565063,0.3859253
0.9137573,0.5202026
0.8815918,0.5230103
0.80896,0.4992065
0.5110474,0.5
0.8449097,0.4996948
0.8647461,0.4941406
0.8125,0.4990234
0.6208496,0.4963989
0.9335938,0.5244751
0.9319458,0.4898071
0.883606,0.505127
0.5922852,0.4983521
0.4667358,0.4981689
0.9136353,0.4996948
0.8056641,0.2966309
0.6242676,0.5024414
0.8285522,0.468811
0.8491821,0.4631348
0.8635864,0.4935913
0.868042,0.494873
0.9342041,0.4997559
0.7738647,0.500061
0.8500977,0.4552612
0.9353638,0.4951172
0.8386841,0.5071411
0.9044189,0.5220947
0.8397217,0.4776611
0.9337769,0.4870605
0.8192139,0.4951172
0.5304565,0.4984131
0.8579712,0.50354
0.6280518,0.5103149
0.9145508,0.5176392
0.9082031,0.520752
0.9024048,0.5219116
0.9554443,0.5026245
0.6141968,0.4932251
0.8977051,0.5219727
0.8480835,0.50354
0.8579102,0.4860229
0.8772583,0.4277954
0.9240723,0.508667
0.8903809,0.5027466
0.8944702,0.4746704
0.9076538,0.4810791
0.883606,0.4917603
0.9022827,0.515625
0.9364014,0.4848022
0.9176636,0.5214844
0.8554077,0.4993896
0.8580322,0.4563599
0.8818359,0.5047607
0.881897,0.5038452
0.9216309,0.4954224
0.8234863,0.3783569
0.9025269,0.5015869
0.5438232,0.52948
0.9473877,0.5085449
0.8521729,0.500061
0.8405762,0.4649048
0.8815918,0.5230713
0.9437256,0.5076904
0.9022217,0.4970703
0.7894287,0.4974976
0.906311,0.5217285
0.8880615,0.477417
0.8625488,0.5033569
0.5025024,0.4991455
0.7175293,0.4989624
0.8881226,0.499939
0.8980103,0.487854
0.8930054,0.5059204
0.848999,0.4777222
0.8869629,0.5092163
0.920166,0.5206909
0.8634644,0.4811401
0.9342651,0.5108643
0.8565063,0.4622803
0.8673706,0.493103
0.852417,0.4800415
0.9449463,0.5175781
0.9013672,0.5053711
0.5723267,0.4988403
0.7947388,0.3458862
0.8590698,0.4996338
0.8607178,0.4754639
0.9405518,0.4838867
0.8369751,0.4466553
0.9049683,0.4347534
0.9049072,0.4863892
0.7669067,0.5001831
0.9107666,0.4898682
0.8792725,0.4959106
0.8712158,0.5127563
0.9505615,0.4907837
0.9156494,0.4871216
0.5407715,0.4981079
0.8504028,0.4292603
0.8499146,0.4819946
0.8824463,0.5006104
0.9472046,0.4876709
0.9215088,0.5074463
0.8250732,0.4664307
0.8799438,0.4996948
0.8665161,0.4570312
0.9448853,0.4954834
0.8825073,0.499939
0.885498,0.4981689
0.9398193,0.5001831
0.8793945,0.5159912
0.9251099,0.4884644
0.9396973,0.4894409
0.8536987,0.4989014
0.8022461,0.4990845
0.9359741,0.5101318
0.9203491,0.4883423
0.8346558,0.4909668
0.9175415,0.5237427
0.8361206,0.4887085
0.9394531,0.5236206
0.9348755,0.5244141
0.8416748,0.7230225
0.7073975,0.4976807
0.9090576,0.4771729
0.6293335,0.4967651
0.9046631,0.4273071
0.8425903,0.4447021
0.4956665,0.49823
0.5079956,0.4984131
0.8242188,0.4978027
0.8457031,0.4766235
0.5241699,0.5037231
0.9211426,0.4997559
0.9174805,0.5220947
0.4933472,0.4975586
0.9161987,0.4862671
0.9298096,0.5158691
0.8465576,0.3880005
0.8710327,0.4908447
0.9454346,0.5181885
0.8143921,0.4994507
0.93927,0.6057129
0.8901978,0.4741821
0.7928467,0.4981079
0.9068604,0.5232544
0.9042358,0.4824219
0.8778687,0.4037476
0.939209,0.5180664
0.9155884,0.4932861
0.940918,0.4946899
0.5176392,0.4919434
0.819458,0.3908691
0.7442017,0.2329102
0.9020386,0.5012817
0.8043823,0.7976685
0.8963013,0.4790039
0.9031982,0.4849243
0.9251099,0.5195923
0.8821411,0.4908447
0.8721313,0.5137939
0.5078735,0.4989624
0.7142334,0.4958496
0.9341431,0.5050049
0.9274902,0.5194092
0.9325562,0.5061646
0.8739014,0.4747314
0.9243774,0.4976196
0.8325806,0.4762573
0.9389038,0.529541
0.6829834,0.4985352
0.9087524,0.4952393
0.8868408,0.4776001
0.684082,0.49823
0.8776245,0.4992676
0.8417358,0.4822388
0.9346924,0.4832764
0.9453735,0.4951782
0.9385376,0.4818726
0.9403687,0.5018921
0.8807373,0.4823608
0.5575562,0.491333
0.8830566,0.4938965
0.9326782,0.4901123
0.9074707,0.5031128
0.7415161,0.4975586
0.8850098,0.5006714
0.5158691,0.4927368
0.8410645,0.5014038
0.8337402,0.4986572
0.8502808,0.4173584
0.9370728,0.5147095
0.8549805,0.4613647
0.6447144,0.4984741
0.7037964,0.4981079
0.9186401,0.479187
0.9330444,0.4819336
0.8935547,0.4989624
0.8804321,0.4752808
0.871521,0.4766846
0.9395752,0.5244141
0.8637695,0.4735107
0.9096069,0.5187988
0.8327637,0.4329224
0.9246216,0.5108032
0.8118896,0.8015137
0.8049316,0.498291
0.9279175,0.5003662
0.5564575,0.4985352
0.8646851,0.432312
0.8842773,0.4854126
0.8637695,0.477356
0.949707,0.4871826
0.9321899,0.494751
0.8619995,0.5023193
0.8592529,0.5153809
0.862915,0.4661865
0.8960571,0.3746948
0.8763428,0.4798584
0.8720093,0.5053711
0.8673706,0.4891968
0.8916016,0.5089722
0.4899902,0.4992065
0.8649292,0.4830322
0.9398804,0.5109253
0.6062012,0.4996338
0.871521,0.4755859
0.4981079,0.4984131
0.8571777,0.4838257
0.6837769,0.2261353
0.8863525,0.4991455
0.8401489,0.4817505
0.7162476,0.4987183
0.6396484,0.4990845
0.901062,0.47229
0.8560181,0.5089111
0.8411255,0.4696045
0.9526978,0.4820557
0.8320923,0.4822998
0.7712402,0.3623657
0.8059692,0.4996948
0.8828735,0.4746094
0.4879761,0.4924316
0.822876,0.4758301
0.9277954,0.4987183
0.9278564,0.4863281
0.8699341,0.4994507
0.9071045,0.4772339
0.9476318,0.5055542
0.867981,0.5033569
0.9143066,0.4954834
0.9343262,0.4880371
0.8425903,0.4957275
0.8696899,0.4804077
0.944397,0.5084229
0.8652954,0.4912109
0.6716919,0.4958496
0.9144897,0.4855347
0.9353638,0.5135498
0.8621826,0.4759521
0.8399048,0.4456177
0.9367676,0.4974976
0.8869019,0.4680176
0.9297485,0.4802246
0.916626,0.5127563
0.9315796,0.4971313
0.5783081,0.500061
0.8317261,0.475769
0.8673096,0.5042725
0.8729248,0.6328735
0.8446655,0.4989624
0.864563,0.5198364
0.9287109,0.494751
0.8763428,0.4014282
0.8886719,0.5006714
0.9060059,0.4800415
0.4711304,0.4987183
0.8753052,0.4974976
0.9082031,0.4848022
0.8950806,0.4935913
0.888916,0.4914551
0.5056152,0.5046997
0.9470215,0.4912109
0.7753906,0.4985352
0.8669434,0.5108032
0.8421021,0.4650269
0.9248047,0.4932861
0.8636475,0.4916992
0.6804199,0.4984741
0.8743896,0.5006714
0.8599854,0.4746094
0.8119507,0.4988403
0.8865967,0.4678345
0.9412231,0.4813232
0.942688,0.5007935
0.859375,0.4530029
0.7713013,0.4995117
0.8983765,0.4754639
0.918335,0.5182495
0.9519043,0.513916
0.8701782,0.4768066
0.8737183,0.6692505
0.8492432,0.496582
0.7487183,0.5163574
0.8424683,0.430481
0.8827515,0.4815674
0.9014893,0.5059814
0.6471558,0.4990234
0.8613892,0.4951172
0.5610962,0.4985962
0.9212646,0.4796753
0.9213257,0.5229492
0.4616089,0.4993896
0.894043,0.4903564
0.8988037,0.5232544
0.8683472,0.7147827
0.8979492,0.4613037
0.9464722,0.4998169
0.715271,0.8982544
0.8612671,0.4534912
0.868103,0.4685059
0.9266357,0.4974976
0.9295044,0.5187378
0.8425293,0.4873047
0.875,0.4730835
0.7005615,0.4986572
0.8827515,0.5083618
0.9024658,0.4986572
0.8799438,0.4706421
0.8467407,0.4995728
0.8549194,0.4459229
0.894043,0.479187
0.8522339,0.5085449
0.9296265,0.4870605
0.7542725,0.4996338
0.8683472,0.5003662
0.5201416,0.4984131
0.7989502,0.4980469
0.6086426,0.4981079
0.8365479,0.498291
0.8751831,0.4743652
0.9176025,0.4761353
0.9260864,0.5224609
0.8689575,0.4650269
0.8380127,0.4571533
0.921875,0.5222778
0.8984375,0.4891357
0.9087524,0.4748535
0.9334717,0.4962769
0.5343628,0.5029297
0.9412842,0.5066528
0.8748169,0.4711914
0.9055786,0.4807129
0.9472046,0.505188
0.9389038,0.5203857
0.9306641,0.5175171
0.8829346,0.4985352
0.8845215,0.3273315
0.8439331,0.4398193
0.7092285,0.4990234
0.9429932,0.5076294
0.9464111,0.508728
0.8766479,0.5101318
0.8701172,0.475647
0.8758545,0.5016479
0.493042,0.4991455
0.8128662,0.3782349
0.833313,0.4581909
0.8034058,0.4124756
0.9000244,0.4735107
0.6201782,0.4993286
0.8929443,0.5168457
0.8928223,0.5064697
0.8858643,0.5005493
0.8983765,0.522644
0.9465332,0.4733887
0.9279785,0.5096436
0.8153076,0.4985352
0.9414062,0.4938354
0.9033813,0.4968872
0.8864746,0.4754639
0.9348145,0.4935303
0.8477173,0.4772949
0.8778076,0.5072632
0.8944702,0.4956665
0.9207153,0.4799805
0.7476196,0.4984131
0.8413086,0.4874268
0.8763428,0.4924316
0.8955688,0.4734497
0.9381104,0.512146
0.8718262,0.4892578
0.8911743,0.4981689
0.8931885,0.4806519
0.9043579,0.5024414
0.6550903,0.1604614
0.5,0.4992676
0.7452393,0.5010986
0.6657104,0.4992676
0.8955688,0.5037231
0.876709,0.4197388
0.8768311,0.4942627
0.8343506,0.4457397
0.7634277,0.4993286
0.862915,0.4758301
0.793396,0.3753662
0.9484253,0.4981689
0.8657837,0.4995728
0.4804688,0.4991455
0.9154663,0.4970093
0.8596802,0.4763794
0.9329834,0.5148315
0.9421387,0.4794922
0.9124756,0.4823608
0.894104,0.5142212
0.7235107,0.1946411
0.6304321,0.4991455
0.9311523,0.4794312
0.7009888,0.2064819
0.9174194,0.5006104
0.4873047,0.4960327
0.588623,0.498291
0.8495483,0.4974365
0.8414917,0.444519
0.8248901,0.4996948
0.7564087,0.49646
0.9080811,0.4805908
0.9125977,0.4932251
0.8654175,0.4290771
0.925293,0.5219116
0.9384155,0.4848022
0.8707886,0.4837036
0.8692627,0.4732056
0.8762207,0.4978027
0.934021,0.496582
0.5563965,0.4984131
0.9472046,0.4985352
0.6960449,0.4987793
0.8952637,0.4849243
0.9129028,0.4832764
0.84552,0.5018311
0.7612915,0.5010986
0.8682861,0.4710083
0.9415894,0.503479
0.9054565,0.486145
0.8828125,0.5064697
0.8823853,0.4763794
0.8331299,0.4782104
0.8466797,0.4926147
0.8652344,0.5023193
0.8516235,0.4789429
0.7191162,0.49823
0.9274292,0.5064697
0.8647461,0.4660034
0.8122559,0.4365234
0.9047852,0.479126
0.8234863,0.4319458
0.9442139,0.4907227
0.8936157,0.4988403
0.9052734,0.4989624
0.5976562,0.4986572
0.9359131,0.5238647
0.930603,0.6307373
0.923584,0.5187378
0.9356689,0.4956665
0.9071655,0.5222778
0.555542,0.4990234
0.7719727,0.5001831
0.9329834,0.5015869
0.8250732,0.4995728
0.8921509,0.5082397
0.847229,0.4766235
0.8798218,0.5149536
0.9224854,0.5002441
0.6567993,0.4988403
0.7704468,0.4989014
0.901062,0.5068359
0.9046021,0.5154419
0.732605,0.4978027
0.8876953,0.4732056
0.8915405,0.4936523
0.8617554,0.4764404
0.7996216,0.4984131
0.8682251,0.4936523
0.8223877,0.4380493
0.8776855,0.482666
0.8348389,0.4884644
0.8328247,0.3665161
0.9283447,0.5220337
0.8910522,0.5231323
0.9515381,0.5030518
0.4680176,0.4988403
0.9186401,0.4995728
0.6923218,0.2081909
0.8827515,0.4641724
0.5450439,0.4985962
0.6491699,0.5023193
0.7938843,0.4981689
0.862793,0.4871216
0.8670654,0.4829712
0.7143555,0.4968262
0.8463745,0.4628906
0.8817139,0.5008545
0.9125977,0.5545654
0.9239502,0.5120239
0.8688965,0.4692993
0.8803711,0.4998779
0.7815552,0.4996338
0.8115845,0.4984741
0.9390869,0.4934692
0.8925171,0.4941406
0.8918457,0.5231934
0.9404297,0.5142212
0.8983154,0.4896851
0.8625488,0.4980469
0.9187622,0.5154419
0.9425049,0.4882812
0.923584,0.4987793
0.9488525,0.4898682
0.9094849,0.4787598
0.8560791,0.4894409
0.494812,0.4985352
0.6999512,0.5002441
0.9289551,0.5163574
0.866394,0.4884033
0.6384888,0.8983154
0.9111938,0.5028687
0.8678589,0.5073853
0.9347534,0.4786377
0.8999023,0.4959717
0.9016113,0.4958496
0.9058228,0.4837036
0.8927612,0.5009766
0.8931885,0.4993286
0.6887207,0.4987183
0.7377319,0.4985962
0.8666382,0.4967041
0.5380249,0.4981079
0.9249878,0.5101318
0.9215088,0.5218506
0.9370117,0.4806519
0.7904663,0.3206787
0.9293213,0.5007324
0.6880493,0.2133179
0.7277222,0.49823
0.9193115,0.5200195
0.9129028,0.4876099
0.8912354,0.6138916
0.9203491,0.5199585
0.6889038,0.4992065
0.864624,0.4837646
0.6391602,0.5012207
0.9403076,0.5025635
0.6704102,0.4993896
0.9348755,0.4872437
0.732666,0.4985962
0.8811646,0.4972534
0.8753662,0.4925537
0.8994751,0.4795532
0.80896,0.4995117
0.9161377,0.5004272
0.8424072,0.4847412
0.9371948,0.4777222
0.9397583,0.4875488
0.8848267,0.4745483
0.9453125,0.4865723
0.7480469,0.5018921
0.8733521,0.4682617
0.953064,0.5003052
0.8391724,0.4866333
0.9152832,0.4888916
0.9006348,0.4917603
0.7821045,0.508728
0.8968506,0.4900513
0.9397583,0.4984741
0.6783447,0.4987793
0.6618652,0.4979858
0.9060059,0.4917603
0.9164429,0.4848022
0.9349365,0.4866333
0.9378052,0.5045776
0.9460449,0.4914551
0.8879395,0.4691162
0.8793335,0.4717407
0.9354858,0.5076294
0.7158813,0.4993286
0.9370728,0.5012817
0.7457886,0.4989014
0.9293213,0.4967651
0.9243164,0.5106812
0.9102173,0.5131226
0.8683472,0.4795532
0.4949341,0.4983521
0.9608154,0.5025635
0.9414062,0.5050659
0.9024658,0.4954834
0.9480591,0.5058594
0.9135132,0.5101929
0.5595093,0.4973145
0.8947754,0.4978638
0.8828735,0.4699707
0.8965454,0.4743652
0.8690186,0.4715576
0.6563721,0.4989014
0.8765869,0.4766846
0.7910156,0.3470459
0.9331665,0.5004272
0.9180908,0.4987183
0.7910767,0.4996338
0.9381104,0.5091553
0.6827393,0.5031128
0.7073975,0.2260132
0.7752075,0.5123291
0.852417,0.4258423
0.8839722,0.4763794
0.8378906,0.4533081
0.9146118,0.5184326
0.9087524,0.5125122
0.940979,0.5009155
0.7337036,0.4990845
0.8665771,0.4647827
0.8825073,0.5113525
0.9317627,0.5180054
0.9185181,0.4992065
0.8668213,0.4841309
0.9481812,0.4813843
0.4699707,0.5009155
0.9034424,0.4995728
0.8828735,0.5
0.8892822,0.4736938
0.8366699,0.47052
0.8769531,0.4784546
0.8467407,0.4299927
0.9089966,0.5105591
0.8787842,0.5001221
0.9051514,0.3464355
0.7854614,0.496582
0.9241333,0.4779053
0.6653442,0.4990234
0.9412231,0.491394
0.9398804,0.5152588
0.9329224,0.4914551
0.8640747,0.505127
0.8429565,0.4991455
0.9157104,0.5213623
0.8487549,0.4859619
0.8218384,0.4581909
0.7739258,0.4984131
0.826355,0.4657593
0.8511963,0.4829102
0.8233643,0.3830566
0.7810059,0.5001831
0.7632446,0.3081665
0.9354248,0.5204468
0.5693359,0.4990234
0.8580322,0.487793
0.836731,0.3762817
0.9074097,0.5041504
0.8599243,0.5029297
0.9291382,0.4901733
0.8743896,0.5049438
0.8409424,0.4740601
0.9309692,0.5170898
0.9342041,0.5076904
0.8980103,0.5033569
0.9430542,0.503479
0.5513916,0.4981079
0.666687,0.4998779
0.8253174,0.3983765
0.874939,0.458252
0.8944702,0.5134277
0.9005127,0.5147705
0.8897705,0.5009766
0.8474121,0.4763794
0.9298096,0.4782104
0.4955444,0.5002441
0.9128418,0.5189209
0.8648682,0.4555054
0.8633423,0.5096436
0.9232788,0.510437
0.8964233,0.4880981
0.8701172,0.4398804
0.9107666,0.4790039
0.8591919,0.4761963
0.8660278,0.4760132
0.5300903,0.4992676
0.9466553,0.5029297
0.9356079,0.4783325
0.6286621,0.4980469
0.8843994,0.4070435
0.8847656,0.4821777
0.9608765,0.499939
0.9362183,0.4862671
0.7935791,0.3601685
0.8127441,0.4997559
0.8712158,0.4741821
0.52771,0.4976196
0.8441162,0.4805908
0.8997803,0.6427612
0.8652344,0.4852295
0.9265137,0.5193481
0.9346313,0.5057373
0.656311,0.4981689
0.9443359,0.5073242
0.9047241,0.5036011
0.8998413,0.5205688
0.9243774,0.5203247
0.8063965,0.7678223
0.8475342,0.4842529
0.8521118,0.4264526
0.4638672,0.4980469
0.9202271,0.4971924
0.8560791,0.5105591
0.9187622,0.4890747
0.9318848,0.4991455
0.8695068,0.4888306
0.8649292,0.4993896
0.9613647,0.4770508
0.829895,0.3654785
0.9247437,0.4902954
0.5606079,0.4980469
0.9400635,0.5065918
0.9249878,0.4819946
0.9005737,0.4745483
0.8873291,0.473938
0.9449463,0.5162354
0.5387573,0.4967651
0.914856,0.5212402
0.9362183,0.5123291
0.9096069,0.4803467
0.8428955,0.387146
0.8822632,0.4815674
0.9433594,0.5124512
0.9052734,0.486084
0.8408813,0.4703979
0.6426392,0.4995117
0.9425049,0.4987183
0.888855,0.5009155
0.9274902,0.5227661
0.7600708,0.4993896
0.8959351,0.4726562
0.6685791,0.500061
0.6719971,0.4972534
0.8137817,0.4987793
0.953064,0.5037842
0.9297485,0.5048218
0.8650513,0.4691772
0.8857422,0.5117798
0.6864624,0.4986572
0.911377,0.4915771
0.9266357,0.4979248
0.8671875,0.5043945
0.6216431,0.4992676
0.8443604,0.4667969
0.9422607,0.494751
0.6765137,0.5006104
0.904541,0.4735107
0.8625488,0.4710693
0.8347778,0.4384155
0.8883057,0.4986572
0.9108887,0.4957275
0.7087402,0.4986572
0.5881348,0.1403809
0.8948364,0.4754028
0.8331299,0.4806519
0.8616943,0.4682617
0.8905029,0.3842163
0.8814697,0.4829712
0.8305664,0.4688721
0.8658447,0.4816895
0.4885254,0.496582
0.6560669,0.4996948
0.5319824,0.5040283
0.8806763,0.5012207
0.874939,0.4963989
0.9216919,0.5691528
0.8468628,0.4840698
0.5071411,0.4985962
0.9316406,0.5116577
0.7543945,0.5107422
0.9083252,0.5026245
0.9418945,0.5142822
0.9320068,0.5027466
0.5947876,0.4985962
0.9113159,0.3624268
0.9348145,0.4768677
0.7853394,0.4987183
0.9117432,0.4832764
0.9314575,0.4772949
0.8864136,0.4763184
0.9227905,0.5145264
0.9316406,0.5111694
0.663147,0.5001221
0.8922729,0.4844971
0.8415527,0.4544678
0.8988647,0.4736938
0.8733521,0.4916992
0.9203491,0.5198975
0.8969727,0.5094604
0.8377075,0.4786377
0.7401123,0.4997559
0.9271851,0.4838867
0.9403076,0.5171509
0.5610962,0.4987183
0.876709,0.489624
0.8347778,0.4684448
0.8659668,0.484375
0.914978,0.4862671
0.9390869,0.5004883
0.9216919,0.5001221
0.7008667,0.4981079
0.6879272,0.2130737
0.638916,0.4971924
0.9213257,0.4929199
0.909729,0.5213013
0.7590942,0.4934692
0.8555298,0.5098877
0.9316406,0.5025635
0.8561401,0.4889526
0.8627319,0.4746094
0.8482666,0.4694214
0.8943481,0.5050659
0.9440918,0.4863892
0.6693726,0.1434326
0.8807373,0.4984741
0.5031738,0.4995117
0.9277954,0.5125122
0.8961182,0.4771118
0.9077148,0.5303345
0.8777466,0.5005493
0.8198242,0.1752319
0.5755615,0.4987183
0.8587036,0.5098267
0.8707275,0.4816895
0.8980103,0.4780273
0.9406738,0.4837646
0.8474121,0.4990845
0.9363403,0.5041504
0.9307251,0.5134277
0.8800659,0.446106
0.9310913,0.4951172
0.5263672,0.4979858
0.8012695,0.3189087
0.8571167,0.4593506
0.885376,0.4963379
0.8886108,0.5217285
0.8922729,0.4753418
0.7977295,0.4990234
0.9194336,0.5194702
0.8864746,0.4990845
0.871521,0.5090332
0.8677368,0.4654541
0.8982544,0.4931641
0.8754272,0.4785156
0.9221802,0.500061
0.8922729,0.4869995
0.9291382,0.4830933
0.9346924,0.5115356
0.8959961,0.4769287
0.5563965,0.4984741
0.8440552,0.4803467
0.7703857,0.5001221
0.8959351,0.4708862
0.8851929,0.5151978
0.9411621,0.4995728
0.9278564,0.5114136
0.8952026,0.4973755
0.8519287,0.508667
0.9211426,0.4916382
0.8799438,0.4933472
0.9370728,0.494812
0.9161377,0.4737549
0.9342041,0.5089722
0.8910522,0.5018311
0.9448242,0.4986572
0.6295776,0.4979858
0.8911743,0.4993896
0.937439,0.5376587
0.8725586,0.5073853
0.8643799,0.427063
0.8649292,0.507019
0.5007324,0.5009155
0.8270874,0.499939
0.8969116,0.4925537
0.9335938,0.4788208
0.8562622,0.4760132
0.9226685,0.5145874
0.9058228,0.4868774
0.8760986,0.4585571
0.934082,0.4987183
0.5782471,0.4992676
0.7803345,0.8132935
0.9489136,0.5085449
0.8602295,0.4694214
0.9266968,0.4973145
0.9262695,0.5111694
0.9333496,0.4953003
0.9147949,0.4852295
0.8327637,0.4760132
0.9002686,0.4934082
0.5164795,0.1765137
0.84729,0.4694214
0.8589478,0.4852905
0.4764404,0.499939
0.8673096,0.5080566
0.6052246,0.4975586
0.4796143,0.5005493
0.9282837,0.5194092
0.882019,0.4973145
0.8469849,0.4962769
0.8468628,0.4815063
0.9673462,0.492981
0.9312744,0.4796143
0.9396973,0.5072021
0.8872681,0.5029297
0.7676392,0.2524414
0.8899536,0.4994507
0.9277344,0.5142212
0.8389282,0.435791
0.5773315,0.4978027
0.916687,0.4877319
0.914917,0.5132446
0.7261353,0.5009766
0.9398804,0.5072632
0.7303467,0.4987793
0.6316528,0.5108032
0.9277954,0.4994507
0.8604126,0.487793
0.9390259,0.4796753
0.8122559,0.3433228
0.4804077,0.4995728
0.8548584,0.3931274
0.93396,0.4996338
0.9208374,0.5050659
0.9408569,0.5962524
0.9061279,0.4857178
0.8642578,0.4995728
0.9394531,0.4604492
0.9663696,0.5320435
0.902771,0.5056152
0.774353,0.3592529
0.8873901,0.4758301
0.9202271,0.4923096
0.9291992,0.510376
0.9186401,0.5175171
0.4771729,0.4959717
0.8804321,0.4919434
0.8318481,0.401062
0.8632812,0.5028687
0.7866821,0.3019409
0.7122803,0.2479248
0.8887329,0.5028687
0.8526611,0.4985962
0.9109497,0.5007324
0.9295044,0.5079346
0.9052734,0.4759521
0.894104,0.480835
0.8782349,0.4672241
0.944458,0.4995117
0.9266357,0.5133667
0.9482422,0.5039062
0.7532349,0.4998779
0.875061,0.4813843
0.9262695,0.5246582
0.850647,0.4887695
0.8391113,0.5091553
0.928772,0.494751
0.8443604,0.3847046
0.9091187,0.4761353
0.93573,0.5093994
0.9094238,0.510376
0.7698975,0.4984131
0.4859619,0.4990845
0.9232788,0.4992676
0.8502197,0.4259644
0.84729,0.4818115
0.9019165,0.524231
0.9200439,0.4970093
0.7664185,0.4979248
0.9309692,0.5180054
0.8793335,0.5020142
0.8575439,0.4760742
0.9282837,0.4875488
0.8466187,0.4691162
0.8822021,0.512085
0.8519897,0.4679565
0.8605957,0.498291
0.6975098,0.8934326
0.8970337,0.4776611
0.8834229,0.4883423
0.8856812,0.4691772
0.8894653,0.4840088
0.7582397,0.4972534
0.8849487,0.4995117
0.8641357,0.5154419
0.8373413,0.4984131
0.8382568,0.4606934
0.8644409,0.4744263
0.7191162,0.49823
0.9176025,0.4750977
0.8757935,0.4802856
0.9355469,0.4951782
0.84552,0.4338379
0.8019409,0.4981689
0.9291992,0.4989014
0.8947754,0.4998169
0.9119873,0.4990845
0.9208374,0.4995117
0.8075562,0.3497314
0.489624,0.4989014
0.9345703,0.6199951
0.8624268,0.4714355
0.833313,0.4963989
0.9493408,0.5005493
0.9264526,0.5106201
0.9385986,0.510437
0.9046021,0.5144043
0.9071655,0.4803467
0.8591919,0.4981689
0.8579102,0.4760742
0.8913574,0.5236816
0.8954468,0.5115356
0.796814,0.4796143
0.664917,0.4987793
0.8668823,0.5066528
0.788208,0.4992065
0.9026489,0.475647
0.9224243,0.4940796
0.8737183,0.4714966
0.5115967,0.4981079
0.8215942,0.4160767
0.9281616,0.5151978
0.8223267,0.3804932
0.5678711,0.4990234
0.9007568,0.5079346
0.7401733,0.4981079
0.8635864,0.4376221
0.9441528,0.5058594
0.9157715,0.6200562
0.9157715,0.5228271
0.8608398,0.4755249
0.8656616,0.5088501
0.8654175,0.5065308
0.8498535,0.4987793
0.8813477,0.5101929
0.890564,0.4716797
0.9431763,0.4893188
0.9191284,0.5004272
0.9109497,0.5115967
0.8529053,0.4190063
0.9347534,0.5126343
0.5692749,0.496521
0.6953125,0.5006714
0.8626709,0.4765625
0.7163086,0.4891357
0.9118042,0.5199585
0.9378662,0.4800415
0.9404297,0.4935303
0.9256592,0.5220947
0.8862915,0.5062866
0.8447876,0.4766235
0.8949585,0.4884644
0.7337646,0.4990845
0.9473877,0.5014648
0.8710938,0.4918213
0.9060669,0.4825439
0.9122314,0.5005493
0.8677979,0.46875
0.8825073,0.4796143
0.8630371,0.4760132
0.8133545,0.3970947
0.6651001,0.498291
0.9309692,0.5220947
0.8720093,0.4985352
0.8833008,0.4853516
0.819519,0.4296265
0.9332275,0.4933472
0.8344727,0.4732056
0.8359985,0.475647
0.9249878,0.4995117
0.6190186,0.4973145
0.7544556,0.2711182
0.9282837,0.5092163
0.9349976,0.4859619
0.8691406,0.4920044
0.9379272,0.4886475
0.8463135,0.4779053
0.6984863,0.5135498
0.7633057,0.5061646
0.9424438,0.5106201
0.7574463,0.4998169
0.9060669,0.4983521
0.9067993,0.4931641
0.9492188,0.4996948
0.8615723,0.5039062
0.9152222,0.5011597
0.9127197,0.4953613
0.8723145,0.4797363
0.9299927,0.4993896
0.8652344,0.458313
0.7692871,0.4984741
0.9502563,0.5071411
0.8563232,0.47052
0.8168945,0.4987183
0.8962402,0.5108643
0.706543,0.4992065
0.9457397,0.5170288
0.9082642,0.4860229
0.90802,0.5128784
0.8717651,0.4885254
0.8713379,0.4041748
0.8419189,0.4769897
0.8641357,0.4522705
0.630127,0.4991455
0.6140137,0.4989624
0.9135132,0.5206299
0.4998779,0.4984741
0.8952026,0.4802856
0.9049683,0.4755249
0.6802979,0.4984741
0.8691406,0.5117188
0.848999,0.4782104
0.8178711,0.418396
0.852417,0.4996338
0.9179077,0.5024414
0.8589478,0.4683228
0.8148804,0.5084229
0.8916626,0.4732666
0.8962402,0.5130005
0.7518921,0.5016479
0.9438477,0.4862671
0.8712769,0.3781128
0.5773315,0.4985962
0.8587036,0.4419556
0.651001,0.4983521
0.8936157,0.4780273
0.668335,0.4991455
0.9299316,0.520813
0.8760376,0.4855957
0.8404541,0.3759155
0.930481,0.5148926
0.5863647,0.4981689
0.9282227,0.6305542
0.8684692,0.4841919
0.9284668,0.5169067
0.909668,0.5159912
0.8464355,0.489502
0.9402466,0.5054321
0.8880615,0.4800415
0.9301147,0.4957886
0.875,0.4755249
0.9200439,0.5028687
0.9069824,0.4765015
0.909668,0.5247192
0.8474121,0.4985962
0.9205933,0.4974976
0.9063721,0.6530151
0.8764648,0.4760742
0.8951416,0.5007935
0.9347534,0.486145
0.9512329,0.5011597
0.4901123,0.4996338
0.8789062,0.4991455
0.8710938,0.4745483
0.7191772,0.4985352
0.5990601,0.5318604
0.8579712,0.4992676
0.8396606,0.4790039
0.9378662,0.5115967
0.8876953,0.4723511
0.9546509,0.4882812
0.8807373,0.4812012
0.9421997,0.4966431
0.9155884,0.4941406
0.9375,0.4880371
0.8557739,0.4798584
0.6829224,0.5029297
0.8642578,0.5033569
0.7637329,0.4978027
0.9358521,0.5126343
0.8908691,0.4746094
0.9547119,0.5019531
0.8532104,0.4825439
0.9363403,0.5045776
0.9168091,0.5093994
0.8460083,0.421936
0.9115601,0.4943237
0.4735107,0.4978027
0.9213257,0.5232544
0.8514404,0.5023193
0.838501,0.482605
0.8128662,0.3552856
0.9384766,0.4931641
0.8898926,0.5047607
0.7852173,0.4989014
0.9034424,0.5150146
0.8362427,0.4821167
0.8952026,0.6670532
0.7202148,0.4992065
0.9395142,0.5054321
0.8973999,0.4980469
0.9373169,0.5150757
0.9442139,0.4869385
0.8616943,0.3987427
0.7278442,0.4985352
0.9109497,0.5187988
0.8739624,0.4090576
0.9666748,0.5023193
0.951355,0.5028687
0.9371338,0.5036621
0.5090332,0.4989014
0.5703125,0.4973755
0.9242554,0.5214844
0.8856201,0.473999
0.8473511,0.4777222
0.8421631,0.4813843
0.9326172,0.500061
0.9563599,0.4992676
0.9106445,0.484436
0.8306885,0.4121094
0.9047241,0.4766846
0.8116455,0.4989014
0.9422607,0.5012207
0.8084717,0.4118652
0.8787842,0.4849854
0.866272,0.4749146
0.8589478,0.4995728
0.9102783,0.4970703
0.8679199,0.5012207
0.8897705,0.50354
0.5943604,0.4990845
0.9043579,0.4813232
0.9251099,0.5223999
0.9049072,0.4812012
0.8822021,0.5170288
0.8725586,0.4786377
0.8536377,0.4730225
0.9342651,0.5211182
0.9231567,0.520874
0.8452759,0.4744873
0.9115601,0.5014648
0.8433228,0.4345093
0.8863525,0.508606
0.8930664,0.4782715
0.7354126,0.4984741
0.9332275,0.4946899
0.9082642,0.5220947
0.9503174,0.5072632
0.8886719,0.5031738
0.9414062,0.5114746
0.5657349,0.4976196
0.8363647,0.484314
0.8751221,0.5093994
0.932251,0.5010986
0.9206543,0.5194702
0.9347534,0.4986572
0.904541,0.4959106
0.9059448,0.4796143
0.9035034,0.5136108
0.8581543,0.5124512
0.8754272,0.4912109
0.6068726,0.4985962
0.9141235,0.5030518
0.8717651,0.5026855
0.8726196,0.487915
0.9047852,0.4750977
0.935791,0.4981689
0.8879395,0.4881592
0.8294067,0.4817505
0.8787842,0.4968262
0.9328003,0.4907837
0.8796997,0.473938
0.8289185,0.4834595
0.7369385,0.1958618
0.5294189,0.09082031
0.8630371,0.4907227
0.4911499,0.5003052
0.8522339,0.4732056
0.496521,0.4957275
0.9320679,0.5177612
0.8873901,0.4747314
0.8638306,0.4846191
0.9317627,0.4840088
0.8775635,0.4857178
0.9390869,0.4912109
0.8709106,0.4771729
0.8851929,0.4926147
0.9591675,0.4993286
0.8255615,0.4085083
0.8848267,0.5046387
0.7962646,0.4994507
0.8213501,0.3033447
0.6421509,0.4984741
0.8998413,0.4847412
0.828064,0.4980469
0.9105835,0.5192871
0.8549805,0.4884644
0.914978,0.4979858
0.9064331,0.5247192
0.6219482,0.4988403
0.9251709,0.5204468
0.9237671,0.5162354
0.8157959,0.3794556
0.9468994,0.4986572
0.8469849,0.4824219
0.8411865,0.4777222
0.9381104,0.5006104
0.8474731,0.4397583
0.852417,0.4688721
0.9331055,0.5181885
0.8969116,0.477356
0.793457,0.310791
0.9389648,0.5014648
0.5466919,0.4881592
0.8900757,0.5015869
0.9182129,0.4970703
0.7807007,0.4993896
0.8706055,0.4969482
0.8590088,0.4647217
0.4692993,0.4990234
0.9402466,0.4971313
0.8370972,0.4805298
0.7489014,0.4988403
0.7380371,0.2272949
0.7156372,0.4888306
0.9161987,0.5135498
0.8518677,0.4850464
0.9328613,0.5108032
0.8803101,0.4949341
0.836853,0.3731079
0.8135376,0.427002
0.8743286,0.4752197
0.5961304,0.02825928
0.9152832,0.5224609
0.8693237,0.4927979
0.7365723,0.4986572
0.887085,0.522522
0.6699829,0.4989624
0.793457,0.3364868
0.9391479,0.49646
0.9215698,0.5134888
0.9284668,0.4998779
0.8690796,0.4846191
0.9333496,0.4990234
0.9189453,0.4797363
0.8340454,0.4187012
0.9429932,0.4973755
0.940979,0.503479
0.7553711,0.4977417
0.6355591,0.4990234
0.9267578,0.4966431
0.9386597,0.5166016
0.9179077,0.5213013
0.7218018,0.4980469
0.9412231,0.5078735
0.9017334,0.4880371
0.8778687,0.4830322
0.8922729,0.472168
0.840271,0.4777832
0.9213867,0.5027466
0.7590332,0.498291
0.9068604,0.5183105
0.9038086,0.5145264
0.9020996,0.5004883
0.9412842,0.5181885
0.9094238,0.6497192
0.8724365,0.5115967
0.861145,0.4716797
0.9309082,0.5133057
0.8237915,0.4963379
0.4788208,0.4976196
0.5287476,0.498291
0.8616333,0.4029541
0.8490601,0.3778076
0.8937378,0.4735107
0.9365845,0.5016479
0.864563,0.493103
0.9107666,0.505188
0.8755493,0.5084229
0.9109497,0.4760132
0.8703613,0.473877
0.8583374,0.5115967
0.8808594,0.4716187
0.8770142,0.4818115
0.847229,0.4320679
0.5911865,0.4968262
0.5002441,0.4991455
0.8026123,0.2663574
0.9245605,0.4841919
0.9324951,0.5098267
0.8275757,0.4981079
0.9035034,0.5059204
0.6586304,0.4985962
0.93396,0.5039062
0.7982788,0.3500366
0.8666992,0.4951172
0.4805908,0.5028687
0.9308472,0.517334
0.8658447,0.4733887
0.7877808,0.5003052
0.8804932,0.5083008
0.9232178,0.4918823
0.8504028,0.4834595
0.9043579,0.5029907
0.7391357,0.4981689
0.8637695,0.4851685
0.9407959,0.5125122
0.9441528,0.4856567
0.9028931,0.4877319
0.9311523,0.5180054
0.888855,0.4795532
0.8374023,0.4970093
0.8942871,0.5059814
0.8474121,0.4837036
0.874939,0.5097656
0.9196167,0.5027466
0.940979,0.506897
0.8424072,0.4963379
0.9307251,0.4922485
0.9432373,0.5170898
0.894043,0.5026855
0.8833618,0.4994507
0.918396,0.5167236
0.9275513,0.519043
0.9423218,0.5076904
0.8648682,0.4934692
0.8566284,0.4772339
0.9481201,0.489624
0.9477539,0.4980469
0.9407959,0.4829102
0.7955322,0.4874878
0.9303589,0.5013428
0.81427,0.4997559
0.8897095,0.4820557
0.7575073,0.4974365
0.9318237,0.4841919
0.8570557,0.4636841
0.9422607,0.5158081
0.9437256,0.4978027
0.8804932,0.4816284
0.9298706,0.5175171
0.9317017,0.5175171
0.9248657,0.5123901
0.817627,0.392395
0.6547852,0.4990845
0.8465576,0.4813232
0.9432983,0.4679565
0.8930664,0.5163574
0.8529663,0.500061
0.8778687,0.505188
0.4747925,0.4986572
0.925293,0.4824219
0.8743286,0.4733887
0.8876343,0.4753418
0.9240723,0.4987793
0.9412231,0.5045776
0.9492188,0.4894409
0.921875,0.4976196
0.9364624,0.5114136
0.543396,0.4996338
0.9282837,0.5936279
0.9310303,0.4837646
0.835022,0.4667358
0.8779297,0.4974365
0.8726807,0.4752197
0.8540649,0.4991455
0.8417358,0.7006226
0.9632568,0.4923096
0.9490356,0.4960327
0.8294678,0.4922485
0.5539551,0.5001221
0.7611694,0.4980469
0.8696899,0.4821777
0.8600464,0.4741211
0.8021851,0.3861694
0.9368896,0.4963989
0.840271,0.4918213
0.9358521,0.4984131
0.8352661,0.4816895
0.635376,0.4986572
0.6489868,0.4988403
0.8607788,0.4782104
0.9251099,0.4796143
0.9381714,0.5100708
0.9193115,0.4845581
0.9255981,0.4891968
0.6259155,0.507019
0.8675537,0.4672241
0.9110718,0.5194092
0.6240234,0.4987793
0.8571167,0.4609985
0.8460083,0.4887085
0.9264526,0.4802856
0.9034424,0.4815674
0.7756348,0.499939
0.7967529,0.4989014
0.8977661,0.4779663
0.9311523,0.4987793
0.701355,0.4981079
0.8876953,0.4738159
0.5408936,0.4983521
0.8892212,0.4713745
0.8853149,0.4906006
0.5029907,0.4979248
0.8622437,0.4805908
0.857666,0.5006714
0.8882446,0.486084
0.8806152,0.4997559
0.9070435,0.5217896
0.7785645,0.4985352
0.6287842,0.4987183
0.5532227,0.4915771
0.9533691,0.4848633
0.6855469,0.4997559
0.9384766,0.519104
0.8753662,0.4746094
0.8671875,0.4763184
0.9324341,0.4984131
0.9232178,0.4956665
0.8370972,0.4685059
0.899353,0.475769
0.9234009,0.6307373
0.8764038,0.4891357
0.8570557,0.5116577
0.8502197,0.4786377
0.5072021,0.4990845
0.8900757,0.4810181
0.8751831,0.4800415
0.4795532,0.4989014
0.6437378,0.4972534
0.4916992,0.4990234
0.9264526,0.4971313
0.9401855,0.5101929
0.7417603,0.4980469
0.8452148,0.4890137
0.9255371,0.4766846
0.8719482,0.4260254
0.796936,0.4989624
0.6675415,0.5004883
0.8441772,0.4708862
0.9187622,0.5231323
0.8352051,0.4806519
0.8188477,0.4992065
0.9112549,0.4915771
0.9418945,0.4941406
0.9187622,0.5155029
0.852356,0.5038452
0.9206543,0.5200195
0.8886108,0.5192261
0.9268799,0.5043945
0.9070435,0.5209351
0.9380493,0.4844971
0.8616943,0.4760132
0.8682861,0.4780273
0.9368286,0.5216064
0.9354248,0.5043945
0.8136597,0.5006104
0.9168701,0.4989014
0.9308472,0.5007324
0.907959,0.487854
0.8164062,0.4985962
0.8224487,0.3656006
0.8805542,0.4998169
0.9429932,0.5079346
0.8486938,0.4904785
0.9272461,0.5085449
0.9248657,0.4910889
0.8814697,0.5062256
0.8683472,0.5025024
0.758667,0.4993286
0.8457031,0.5057983
0.8827515,0.5204468
0.9255981,0.4980469
0.8922729,0.4849243
0.4890137,0.4932251
0.7810669,0.4997559
0.9471436,0.4810791
0.8781738,0.505127
0.4785767,0.4989014
0.7994385,0.4992065
0.8851929,0.4725952
0.4891357,0.4989624
0.8500366,0.4786987
0.9104614,0.6514893
0.8143921,0.3999634
0.9185181,0.5161743
0.859375,0.4195557
0.6433716,0.4978027
0.8378296,0.4729614
0.9051514,0.4868774
0.8408813,0.3839722
0.907959,0.5061035
0.9387207,0.5142212
0.9506836,0.5025635
0.5593872,0.4971313
0.5782471,0.4980469
0.6630249,0.4992676
0.8865356,0.5178833
0.939209,0.4989624
0.4832153,0.4984131
0.8554688,0.484375
0.8881836,0.5024414
0.6947021,0.4960938
0.8612671,0.4772949
0.9407959,0.5103149
0.8669434,0.4501343
0.9387817,0.4852905
0.8912354,0.4945679
0.8552856,0.4879761
0.6378784,0.4984741
0.8905029,0.4923096
0.8774414,0.4703979
0.6572876,0.4998169
0.7633667,0.5153198
0.9135132,0.5249023
0.8377075,0.4711914
0.8828735,0.4857178
0.8787842,0.4795532
0.9192505,0.4769287
0.9054565,0.5235596
0.9312744,0.510376
0.8962402,0.4908447
0.5129395,0.4954834
0.866394,0.4732056
0.8930664,0.4778442
0.8502197,0.4384766
0.9177246,0.4899292
0.9463501,0.4993896
0.8344727,0.4971924
0.9511719,0.4834595
0.9463501,0.5047607
0.9384766,0.4812622
0.8885498,0.5025024
0.9396362,0.5024414
0.9393311,0.5101929
0.8738403,0.4926147
0.5809326,0.4891357
0.9467773,0.4831543
0.8200073,0.4993896
0.8521118,0.4813843
0.9194946,0.519043
0.9349365,0.5012817
0.8381958,0.480957
0.9418945,0.4372559
0.9328003,0.4837646
0.8918457,0.4927368
0.9438477,0.4953003
0.5040283,0.4996948
0.8496094,0.4902954
0.9285889,0.4976196
0.5828857,0.4980469
0.876709,0.4801025
0.9169312,0.5162354
0.8842773,0.4990234
0.9368286,0.5127563
0.8770752,0.4505005
0.9188232,0.5154419
0.8917236,0.5189209
0.8467407,0.4749146
0.8483887,0.4780273
0.8272705,0.4265137
0.7141113,0.4989014
0.8609009,0.4779663
0.9261475,0.5010376
0.8337402,0.446106
0.9389648,0.5152588
0.8403931,0.3615112
0.8651123,0.4818115
0.8814087,0.5024414
0.8710938,0.4556274
0.5013428,0.4986572
0.8740234,0.5202637
0.5847778,0.4995117
0.47052,0.498291
0.9315796,0.5083008
0.9454346,0.5006104
0.8668823,0.4763794
0.8987427,0.5065918
0.8769531,0.4712524
0.5841675,0.4989014
0.934021,0.4821777
0.9342651,0.4970703
0.9205933,0.4829712
0.9111328,0.4870605
0.8686523,0.5100098
0.8397827,0.4835205
0.8800659,0.4988403
0.9221191,0.4885864
0.9152832,0.4857788
0.9208984,0.4827271
0.8877563,0.5223389
0.9393921,0.5094604
0.9110718,0.5072021
0.9034424,0.5001831
0.5575562,0.4989014
0.8433228,0.4998779
0.8822021,0.5166626
0.9047852,0.4871216
0.8503418,0.7555542
0.9109497,0.5161743
0.5255737,0.1039429
0.8551636,0.4557495
0.9174194,0.4995117
0.7319336,0.4986572
0.928772,0.522522
0.8638306,0.4788818
0.9330444,0.5037231
0.6541138,0.4994507
0.7828369,0.3219604
0.8452148,0.4987183
0.8988037,0.4813232
0.8961182,0.6282349
0.9104004,0.5223999
0.8406982,0.796936
0.8336792,0.4390259
0.6204224,0.1030884
0.8530273,0.480957
0.9172974,0.5159302
0.9068604,0.480896
0.9485474,0.512146
0.8009033,0.5013428
0.8861084,0.4993286
0.9245605,0.4990234
0.8912964,0.5188599
0.5557861,0.4987793
0.8726807,0.4776001
0.8487549,0.4530029
0.737793,0.4891357
0.8779907,0.5068359
0.84021,0.47052
0.9296265,0.5003052
0.8688354,0.4783936
0.6881714,0.4983521
0.9168091,0.5216064
0.795166,0.5090942
0.8336182,0.4996948
0.8893433,0.5062866
0.8586426,0.4736938
0.8497925,0.4827271
0.9078979,0.4888916
0.944397,0.5169678
0.8392334,0.4630127
0.9387817,0.5124512
0.843689,0.5097046
0.8676758,0.4832153
0.8466797,0.4816895
0.9404297,0.4835815
0.9040527,0.5247192
0.8434448,0.4751587
0.9455566,0.4993896
0.9266968,0.5089722
0.9318848,0.4962769
0.9058838,0.4923706
0.9109497,0.484375
0.5299072,0.487793
0.8339844,0.3423462
0.9151001,0.5195312
0.7385254,0.4979858
0.9163818,0.5056152
0.8661499,0.4801636
0.7457275,0.5011597
0.9040527,0.5026855
0.8687134,0.4891968
0.8881226,0.473938
0.6112671,0.501709
0.9287109,0.4815674
0.6068726,0.4918823
0.8674927,0.4504395
0.8858643,0.4951782
0.8630371,0.4725952
0.9093018,0.5219727
0.9420776,0.5188599
0.815918,0.3565674
0.8181152,0.4263916
0.9354858,0.5096436
0.7167969,0.4996948
0.8551025,0.4603271
0.8406372,0.4779053
0.8700562,0.4870605
0.942627,0.5012207
0.6903076,0.5010376
0.9329224,0.5007324
0.8817139,0.5112305
0.9345093,0.5159302
0.8823242,0.4764404
0.9123535,0.4744873
0.960022,0.5009766
0.9396973,0.5026245
0.8508911,0.4754639
0.8487549,0.5065918
0.937561,0.5133057
0.9492188,0.5112915
0.8615723,0.479187
0.8840942,0.4943848
0.8704834,0.4766235
0.9158936,0.5108643
0.9190063,0.4911499
0.8399048,0.4772339
0.8929443,0.5046387
0.6086426,0.4989624
0.862793,0.4996338
0.9428101,0.4886475
0.8984985,0.6607056
0.8171387,0.4465942
0.8739014,0.5148315
0.9313354,0.5123291
0.8779907,0.4918823
0.8723145,0.4900513
0.8624878,0.5160522
0.8657227,0.4986572
0.9605713,0.5020752
0.9169312,0.5182495
0.8887329,0.5339966
0.8917847,0.475647
0.8410034,0.47052
0.9232788,0.5153809
0.8583374,0.4972534
0.8273926,0.4889526
0.8491211,0.4609375
0.87146,0.4613647
0.4822388,0.4979858
0.932312,0.4925537
0.8721313,0.496582
0.795105,0.3977051
0.9377441,0.508728
0.9202271,0.4880371
0.8380127,0.4390869
0.890686,0.4749146
0.9129639,0.4835205
0.7348633,0.49823
0.8352661,0.4539795
0.4694214,0.4984131
0.9312134,0.5120239
0.8759155,0.5106201
0.8947754,0.4743042
0.8964844,0.5245361
0.8612061,0.4677124
0.7987671,0.4992065
0.9094849,0.4969482
0.6375732,0.4990234
0.8875122,0.5023804
0.9219971,0.520813
0.9298096,0.6188965
0.895752,0.5102539
0.9316406,0.4946899
0.901123,0.494873
0.7773438,0.3214111
0.7290649,0.486084
0.8605347,0.5018921
0.9143677,0.5092163
0.8716431,0.4731445
0.8741455,0.4767456
0.776123,0.4979248
0.9301147,0.4787598
0.8937988,0.4835815
0.8549805,0.4993896
0.8730469,0.4810181
0.9320068,0.5249634
0.8961182,0.4880981
0.8723145,0.4382324
0.6008911,0.4978027
0.59729,0.4976196
0.7660522,0.7576904
0.9587402,0.5001221
0.8970947,0.4771118
0.9139404,0.5212402
0.8424683,0.4741821
0.8016357,0.5131836
0.8890381,0.4899292
0.7979126,0.277832
0.9041748,0.5206909
0.9404297,0.4906616
0.9494019,0.5149536
0.8705444,0.4852295
0.9024658,0.493103
0.8533936,0.4590454
0.9320679,0.4919434
0.7683716,0.2915039
0.5557861,0.4937134
0.8861084,0.4989014
0.8354492,0.4816895
0.8867798,0.4748535
0.9417725,0.4943848
0.8427734,0.4771729
0.5819702,0.4996948
0.8503418,0.4295654
0.8526611,0.5042114
0.869751,0.484375
0.9382935,0.5029297
0.8292236,0.4781494
0.8728638,0.4437256
0.913147,0.5223389
0.8675537,0.4912109
0.7682495,0.2348633
0.7984619,0.3285522
0.6661987,0.4973145
0.9459839,0.4893188
0.5856934,0.4976196
0.9372559,0.5022583
0.8899536,0.4732056
0.9227905,0.4901733
0.8702393,0.4720459
0.8758545,0.513916
0.9188232,0.5139771
0.8450928,0.4780884
0.921875,0.4953003
0.9268188,0.4789429
0.8658447,0.5166016
0.8449097,0.4623413
0.8442993,0.3806152
0.7554321,0.4987183
0.9078369,0.5167847
0.8024292,0.4967041
0.8751831,0.4711914
0.8664551,0.4653931
0.8898315,0.5059204
0.7199097,0.1812744
0.887207,0.4997559
0.8280029,0.4436646
0.8514404,0.5059814
0.944458,0.5123291
0.8717651,0.4995728
0.9292603,0.4994507
0.885437,0.4677734
0.5494385,0.1488037
0.8804321,0.5029907
0.9414673,0.5111084
0.9441528,0.5095825
0.9209595,0.4829102
0.8574219,0.4824219
0.8706055,0.4750366
0.8135376,0.3573608
0.8274536,0.500061
0.9440918,0.4995117
0.9307251,0.5244751
0.8369141,0.4989014
0.9207153,0.4855347
0.9159546,0.4903564
0.8287964,0.4771729
0.8575439,0.4744873
0.633728,0.500061
0.9169312,0.5195312
0.8319702,0.4758301
0.5586548,0.5005493
0.6010742,0.4989014
0.8769531,0.4502563
0.8825684,0.4835205
0.9133911,0.4862671
0.9216309,0.4984741
0.8844604,0.4770508
0.5870361,0.4989014
0.5596313,0.4977417
0.8466797,0.4993286
0.9152222,0.500061
0.8991699,0.4984741
0.9287109,0.5194092
0.8548584,0.4689331
0.6986694,0.1392212
0.8768921,0.4884644
0.5362549,0.4998779
0.8361206,0.4853516
0.8807373,0.4779663
0.9009399,0.4892578
0.9140015,0.4752197
0.8521118,0.5047607
0.6581421,0.5003662
0.4968262,0.4979248
0.9293823,0.4978638
0.9262695,0.5186157
0.9328613,0.5061646
0.9439697,0.480957
0.5823364,0.4985352
0.920166,0.4819336
0.8327026,0.4842529
0.8474731,0.4213867
0.493042,0.4975586
0.6676636,0.496582
0.8403931,0.4746704
0.946167,0.4984131
0.8877563,0.4971924
0.9307861,0.5186768
0.9155273,0.4998779
0.8410034,0.3544922
0.5297852,0.4996948
0.9259644,0.5146484
0.9308472,0.5196533
0.887085,0.5126343
0.8874512,0.5220947
0.9094238,0.4968872
0.6744385,0.4994507
0.8147583,0.4998779
0.4978638,0.4981689
0.7874756,0.4986572
0.8966064,0.6367798
0.9228516,0.5229492
0.9380493,0.4832764
0.8956909,0.4946899
0.8833618,0.4926147
0.9299927,0.4851685
0.9154053,0.5201416
0.8910522,0.5007935
0.9416504,0.4835815
0.8812866,0.4924927
0.9053345,0.4916382
0.5474854,0.4983521
0.5650635,0.4978027
0.9022827,0.4971313
0.8844604,0.5178223
0.8808594,0.4961548
0.9363403,0.5102539
0.8712769,0.5040283
0.8353271,0.4619141
0.9102783,0.5223389
0.8302612,0.4556885
0.7001953,0.4994507
0.8453979,0.4290161
0.7404785,0.4985962
0.8533936,0.4981689
0.8778076,0.4764404
0.6672974,0.4979248
0.8664551,0.4578857
0.9140015,0.4830322
0.8671875,0.4812622
0.8748169,0.4786987
0.8948975,0.500061
0.8589478,0.4753418
0.8652954,0.4780273
0.9127197,0.5001831
0.9039307,0.4802246
0.8339844,0.4840088
0.9121704,0.5186157
0.7974854,0.4996338
0.8461304,0.4723511
0.6422729,0.4984741
0.9473267,0.4943848
0.9006348,0.4838257
0.8658447,0.5980225
0.6779785,0.2628174
0.8869019,0.4727173
0.9073486,0.5212402
0.8231201,0.5013428
0.8317261,0.4500122
0.8706055,0.505127
0.520813,0.4995117
0.8568115,0.4987793
0.8676758,0.4673462
0.9260864,0.5206299
0.8787842,0.4978638
0.9241333,0.4896851
0.9118042,0.5178833
0.9360962,0.484436
0.9364624,0.4841309
0.9265747,0.5123291
0.6298218,0.4985352
0.8814697,0.4141235
0.8951416,0.5109863
0.9345703,0.5252686
0.876709,0.5100708
0.8643799,0.5
0.8950806,0.4996338
0.9411621,0.4932861
0.7991333,0.4961548
0.9402466,0.5116577
0.9165649,0.4770508
0.7145996,0.494873
0.7516479,0.4991455
0.55896,0.5012817
0.8471069,0.453125
0.8654175,0.4993286
0.9408569,0.5092773
0.5377197,0.4992065
0.9481201,0.5081177
0.8641357,0.4802856
0.5045166,0.4993286
0.9388428,0.5100098
0.7937622,0.3369141
0.8590088,0.4289551
0.9221191,0.4910278
0.9273071,0.5157471
0.9327393,0.4828491
0.6177368,0.4984741
0.8606567,0.4771118
0.7067871,0.494812
0.8497925,0.7634277
0.9068604,0.5202026
0.8742065,0.4810181
0.8397217,0.4932251
0.9394531,0.493103
0.6229858,0.5036011
0.9033813,0.5056152
0.8590698,0.4760742
0.7793579,0.4984131
0.9292603,0.5217285
0.8899536,0.4986572
0.9241333,0.4772339
0.855896,0.4944458
0.8988647,0.4814453
0.9433594,0.5045776
0.9172363,0.4872437
0.7763062,0.4986572
0.8989258,0.5158081
0.4694214,0.4983521
0.9439087,0.5172119
0.9321289,0.498291
0.8791504,0.4777832
0.4770508,0.4977417
0.9445801,0.4813843
0.9134521,0.4848633
0.8917236,0.4969482
0.944458,0.4988403
0.9014893,0.5177612
0.7841797,0.496521
0.8267822,0.4923096
0.7966919,0.5024414
0.9387817,0.494812
0.9605713,0.4996948
0.8841553,0.4909668
0.9215698,0.5002441
0.8477783,0.4830322
0.9066772,0.4797363
0.6506958,0.498291
0.9177246,0.4863281
0.8718872,0.4771729
0.835144,0.4248657
0.8498535,0.4710083
0.9483643,0.5058594
0.9378052,0.5044556
0.9080811,0.5109253
0.8713379,0.487793
0.9003906,0.5236816
0.8093872,0.4989014
0.9298706,0.4830933
0.8588867,0.4894409
0.9338989,0.5236206
0.8920898,0.4992676
0.7290649,0.4992676
0.8540649,0.4622803
0.9108887,0.5001221
0.9109497,0.5183105
0.8834839,0.4945068
0.9269409,0.5220947
0.9447021,0.4817505
0.895874,0.4936523
0.6380005,0.187561
0.6897583,0.4981689
0.8532715,0.491394
0.6418457,0.498291
0.8468018,0.5082397
0.7954712,0.3233032
0.8345947,0.4743042
0.8549194,0.4234009
0.9347534,0.4818115
0.9260864,0.473877
0.916748,0.4990845
0.8790894,0.5067139
0.9423218,0.4835815
0.7325439,0.4973755
0.9421997,0.5137939
0.9335327,0.5004272
0.9385986,0.517395
0.9465332,0.517334
0.5772095,0.4983521
0.9032593,0.4970703
0.9237671,0.5129395
0.6832886,0.5032959
0.850708,0.4984131
0.5983276,0.4985352
0.7122803,0.4976196
0.8572388,0.4994507
0.7887573,0.3016357
0.9069824,0.5
0.8605957,0.4786987
0.8613892,0.4216919
0.8838501,0.515625
0.9420776,0.5073242
0.9490967,0.512207
0.9088135,0.4880981
0.5689697,0.498291
0.8606567,0.4761963
0.8983765,0.4814453
0.9298096,0.5028076
0.6296997,0.49823
0.9005737,0.4707031
0.9624634,0.493042
0.8630371,0.4912109
0.9315796,0.4974976
0.8300781,0.479187
0.9366455,0.4968262
0.9434814,0.4949341
0.855896,0.4754028
0.9313965,0.5144653
0.8764038,0.4914551
0.7332153,0.4987183
0.9441528,0.5
0.807312,0.4995728
0.8093872,0.4996948
0.9493408,0.5095215
0.8534546,0.4349365
0.9313965,0.49823
0.862915,0.4984741
0.8939209,0.4772949
0.9299316,0.4985962
0.781311,0.4996338
0.9459839,0.5162354
0.9361572,0.4939575
0.5271606,0.4978638
0.8690796,0.4342651
0.5757446,0.1203613
0.8938599,0.517395
0.8799438,0.5064697
0.8996582,0.4990845
0.8414307,0.434021
0.9057617,0.5220947
0.9348145,0.5030518
0.9521484,0.4984741
0.9090576,0.4992676
0.8601074,0.4750366
0.9381104,0.493042
0.9517212,0.5015259
0.8378296,0.4935913
0.8920898,0.4995117
0.8587036,0.472229
0.9258423,0.4772339
0.6935425,0.4993286
0.8866577,0.487915
0.8625488,0.4234009
0.9378662,0.5231323
0.9262085,0.5039673
0.9400024,0.519104
0.8863525,0.4994507
0.9380493,0.5022583
0.7404785,0.2870483
0.9518433,0.4987793
0.885376,0.4738159
0.848877,0.4660645
0.9107666,0.520752
0.6437988,0.4956055
0.8428345,0.473938
0.8823242,0.4746094
0.8673706,0.4991455
0.9425659,0.5009766
0.9009399,0.5031128
0.9329224,0.5184937
0.8341064,0.4612427
0.901001,0.4981079
0.743103,0.1860962
0.5289917,0.4989624
0.8071289,0.3967285
0.9267578,0.5079956
0.8967896,0.4765625
0.8799438,0.4914551
0.8710938,0.479126
0.94104,0.5217285
0.8243408,0.473999
0.6729736,0.4891968
0.5375977,0.4978027
0.8834839,0.4938354
0.5563965,0.4988403
0.8571777,0.4758301
0.49823,0.4724121
0.8464355,0.4805908
0.9003906,0.4860229
0.8897705,0.4744873
0.8934937,0.6766357
0.8973389,0.5223389
0.9456787,0.4896851
0.9237671,0.4870605
0.8170776,0.3874512
0.9083252,0.4824219
0.907959,0.5038452
0.8308105,0.3387451
0.8278198,0.392334
0.9172974,0.668396
0.8840942,0.4998169
0.9122314,0.4928589
0.9129639,0.5137939
0.866272,0.4561768
0.8712769,0.4727173
0.8815308,0.5194092
0.6690674,0.4992065
0.671814,0.4960938
0.6902466,0.2134399
0.9414062,0.4934082
0.9098511,0.5229492
0.8590088,0.4226685
0.867981,0.4766846
0.8764648,0.4902344
0.8526001,0.4310303
0.928772,0.4821167
0.8474121,0.4813843
0.6757202,0.4995117
0.8815308,0.4807739
0.8657837,0.4915771
0.8776855,0.4848022
0.8841553,0.4846802
0.7227173,0.4993286
0.9056396,0.5233765
0.6699829,0.4987793
0.8591309,0.4992676
0.9376221,0.4906006
0.9312744,0.5183716
0.6132812,0.4990234
0.8370361,0.4741211
0.8343506,0.4711914
0.8633423,0.4683838
0.8395996,0.494751
0.9246216,0.5118408
0.9451904,0.5107422
0.7055054,0.4987183
0.8657837,0.4659424
0.6986694,0.4975586
0.8419189,0.4092407
0.8623047,0.4678955
0.8172607,0.4990234
0.9180908,0.4906006
0.6327515,0.5016479
0.8261108,0.4814453
0.9090576,0.5037231
0.8427124,0.4701538
0.7840576,0.3164673
0.8994141,0.4824829
0.8949585,0.4924316
0.5289307,0.4984741
0.9429932,0.5127563
0.8963013,0.5224609
0.7219849,0.4977417
0.9362793,0.4921875
0.8759155,0.4807739
0.876709,0.4802856
0.8956909,0.5039062
0.8765869,0.4728394
0.8984375,0.484375
0.9008179,0.4888306
0.8566284,0.5064087
0.5197754,0.4985962
0.7332153,0.4989624
0.9165649,0.5152588
0.8158569,0.500061
0.9057617,0.5244751
0.8743896,0.5054932
0.901062,0.5181885
0.9238892,0.5133667
0.8727417,0.5012817
0.9277954,0.4785156
0.7786255,0.4154053
0.8449707,0.4970093
0.6500244,0.5004272
0.4996948,0.4945068
0.8582153,0.4992676
0.6833496,0.505127
0.9204102,0.5176392
0.5825806,0.5053711
0.9302979,0.5004272
0.8439331,0.4993286
0.9379883,0.5084839
0.8399048,0.4602661
0.8881226,0.4681396
0.921814,0.5146484
0.9252319,0.5148315
0.8799438,0.4684448
0.9283447,0.5106201
0.9430542,0.5331421
0.9276123,0.4974365
0.9382324,0.4989014
0.8405762,0.4886475
0.8620605,0.4956055
0.8392334,0.4724731
0.9020386,0.4765015
0.9205933,0.5004272
0.9312744,0.510376
0.9317017,0.4845581
0.8587646,0.4639893
0.949707,0.4904175
0.9194336,0.4962158
0.9307861,0.4873657
0.8508911,0.491272
0.8446655,0.4926758
0.8637085,0.4589844
0.9044189,0.5020142
0.7160034,0.4987183
0.8040771,0.3279419
0.8444824,0.4213867
0.9508057,0.4977417
0.8810425,0.5209961
0.6176758,0.4966431
0.8764038,0.4779663
0.9327393,0.5100098
0.9163818,0.5057983
0.8508301,0.4622192
0.8932495,0.3690796
0.9017944,0.4992065
0.9211426,0.4241943
0.947937,0.5029907
0.8803101,0.4829102
0.8693237,0.5076294
0.937439,0.5585327
0.8969116,0.522522
0.894104,0.5089722
0.7615356,0.496582
0.4918213,0.4980469
0.8985596,0.4889526
0.8461914,0.4881592
0.8944702,0.473938
0.9223633,0.5234985
0.8469849,0.4490967
0.8515625,0.4746704
0.4667969,0.4993286
0.9176025,0.524231
0.9247437,0.4973755
0.515686,0.4988403
0.8912354,0.4831543
0.8610229,0.4483032
0.9389648,0.4852295
0.8852539,0.4370728
0.6307373,0.4962158
0.9099731,0.5217896
0.8909302,0.4663696
0.8200684,0.4990845
0.8751831,0.486145
0.9182739,0.5177002
0.9337769,0.5117798
0.8413696,0.4932861
0.8495483,0.4694824
0.701355,0.2420654
0.8458252,0.3508301
0.8843384,0.5026245
0.9273682,0.4865723
0.8947144,0.4732056
0.8706055,0.4702759
0.894043,0.4984131
0.9394531,0.5158691
0.8820801,0.4867554
0.9267578,0.4769897
0.9188843,0.5097046
0.8511353,0.4921875
0.949585,0.506897
0.8601685,0.5108643
0.9408569,0.5194092
0.899292,0.5240479
0.8936768,0.4922485
0.8670654,0.477478
0.859314,0.4968872
0.6439209,0.4986572
0.9082031,0.5004272
0.9024658,0.5015869
0.883667,0.5085449
0.9450073,0.5106201
0.8607178,0.4846191
0.8763428,0.5045166
0.9161377,0.5043335
0.8531494,0.4733887
0.9099731,0.4910889
0.8616943,0.4554443
0.887207,0.5228271
0.8022461,0.5067139
0.6362305,0.5079346
0.9387207,0.4920654
0.8694458,0.5009766
0.904541,0.4758301
0.8468018,0.4705811
0.8684082,0.4817505
0.9034424,0.4765625
0.8530884,0.4750977
0.8927002,0.480957
0.7462769,0.3406372
0.796936,0.4989624
0.6482544,0.498291
0.8754272,0.5219116
0.8406982,0.4658203
0.9561768,0.5040283
0.8942871,0.5060425
0.6425781,0.4988403
0.867981,0.4868164
0.8530273,0.4656982
0.8999023,0.512207
0.7834473,0.4968872
0.9337769,0.5129395
0.9260864,0.4777832
0.8078003,0.3041382
0.4845581,0.4990845
0.8947144,0.5009766
0.9208374,0.4202271
0.9349365,0.489563
0.8982544,0.4794922
0.8352661,0.4686279
0.8438721,0.4645386
0.9415283,0.513916
0.8427124,0.4731445
0.8479614,0.4623413
0.9412231,0.5062256
0.892395,0.4919434
0.9056396,0.4780273
0.8546143,0.4609375
0.9036255,0.4929199
0.8127441,0.4993286
0.8687134,0.4711304
0.8984375,0.5089111
0.9161987,0.5233765
0.7539673,0.4990845
0.6571045,0.4983521
0.9296265,0.4989624
0.8441772,0.4690552
0.5935669,0.4989624
0.9077759,0.5004272
0.734436,0.4993286
0.4993286,0.4990234
0.9134521,0.4871826
0.8997192,0.5048218
0.5385132,0.4973755
0.5126953,0.4953003
0.8468018,0.4984741
0.8445435,0.5
0.7672119,0.5004883
0.9309692,0.4983521
0.9359741,0.4893188
0.8864136,0.4697266
0.852417,0.4758911
0.5584106,0.4983521
0.8818359,0.4973755
0.9325562,0.5583496
0.9061279,0.6064453
0.8470459,0.4552612
0.897522,0.4540405
0.859314,0.472168
0.8683472,0.4726562
0.8369141,0.4525757
0.862793,0.4987793
0.8388062,0.4716797
0.9244385,0.5106201
0.7380981,0.4997559
0.9074707,0.4866943
0.9161377,0.5106812
0.8468628,0.4248047
0.868103,0.4806519
0.9053955,0.4822388
0.8582764,0.5040283
0.4943237,0.4984741
0.5384521,0.5011597
0.8832397,0.506897
0.9059448,0.4985352
0.8511963,0.4748535
0.8550415,0.4833984
0.9469604,0.4988403
0.8453979,0.4771118
0.8574219,0.4689941
0.8760986,0.4901733
0.9651489,0.4998169
0.7996216,0.4984131
0.6519775,0.4993896
0.6191406,0.4990234
0.9249878,0.4763794
0.9295044,0.4995728
0.9267578,0.5217285
0.9460449,0.5024414
0.8607178,0.4838257
0.8947144,0.5236816
0.8876343,0.5223389
0.8618164,0.5003662
0.6293335,0.4983521
0.9412231,0.5089111
0.598999,0.4984131
0.8502808,0.4690552
0.8408813,0.4353638
0.9154053,0.5137329
0.8625488,0.4570923
0.9620361,0.5053101
0.9074707,0.5071411
0.8190918,0.4596558
0.8483887,0.4732666
0.8847046,0.4962769
0.9165039,0.4776611
0.9337769,0.4799194
0.9356689,0.4954834
0.9404297,0.5100098
0.9367065,0.4985352
0.9325562,0.4984741
0.8171387,0.4978027
0.8499756,0.4790039
0.9009399,0.4995117
0.7563477,0.4989624
0.8535156,0.4639893
0.4898682,0.5057373
0.9071045,0.4842529
0.8525391,0.4825439
0.9334106,0.4998779
0.8378906,0.4950562
0.8488159,0.4880371
0.8966675,0.475647
0.9096069,0.520874
0.8737793,0.4706421
0.8673706,0.4638062
0.7641602,0.4984741
0.9269409,0.4891357
0.80896,0.4991455
0.7322998,0.4979248
0.8720703,0.3859863
0.833252,0.4784546
0.8997192,0.4822998
0.9099731,0.4856567
0.8449707,0.4864502
0.5785522,0.4989624
0.8540649,0.4684448
0.9067993,0.4900513
0.9355469,0.5018921
0.5600586,0.4976196
0.4642334,0.4988403
0.9302979,0.5222778
0.5073853,0.5147095
0.921814,0.4765015
0.9023438,0.4848633
0.9523315,0.4914551
0.8823853,0.4658203
0.8791504,0.4978638
0.8424072,0.4797363
0.8364868,0.487915
0.8739014,0.4768677
0.8551636,0.4875488
0.7039185,0.4992065
0.8973999,0.5107422
0.6785278,0.5040283
0.9361572,0.5151978
0.6190796,0.4966431
0.9180908,0.5578613
0.944397,0.5064087
0.8265991,0.4993286
0.9316406,0.5137329
0.8613892,0.512207
0.9315796,0.4830322
0.8505249,0.4649658
0.8442383,0.4954224
0.8381958,0.5030518
0.9359741,0.4831543
0.9005127,0.4863892
0.8966675,0.5144043
0.8387451,0.4211426
0.9133911,0.5177002
0.8742676,0.4848633
0.9313965,0.4819336
0.9157715,0.4886475
0.8743896,0.4696045
0.8493042,0.4251709
0.9423218,0.5057373
0.5393677,0.4976196
0.8886108,0.4939575
0.862915,0.4735107
0.8677368,0.4686279
0.8259888,0.4860229
0.9241943,0.4890137
0.8684082,0.4838257
0.8952026,0.5112915
0.8978271,0.4752197
0.8345947,0.4590454
0.9594727,0.4998779
0.9351196,0.5109863
0.868042,0.4725952
0.8944702,0.5014648
0.8565063,0.4278564
0.8636475,0.4700928
0.9143066,0.4938354
0.579895,0.4992065
0.8762207,0.4752808
0.9403687,0.5147705
0.874939,0.4414673
0.9455566,0.5166626
0.9318848,0.4952393
0.7335815,0.736084
0.9133301,0.5164795
0.8845825,0.5062256
0.9189453,0.5209351
0.8865967,0.4909058
0.8549805,0.4831543
0.9049072,0.4938354
0.8740234,0.4986572
0.8361816,0.4603882
0.7131958,0.4987793
0.902832,0.5062866
0.8861084,0.4974365
0.8214111,0.498291
0.9154663,0.4830322
0.9336548,0.4931641
0.7261963,0.4979858
0.8712158,0.5186768
0.8934937,0.4727783
0.6624756,0.276001
0.8607178,0.5045166
0.9348145,0.5231323
0.8989868,0.4799805
0.9453125,0.5141602
0.8670044,0.475769
0.8381348,0.4827881
0.8469238,0.4626465
0.9157715,0.5088501
0.9107056,0.5123901
0.9298096,0.5004272
0.9373169,0.5214233
0.8343506,0.4716187
0.8580322,0.4989624
0.8264771,0.4963989
0.8938599,0.506958
0.9366455,0.480896
0.914917,0.5180054
0.8670044,0.5145874
0.8926392,0.4987183
0.8057251,0.2919922
0.8843994,0.4710083
0.8640137,0.4836426
0.8627319,0.4779053
0.8712769,0.468811
0.9334106,0.5025635
0.9345703,0.5163574
0.9360352,0.4796143
0.8989258,0.7058105
0.9192505,0.5195312
0.8447266,0.4850464
0.9581299,0.4973145
0.8781738,0.50177
0.9375,0.5117798
0.8446045,0.5084839
0.5390015,0.4985352
0.8885498,0.5057373
0.8929443,0.4451904
0.8889771,0.472229
0.9241943,0.4872437
0.8685913,0.4613647
0.9393311,0.4958496
0.9346924,0.4942627
0.9545288,0.4919434
0.8445435,0.4611206
0.8069458,0.7949829
0.8483887,0.472168
0.9019165,0.6194458
0.8352051,0.4667969
0.8951416,0.5075073
0.8875122,0.4874268
0.9165039,0.4852905
0.9240723,0.4984741
0.7971191,0.4996338
0.5325317,0.06744385
0.4891968,0.4987793
0.8917847,0.4816895
0.8170776,0.3762817
0.861084,0.4296875
0.6431274,0.4973755
0.9321899,0.4988403
0.9180908,0.4919434
0.526001,0.4777222
0.6456909,0.4979858
0.9432373,0.5088501
0.8041382,0.4594727
0.8891602,0.5234985
0.9415894,0.5
0.6291504,0.4977417
0.8630981,0.4730225
0.9317017,0.5062866
0.920105,0.4851685
0.8366089,0.4906006
0.9442139,0.5092163
0.9260864,0.477356
0.8908691,0.5008545
0.907959,0.4829712
0.8798828,0.4788818
0.6622925,0.4987183
0.8961792,0.5153809
0.8196411,0.4995117
0.8886719,0.4691162
0.4639893,0.4984131
0.8364868,0.4857178
0.7578125,0.4992676
0.8057251,0.4985962
0.9663086,0.4920044
0.8667603,0.4700928
0.4914551,0.4973755
0.8483887,0.477356
0.9014893,0.5199585
0.8939209,0.4992676
0.880188,0.4987793
0.9412842,0.4822388
0.8544312,0.4990234
0.6578369,0.4993286
0.9002686,0.4543457
0.8658447,0.4725952
0.8852539,0.4818726
0.8771362,0.4749146
0.8882446,0.4788818
0.8589478,0.4730835
0.9111328,0.4998169
0.9095459,0.4975586
0.9146118,0.4787598
0.4920654,0.4973755
0.9138184,0.4828491
0.918457,0.5248413
0.8846436,0.5159912
0.8773804,0.4985962
0.9385986,0.5185547
0.9455566,0.493042
0.9057007,0.486145
0.8771973,0.479248
0.8633423,0.4751587
0.8999023,0.6409302
0.8555908,0.4675903
0.9049072,0.4923096
0.9152222,0.4890747
0.8739624,0.4728394
0.6329956,0.4985962
0.9239502,0.4776001
0.8508911,0.4725952
0.7383423,0.4970093
0.8921509,0.5135498
0.916626,0.4936523
0.9390259,0.5197144
0.6403198,0.4993896
0.8122559,0.4413452
0.8228149,0.5001221
0.9352417,0.5043945
0.9341431,0.5109253
0.6412964,0.4983521
0.9215088,0.4976196
0.9255981,0.4902954
0.9371948,0.4852905
0.9237671,0.4926758
0.9378052,0.4970703
0.7019653,0.5023193
0.9431152,0.5151978
0.9185791,0.4810181
0.8632202,0.505188
0.7782593,0.3583984
0.9176636,0.5145874
0.5957642,0.499939
0.5307007,0.4985352
0.9155884,0.5084839
0.8444214,0.5008545
0.9120483,0.4983521
0.4779053,0.4990845
0.890686,0.5141602
0.9406128,0.5167847
0.9265137,0.4112549
0.8961792,0.4763794
0.9108887,0.4939575
0.8945923,0.5844727
0.8705444,0.4626465
0.8656616,0.463623
0.8561401,0.4873047
0.9028931,0.5228882
0.8748169,0.4978027
0.9372559,0.4960938
0.9228516,0.4908447
0.9111938,0.50354
0.866333,0.4782715
0.880249,0.4647217
0.9141846,0.5115967
0.9320068,0.4862061
0.8656006,0.4897461
0.9143066,0.5140381
0.9117432,0.4747925
0.8831787,0.506897
0.9490356,0.5109863
0.9157104,0.5161743
0.9077759,0.4876709
0.904541,0.4812622
0.8778687,0.4932251
0.8876953,0.5076294
0.8884277,0.4954224
0.9093628,0.5180054
0.7824707,0.8442383
0.9437866,0.5123901
0.9439697,0.5241089
0.8670044,0.4979248
0.7090454,0.4981689
0.9199829,0.5245972
0.8882446,0.5050659
0.8825073,0.4970703
0.8603516,0.4685059
0.6428223,0.4989624
0.8759155,0.4689331
0.5610352,0.4995117
0.9338989,0.5106812
0.9399414,0.4954834
0.9013062,0.4918213
0.9103394,0.477417
0.8366699,0.4725952
0.8930664,0.50177
0.869812,0.4928589
0.8150024,0.4154053
0.9464111,0.5370483
0.5470581,0.4987183
0.87146,0.5209351
0.9317627,0.5029907
0.8936768,0.4752197
0.9215698,0.4876099
0.8615723,0.4725342
0.9304199,0.5
0.7200317,0.1578979
0.9411011,0.5076294
0.7532349,0.4987793
0.8639526,0.4777832
0.8591919,0.4787598
0.8851929,0.4955444
0.8521729,0.4701538
0.8823242,0.442688
0.4639893,0.49823
0.6369019,0.4994507
0.928894,0.5009766
0.8543091,0.4380493
0.888916,0.5006714
0.6940918,0.4984741
0.9074097,0.4047852
0.9106445,0.4904175
0.9227295,0.508728
0.8846436,0.4959717
0.7981567,0.4013672
0.6481323,0.498291
0.8809814,0.4894409
0.5844727,0.4935913
0.8681641,0.4818726
0.8661499,0.5049438
0.6727295,0.4989014
0.9041748,0.5228882
0.9351807,0.4784546
0.605896,0.494873
0.8391113,0.4976196
0.6699219,0.8529053
0.8019409,0.7264404
0.9022217,0.519165
0.8985596,0.4939575
0.8447876,0.4899902
0.9098511,0.494751
0.942749,0.4935913
0.8823853,0.5014038
0.9202881,0.4963989
0.8789062,0.4954834
0.8950806,0.5053711
0.9549561,0.5005493
0.9387207,0.4830933
0.8554077,0.5084229
0.9362793,0.4845581
0.7824097,0.2694702
0.8686523,0.484314
0.8271484,0.4990234
0.9101562,0.5159302
0.4904175,0.4988403
0.9486084,0.5106201
0.9381714,0.4796753
0.9547119,0.5032349
0.9490356,0.5159302
0.9297485,0.5111084
0.880249,0.4868164
0.8596191,0.4736328
0.9118652,0.5059204
0.9303589,0.6077271
0.9465942,0.5101318
0.6333618,0.500061
0.9039307,0.4868164
0.9060669,0.5227051
0.930481,0.5003662
0.8647461,0.4725952
0.5200195,0.49823
0.6098022,0.4983521
0.909668,0.4811401
0.9144287,0.5211182
0.8184814,0.453186
0.6541138,0.2035522
0.9064941,0.4996338
0.7271729,0.4973755
0.9364014,0.5142212
0.8056641,0.3677979
0.9699097,0.489563
0.930481,0.489502
0.7077026,0.5007935
0.8814087,0.487793
0.9407349,0.4980469
0.8771362,0.4758911
0.9240112,0.4842529
0.940918,0.5082397
0.9226074,0.4975586
0.9727783,0.494812
0.5535278,0.5068359
0.5889282,0.4989624
0.8949585,0.4778442
0.4630737,0.4984131
0.7064819,0.4990845
0.8862915,0.5164185
0.9005737,0.4763184
0.859314,0.4797363
0.9118042,0.4865112
0.8326416,0.4113159
0.8835449,0.4997559
0.8599854,0.4993896
0.8499756,0.3569336
0.8495483,0.4717407
0.9296875,0.4975586
0.9353027,0.4816895
0.8439941,0.4056396
0.911377,0.5239258
0.9172363,0.5084839
0.8382568,0.4865112
0.9008179,0.4848633
0.9342651,0.4954224
0.7105713,0.2789307
0.940979,0.5112305
0.8204956,0.4985962
0.8942261,0.5189209
0.8710938,0.5073242
0.8735962,0.4754028
0.9196777,0.5211792
0.9370728,0.4819336
0.9130859,0.4840698
0.6038208,0.4974365
0.9294434,0.4827881
0.9692993,0.4920044
0.9329834,0.520874
0.8612671,0.4819336
0.7822876,0.2589722
0.7821655,0.4906616
0.8543091,0.5
0.9210815,0.5239868
0.911377,0.5026245
0.9080811,0.477417
0.9511108,0.4952393
0.9287109,0.4349976
0.90802,0.5092773
0.8532104,0.4879761
0.8421021,0.4780884
0.5612793,0.4985352
0.4735107,0.4987183
0.8780518,0.5080566
0.8938599,0.4944458
0.8052979,0.2536011
0.9379883,0.4932861
0.8926392,0.4846191
0.8179321,0.4995117
0.477417,0.4981689
0.9003906,0.5036011
0.8188477,0.4259033
0.867981,0.4558716
0.8720093,0.4882812
0.5652466,0.4990234
0.8969116,0.4793701
0.8989868,0.4882812
0.8499146,0.4780273
0.8786621,0.4969482
0.9376831,0.5065918
0.8485718,0.4328003
0.8668823,0.4815063
0.8644409,0.5089722
0.9129639,0.5181274
0.5737305,0.498291
0.8651733,0.4005127
0.8565674,0.4777222
0.9153442,0.7163086
0.942627,0.5198364
0.581665,0.4968872
0.9484863,0.5066528
0.6205444,0.4990845
0.9038696,0.4786987
0.8927002,0.5078125
0.9332275,0.4974365
0.8930054,0.4875488
0.9226074,0.5145264
0.9119263,0.4848633
0.8997803,0.484375
0.9400635,0.492981
0.7781982,0.2561646
0.7218628,0.4981079
0.9350586,0.4951172
0.656189,0.4988403
0.7664185,0.2611084
0.8462524,0.5041504
0.8661499,0.465271
0.8693237,0.4677124
0.925293,0.5112305
0.7895508,0.3248291
0.8424072,0.5009155
0.8660278,0.4914551
0.8943481,0.5015869
0.8833618,0.5079346
0.932251,0.4976807
0.916626,0.5135498
0.888855,0.4777832
0.8389282,0.406311
0.8969727,0.4943848
0.9445801,0.4951172
0.6264038,0.4992676
0.6594238,0.4985962
0.8432617,0.420166
0.8813477,0.5076294
0.803833,0.3777466
0.9215698,0.479248
0.9310303,0.5150146
0.8618774,0.4834595
0.8552856,0.4960327
0.9262085,0.5131836
0.7481079,0.5045166
0.899231,0.5080566
0.8337402,0.4992676
0.9324341,0.5107422
0.9353638,0.4992676
0.8452148,0.4998169
0.9393921,0.508606
0.8649902,0.4752808
0.7600098,0.4985962
0.6837158,0.2271118
0.8914795,0.5093384
0.8977661,0.5218506
0.8272705,0.3930054
0.6853027,0.4978027
0.9283447,0.479248
0.8939209,0.4793701
0.8991089,0.4907837
0.8782959,0.7006836
0.7037354,0.4957275
0.9127808,0.4868774
0.9119263,0.5182495
0.8469849,0.4988403
0.6997681,0.4981689
0.7739258,0.491394
0.9259644,0.5108643
0.9298096,0.5188599
0.7052612,0.5003052
0.8782959,0.4488525
0.5003052,0.4995728
0.8398438,0.4799805
0.8787231,0.4945068
0.6046143,0.4984131
0.909729,0.4980469
0.833252,0.4728394
0.9380493,0.4865112
0.9333496,0.5003662
0.8768311,0.4641113
0.7194214,0.4961548
0.8331299,0.3757324
0.4937134,0.4973145
0.8746948,0.4790649
0.8331299,0.487854
0.9151001,0.5181274
0.9277344,0.5020752
0.850647,0.4987183
0.8488159,0.5006714
0.8967285,0.4359741
0.8504028,0.4866333
0.927063,0.4764404
0.8911743,0.4987793
0.4884644,0.5008545
0.8876343,0.487915
0.7504272,0.272522
0.7053223,0.5006104
0.8804321,0.4459839
0.8908081,0.524231
0.8439941,0.475647
0.8711548,0.468811
0.6477051,0.4986572
0.9041138,0.4905396
0.7973633,0.46875
0.8793945,0.4901733
0.9019775,0.5436401
0.8305054,0.4721069
0.864624,0.4558105
0.84021,0.4413452
0.8257446,0.4897461
0.9107666,0.5048828
0.7536621,0.5067139
0.866394,0.4721069
0.9393311,0.5056763
0.947876,0.5109863
0.6547241,0.5013428
0.8827515,0.4776611
0.9349976,0.5114136
0.8416138,0.468689
0.6675415,0.499939
0.9373169,0.5171509
0.9306641,0.5239868
0.5679932,0.4993896
0.9220581,0.5223389
0.9165039,0.5221558
0.9237061,0.4748535
0.8634644,0.5008545
0.8973999,0.3911743
0.8760986,0.5166016
0.8530273,0.4990845
0.8890381,0.4874878
0.9031372,0.4875488
0.8629761,0.4806519
0.8630371,0.4711304
0.9448853,0.5021973
0.8796387,0.4817505
0.5650024,0.4954834
0.8881836,0.5214233
0.8903809,0.5236816
0.914917,0.4858398
0.8339844,0.5003052
0.8634644,0.4731445
0.8886108,0.5065918
0.9191895,0.5597534
0.5480347,0.09570312
0.7885742,0.2321167
0.9385986,0.489502
0.8693237,0.5001221
0.9382935,0.512146
0.9008179,0.4923706
0.8891602,0.5003052
0.9500732,0.5040283
0.9497681,0.4871826
0.8799438,0.5216064
0.5255737,0.4987183
0.9435425,0.4980469
0.8790894,0.4729614
0.8670654,0.482605
0.848999,0.4873657
0.5181885,0.498291
0.9325562,0.5125732
0.9159546,0.5084229
0.8716431,0.4615479
0.9244995,0.4887085
0.9234009,0.5209961
0.9248047,0.5102539
0.9172974,0.4998779
0.927124,0.5188599
0.8461914,0.4255981
0.8954468,0.5078125
0.94104,0.4830322
0.8903809,0.4728394
0.9016113,0.4772949
0.8496094,0.4144287
0.958252,0.5014648
0.5103149,0.4990234
0.8782349,0.5
0.8016357,0.5014648
0.9481201,0.4846802
0.9249878,0.4932861
0.9414062,0.5061035
0.8481445,0.4781494
0.9281616,0.5179443
0.8718872,0.4594727
0.9030151,0.5137939
0.8998413,0.50177
0.8424683,0.5041504
0.8679199,0.4558716
0.8314209,0.4179077
0.8753052,0.5014648
0.8997192,0.5053711
0.885376,0.4707031
0.8925781,0.4888916
0.536499,0.4995728
0.9046021,0.5230103
0.9172363,0.4998779
0.8372192,0.4813843
0.8259277,0.4992065
0.8876343,0.4786377
0.9251709,0.520813
0.6867065,0.4985352
0.8557739,0.4932251
0.5152588,0.4962158
0.8599854,0.4872437
0.8726807,0.5083618
0.8727417,0.4666138
0.9082642,0.4951782
0.9089966,0.513916
0.9534912,0.5057983
0.9277954,0.4928589
0.8873901,0.520874
0.9152222,0.5054932
0.8573608,0.4755859
0.6072388,0.4987183
0.9349365,0.5187988
0.8688354,0.5149536
0.9570312,0.510376
0.8889771,0.4762573
0.7335205,0.4988403
0.7041016,0.4973145
0.8883667,0.5037842
0.8565674,0.4800415
0.5769043,0.4979858
0.8798828,0.6711426
0.8650513,0.4966431
0.6754761,0.5059204
0.8759766,0.4713135
0.8723755,0.4594116
0.8688965,0.5164185
0.7186279,0.5020752
0.9539795,0.4951782
0.9364624,0.500061
0.6669922,0.4977417
0.8779907,0.4810181
0.7758789,0.5125732
0.9205933,0.5081787
0.8926392,0.5020752
0.9407959,0.505127
0.9368286,0.4993896
0.7067871,0.4990845
0.9281616,0.4958496
0.9448242,0.4879761
0.8338623,0.477478
0.8712158,0.4994507
0.9451904,0.4989624
0.8723145,0.460022
0.9122925,0.5199585
0.9260254,0.4911499
0.821167,0.4981689
0.8532104,0.4718018
0.9308472,0.5189209
0.8540039,0.4996948
0.8830566,0.4758911
0.9325562,0.496521
0.894104,0.49823
0.5844727,0.4987183
0.9120483,0.4914551
0.8930054,0.4772949
0.706604,0.4994507
0.8881226,0.4735107
0.9453125,0.5110474
0.8740845,0.4938354
0.8342285,0.4990845
0.7532959,0.4998169
0.8864746,0.4888916
0.9108887,0.4968262
0.8535767,0.4786987
0.7348633,0.4970703
0.8322754,0.4820557
0.8798218,0.4807739
0.871521,0.4859619
0.8763428,0.4782104
0.8586426,0.5089722
0.9315186,0.6372681
0.9121704,0.5023193
0.9260864,0.4923706
0.9291382,0.4990234
0.9327393,0.4821167
0.8671875,0.5058594
0.8339233,0.4950562
0.8850098,0.4805298
0.9127197,0.5049438
0.9085693,0.5144043
0.9451294,0.5087891
0.876709,0.499939
0.5960693,0.4989014
0.8822021,0.4451904
0.9519653,0.5057983
0.854126,0.4986572
0.9083862,0.4996948
0.9359131,0.4959717
0.909668,0.5220947
0.9228516,0.5178833
0.9298096,0.4920044
0.9329834,0.5151367
0.9285889,0.4821167
0.9395142,0.4979858
0.9398193,0.5087891
0.8977051,0.6477661
0.5695801,0.4980469
0.9241943,0.5326538
0.828125,0.4397583
0.8681641,0.4962158
0.7738037,0.2927856
0.913269,0.5241699
0.8172607,0.4992676
0.9412231,0.5113525
0.5169067,0.4824829
0.7377319,0.4992065
0.9333496,0.519165
0.8287354,0.4996948
0.8851929,0.4827881
0.8689575,0.4655762
0.9151611,0.5180054
0.6729126,0.1984863
0.8764038,0.4956055
0.9290161,0.5109253
0.9251709,0.4769897
0.8712769,0.487793
0.9315186,0.5102539
0.6213989,0.4969482
0.8261108,0.4984741
0.8689575,0.479187
0.9332886,0.5202026
0.862854,0.4884033
0.869812,0.4897461
0.9417114,0.4917603
0.8296509,0.4875488
0.9273071,0.4855957
0.9467773,0.5097046
0.9082031,0.5239868
0.9335327,0.5029907
0.9420166,0.5027466
0.8942261,0.4746704
0.8610229,0.4731445
0.9387817,0.5093994
0.8820801,0.4746094
0.9524536,0.4869385
0.9121094,0.4775391
0.9425659,0.5128174
0.9205322,0.4922485
0.9044189,0.508728
0.8441162,0.4956665
0.8831787,0.5079956
0.7619019,0.2869873
0.928772,0.4928589
0.7956543,0.4978638
0.9117432,0.4995117
0.9154053,0.5228271
0.8738403,0.4927979
0.8331299,0.4984741
0.8641968,0.5147705
0.6474609,0.4941406
0.6889038,0.4987183
0.9200439,0.5031738
0.8724365,0.5147705
0.9389038,0.4819946
0.8833618,0.4891968
0.8495483,0.4795532
0.8643188,0.5145264
0.7835083,0.3018799
0.9370117,0.508728
0.8793945,0.5123291
0.8552856,0.4974976
0.8712158,0.4741211
0.507019,0.4981689
0.6744995,0.2721558
0.9292603,0.5108032
0.8457642,0.5025635
0.913147,0.4925537
0.9072876,0.5214844
0.9418335,0.5178223
0.4976196,0.5005493
0.9170532,0.4912109
0.7337036,0.4998169
0.9049072,0.5133057
0.8771973,0.4853516
0.9256592,0.4814453
0.8513184,0.7405396
0.8596191,0.477417
0.7949219,0.5011597
0.9020386,0.5217896
0.8950195,0.5161133
0.8803101,0.4904175
0.8666382,0.4643555
0.8441162,0.4796753
0.8756104,0.5168457
0.8678589,0.4817505
0.6619873,0.5014038
0.8712769,0.4866943
0.8356323,0.418396
0.880188,0.4232788
0.821106,0.4573975
0.9423828,0.480896
0.923584,0.4979858
0.8759155,0.4879761
0.9055176,0.4771729
0.8183594,0.4422607
0.9122925,0.5042725
0.8728027,0.4978638
0.9154053,0.4890747
0.8498535,0.494812
0.9336548,0.5039062
0.862793,0.4755859
0.8740845,0.5231934
0.9351196,0.524292
0.8707886,0.4682007
0.5680542,0.4989014
0.8682251,0.4432983
0.8199463,0.3223267
0.9212036,0.5031128
0.47052,0.4974365
0.5187988,0.4981689
0.9127197,0.4750366
0.9469604,0.5039062
0.8740845,0.4660034
0.8837891,0.4945679
0.6508179,0.0668335
0.8448486,0.4782715
0.9103394,0.5249634
0.8951416,0.4765625
0.8530273,0.477356
0.8436279,0.4709473
0.9349976,0.5025635
0.8319702,0.3847656
0.8546143,0.4702759
0.8668213,0.4758911
0.9497681,0.5023804
0.9230347,0.5430908
0.932251,0.4962769
0.8261719,0.4436646
0.899353,0.4832153
0.9429321,0.4920044
0.8599854,0.5090332
0.887146,0.4906616
0.909729,0.4824219
0.888855,0.5047607
0.789917,0.4910889
0.9130249,0.4882202
0.9224854,0.5244141
0.8162842,0.7672729
0.9025879,0.4779663
0.7753906,0.4973145
0.899353,0.4971313
0.9057617,0.4870605
0.946167,0.508667
0.9296875,0.5002441
0.6177979,0.4981079
0.9174805,0.4989624
0.6586304,0.4956055
0.729126,0.4996948
0.9334717,0.5057983
0.8460083,0.3789062
0.847168,0.4749146
0.8803711,0.4890137
0.9275513,0.5151978
0.6987305,0.4976196
0.7210083,0.4987183
0.6381226,0.4984741
0.8477173,0.4818115
0.9214478,0.5204468
0.927002,0.4993896
0.923645,0.4813232
0.9389648,0.4847412
0.8963013,0.4970703
0.7063599,0.4926758
0.9420776,0.5183716
0.8762817,0.4900513
0.8379517,0.4923096
0.9277954,0.4890747
0.8919067,0.4801025
0.8164062,0.4976807
0.8948364,0.4922485
0.9234009,0.4978638
0.9486694,0.5005493
0.9077759,0.5097046
0.7935791,0.4985352
0.8850708,0.4839478
0.9419556,0.5128174
0.6264038,0.5084229
0.9334106,0.5062866
0.6755981,0.4987793
0.9404907,0.5150146
0.8827515,0.5010986
0.9317017,0.5180664
0.8978882,0.4996948
0.8642578,0.4881592
0.8380737,0.4616699
0.9315186,0.5148926
0.5075684,0.4973755
0.7478027,0.4983521
0.8311157,0.4609985
0.8432007,0.4782104
0.8447876,0.4664917
0.9282227,0.4865112
0.9123535,0.4993896
0.8763428,0.4841919
0.8062744,0.3532104
0.9225464,0.5864258
0.9224854,0.4793091
0.9159546,0.4920654
0.9587402,0.4984131
0.751709,0.2682495
0.8515015,0.4724121
0.9095459,0.5246582
0.9047241,0.4752808
0.925354,0.5140991
0.6705322,0.4916382
0.8827515,0.4899292
0.5527954,0.49823
0.5865479,0.4986572
0.9337769,0.4874268
0.9199219,0.4916382
0.9396362,0.5126953
0.8795776,0.5070801
0.8973389,0.4942627
0.8851318,0.4721069
0.9411621,0.5145874
0.9129639,0.5136108
0.659729,0.1856689
0.9153442,0.5037231
0.4672852,0.4991455
0.9139404,0.482666
0.8997192,0.4989014
0.6101685,0.4990845
0.937439,0.5098877
0.84198,0.4857178
0.5318604,0.4988403
0.9325562,0.4849854
0.9206543,0.5233154
0.8756104,0.5037231
0.7667847,0.2972412
0.9050903,0.4987183
0.8673706,0.4811401
0.8612061,0.4655151
0.9035645,0.4779053
0.8565674,0.4995117
0.9098511,0.524353
0.9055786,0.4973145
0.9273071,0.4932861
0.8649292,0.4810181
0.5456543,0.4980469
0.914917,0.4827271
0.690979,0.4992065
0.8835449,0.5020752
0.9367676,0.5150146
0.9321899,0.480835
0.8561401,0.4749756
0.8985596,0.5076294
0.8922729,0.5106201
0.5518188,0.4937134
0.9434814,0.5055542
0.8621216,0.4365845
0.475647,0.4981689
0.8700562,0.4864502
0.9372559,0.4968872
0.8581543,0.4767456
0.930603,0.5093994
0.904541,0.4814453
0.9168091,0.4917603
0.8826294,0.4724731
0.9366455,0.4902344
0.6199951,0.4968262
0.9104614,0.4882812
0.8568726,0.4411011
0.8678589,0.4958496
0.9311523,0.4830322
0.8556519,0.4842529
0.8925781,0.4980469
0.8496094,0.4852905
0.9534912,0.5003662
0.7337036,0.4989014
0.9401245,0.5167847
0.8546143,0.4359131
0.90802,0.484436
0.8891602,0.473999
0.949646,0.5177002
0.9422607,0.5057373
0.928833,0.5103149
0.9005737,0.5239258
0.5577393,0.4987793
0.8969116,0.5095215
0.673645,0.1622314
0.8727417,0.4974976
0.9104004,0.5182495
0.9448853,0.5162964
0.8691406,0.4226074
0.9249878,0.4890137
0.9118042,0.4910889
0.8458862,0.5
0.8079834,0.3626709
0.9310303,0.5194092
0.8759766,0.47229
0.9025269,0.5216064
0.8494873,0.4783325
0.597168,0.4987183
0.7376709,0.1776733
0.8843994,0.5084229
0.8446045,0.4633179
0.8677979,0.4765625
0.6939697,0.5019531
0.5336914,0.5005493
0.8826904,0.4759521
0.9076538,0.498291
0.8720093,0.479248
0.8950806,0.500061
0.8959351,0.5113525
0.6990967,0.2022705
0.9342651,0.5039062
0.918457,0.5134888
0.6416626,0.114624
0.9345093,0.4769287
0.9367065,0.5120239
0.826416,0.4953613
0.8145142,0.3810425
0.9668579,0.4956055
0.7608032,0.4979858
0.8515625,0.4664917
0.8847656,0.4984131
0.8106689,0.5048218
0.8936768,0.5042725
0.8840942,0.4891357
0.697998,0.4981689
0.8708496,0.5089722
0.9104004,0.487915
0.9102783,0.5236206
0.8761597,0.3681641
0.9263916,0.515625
0.8636475,0.487915
0.8203125,0.4990234
0.8787231,0.4989624
0.5123901,0.4951172
0.6541748,0.4974365
0.9181519,0.4971313
0.9083862,0.4803467
0.9506836,0.5053101
0.8779297,0.4779053
0.8664551,0.4597778
0.9174805,0.4766846
0.9473267,0.5059204
0.882019,0.4976807
0.9261475,0.510376
0.9331055,0.5175781
0.5379028,0.4996338
0.8997192,0.4969482
0.9260254,0.5126343
0.8855591,0.4708252
0.8703613,0.4752808
0.5234985,0.498291
0.8741455,0.4869385
0.640564,0.1622925
0.9024048,0.5064087
0.9276733,0.519104
0.5623169,0.4974365
0.8526611,0.4734497
0.8398438,0.4442139
0.8762817,0.4699097
0.6004639,0.4997559
0.9341431,0.510498
0.9365234,0.4934692
0.8989868,0.7143555
0.9241943,0.6325073
0.7678833,0.5009766
0.8947754,0.5198364
0.878418,0.4961548
0.9436646,0.5001831
0.9491577,0.5062256
0.942688,0.4855957
0.8985596,0.4804077
0.8620605,0.4779053
0.8775024,0.4296265
0.8948364,0.4696045
0.7973022,0.4993896
0.5981445,0.1837158
0.9250488,0.4848022
0.9324341,0.5166626
0.8609619,0.4776001
0.8509521,0.5003052
0.9437866,0.5068359
0.6446533,0.5012817
0.8598022,0.4762573
0.809082,0.4051514
0.8568726,0.4744263
0.8746338,0.4806519
0.5743408,0.4992676
0.8671265,0.5004883
0.8416138,0.4752808
0.831665,0.4691772
0.8574829,0.5006104
0.4681396,0.4996338
0.8432617,0.4998169
0.883606,0.4746094
0.8981323,0.5206299
0.9372559,0.5019531
0.9046631,0.5170898
0.9104004,0.5046997
0.9384766,0.5007935
0.8036499,0.3532715
0.9476929,0.5054321
0.80896,0.4995117
0.7276001,0.4983521
0.7611694,0.2834473
0.9425049,0.4768677
0.9110718,0.4900513
0.8699951,0.4985352
0.8826294,0.4777222
0.8829956,0.515686
0.9069824,0.4818115
0.9336548,0.4951782
0.8828125,0.4990234
0.8273926,0.4961548
0.9069824,0.4887085
0.9227295,0.4894409
0.4655762,0.4983521
0.9014282,0.4951172
0.8943481,0.5126953
0.9314575,0.5131226
0.9281616,0.5189209
0.8690796,0.4976807
0.8919678,0.4926758
0.8950195,0.5450439
0.8787842,0.4906006
0.9215088,0.4859009
0.9212036,0.5215454
0.8723145,0.4448242
0.8859253,0.5218506
0.8867188,0.4761353
0.6340942,0.4951782
0.8462524,0.4805908
0.6495972,0.4992676
0.9454956,0.5028687
0.9152222,0.5109253
0.9535522,0.4909668
0.8865967,0.5096436
0.9234009,0.4753418
0.9052734,0.5211792
0.9432983,0.5045166
0.7755737,0.2733765
0.8812256,0.4917603
0.7770386,0.4986572
0.9022217,0.5004883
0.6553345,0.4991455
0.9418335,0.5004272
0.9337158,0.4910278
0.927063,0.5186768
0.8894043,0.4718628
0.8950806,0.5209961
0.8964233,0.5132446
0.9100952,0.5227661
0.9241333,0.4799805
0.9086304,0.4805908
0.6878052,0.2444458
0.9063721,0.5118408
0.8984375,0.4910889
0.9279175,0.5019531
0.8807983,0.4840088
0.9274902,0.510498
0.8869019,0.4949341
0.9229126,0.5154419
0.9034424,0.4849243
0.5239868,0.4988403
0.8737793,0.4978027
0.8526611,0.4909058
0.9125977,0.4924316
0.8978271,0.5220337
0.887085,0.5028687
0.8901978,0.500061
0.9105835,0.4985962
0.9297485,0.4945068
0.8720093,0.4603882
0.8249512,0.4256592
0.5856934,0.4786377
0.6756592,0.4984741
0.8582153,0.4766235
0.9058228,0.5137939
0.8980713,0.4823608
0.9324341,0.4978638
0.897522,0.520813
0.6143799,0.4987183
0.8947754,0.4925537
0.8469238,0.467041
0.5485229,0.5003052
0.8952637,0.4752197
0.9468384,0.5115356
0.8632812,0.4745483
0.9459229,0.5084839
0.5253296,0.4975586
0.9008789,0.5222168
0.6415405,0.1913452
0.9432373,0.5021973
0.8781128,0.5182495
0.8765259,0.4730835
0.848877,0.4903564
0.8931885,0.4992065
0.9043579,0.5038452
0.8964233,0.4852295
0.94104,0.4830322
0.9165649,0.5230713
0.4597168,0.4962158
0.9147949,0.4857178
0.7202148,0.4994507
0.8236694,0.4125977
0.8838501,0.4766235
0.9169312,0.4884033
0.9025269,0.4898071
0.5930786,0.4961548
0.9031982,0.4846191
0.9249268,0.5072632
0.5719604,0.180603
0.9142456,0.5014648
0.9277954,0.4885864
0.4640503,0.4995728
0.8161621,0.416748
0.9078369,0.5228882
0.9133911,0.4844971
0.9121094,0.4995117
0.9152222,0.5202637
0.9216309,0.5007935
0.8496704,0.3908691
0.918457,0.5063477
0.9057007,0.4782715
0.7626953,0.5002441
0.751709,0.4985352
0.8637085,0.4822998
0.8764038,0.491272
0.8803101,0.4992065
0.6240234,0.4988403
0.9465332,0.4783325
0.8842163,0.5212402
0.9002075,0.4796753
0.7498169,0.4934692
0.7558594,0.4998779
0.602417,0.4978638
0.5790405,0.4984131
0.888916,0.4973755
0.9162598,0.5125122
0.8019409,0.3500977
0.6456909,0.4989624
0.9344482,0.4944458
0.9396973,0.4815063
0.9395142,0.4874878
0.9024048,0.4977417
0.9293823,0.4985962
0.8995361,0.4942627
0.9013062,0.4962769
0.6296997,0.4970093
0.4926758,0.4977417
0.9683838,0.5
0.944519,0.5133667
0.9111938,0.5236206
0.9266968,0.5631104
0.8590088,0.5032959
0.9072876,0.5210571
0.8411255,0.4765015
0.8782959,0.4781494
0.8175659,0.3649292
0.8510132,0.4927979
0.8809204,0.5038452
0.7642822,0.2178955
0.8592529,0.5110474
0.9291992,0.5164795
0.8551025,0.4806519
0.8391113,0.4734497
0.9414673,0.4963989
0.9188232,0.5006714
0.4920044,0.5083008
0.9115601,0.5234985
0.8886719,0.496521
0.8740845,0.4888916
0.8846436,0.4758911
0.9182129,0.5125122
0.8773804,0.4636841
0.9199829,0.4911499
0.9468994,0.4821167
0.9188843,0.5200806
0.8746338,0.5184937
0.5036011,0.4968262
0.8606567,0.5029297
0.9388428,0.484314
0.9154053,0.4984131
0.8167725,0.3404541
0.8464966,0.4328613
0.9233398,0.519165
0.9441528,0.4993286
0.8621826,0.4115601
0.5492554,0.496521
0.8024292,0.4998779
0.9179077,0.5159302
0.9335938,0.5150757
0.8775635,0.5205688
0.871521,0.4714355
0.8984375,0.489502
0.8535767,0.4799194
0.8396606,0.4104614
0.934082,0.5204468
0.9425049,0.4970093
0.8370972,0.4589844
0.9204712,0.4969482
0.93573,0.4959717
0.8658447,0.479248
0.8362427,0.4224243
0.8753662,0.4716797
0.90979,0.5053101
0.803894,0.2840576
0.8983154,0.5112305
0.9006958,0.4721069
0.8731079,0.4442749
0.869812,0.4666138
0.8397217,0.4797363
0.9546509,0.4980469
0.8306885,0.4876099
0.9246216,0.5119019
0.94104,0.4876099
0.8754272,0.5053711
0.8914795,0.4746704
0.8944092,0.4743042
0.8768921,0.4549561
0.9317017,0.5071411
0.6674805,0.4988403
0.5546875,0.4984131
0.8873291,0.4993286
0.9091187,0.4993896
0.9527588,0.5010986
0.9534302,0.5022583
0.9084473,0.5239868
0.8300781,0.4877319
0.8555908,0.5026855
0.5072021,0.4971924
0.8875122,0.5109253
0.8429565,0.4383545
0.888916,0.4779053
0.8995361,0.5009766
0.8557739,0.4967651
0.7775269,0.4998779
0.8739624,0.4929199
0.6578369,0.4993896
0.8720093,0.5181885
0.9388428,0.4835815
0.730896,0.4995117
0.9329834,0.513916
0.927124,0.5162354
0.8673706,0.4995117
0.9244385,0.5096436
0.5648193,0.4970703
0.9308472,0.4883423
0.8518677,0.4854736
0.8725586,0.5
0.8911743,0.4768066
0.9094238,0.4990234
0.8566284,0.5097046
0.8300171,0.4697876
0.8389282,0.4807129
0.911499,0.5203857
0.8779297,0.4768677
0.848877,0.5059204
0.9248047,0.4833984
0.581604,0.4993286
0.8635864,0.4729004
0.8330688,0.4801025
0.8781738,0.4725342
0.8410645,0.4772339
0.8754883,0.4596558
0.8311157,0.4950562
0.9185181,0.4963989
0.9338379,0.5071411
0.9413452,0.5100708
0.6939087,0.8924561
0.7875366,0.4986572
0.9119873,0.5185547
0.862854,0.4993896
0.8997192,0.4807739
0.9359741,0.5182495
0.8594971,0.7504883
0.9274902,0.4754639
0.8894653,0.4889526
0.8444824,0.4730835
0.7817993,0.4981689
0.8200073,0.3774414
0.7598877,0.4989014
0.9274292,0.3649292
0.8348389,0.4853516
0.9021606,0.5224609
0.9394531,0.5102539
0.8357544,0.4453125
0.9362183,0.496521
0.8764038,0.4537964
0.868042,0.5093384
0.8688965,0.5010986
0.8766479,0.4922485
0.5875854,0.4917603
0.8630981,0.4710083
0.9429321,0.4942017
0.9186401,0.4891968
0.9073486,0.4800415
0.9069824,0.520874
0.9240723,0.5917358
0.8340454,0.4868774
0.9370117,0.5001221
0.8250122,0.4996948
0.9226685,0.5163574
0.5374146,0.5131836
0.9370728,0.5112915
0.902771,0.5007935
0.8947144,0.4942627
0.9197998,0.5036621
0.9216919,0.4869385
0.8446045,0.4893799
0.8843994,0.5162964
0.9272461,0.5070801
0.8885498,0.4969482
0.8671875,0.4847412
0.5535889,0.4990845
0.8768921,0.4889526
0.7484741,0.2232666
0.6160889,0.4960938
0.9391479,0.5092163
0.8742676,0.493103
0.8331909,0.4216919
0.932373,0.4967651
0.8435059,0.4747925
0.8733521,0.4887695
0.8411865,0.5037231
0.9478149,0.5004883
0.9193726,0.4848022
0.5219116,0.4990234
0.8554077,0.4692993
0.880127,0.4832153
0.8789062,0.4767456
0.9492188,0.4978027
0.8389893,0.4971924
0.8468018,0.5082397
0.9265137,0.4804077
0.9383545,0.4855957
0.7860107,0.4990845
0.9090576,0.4803467
0.8508911,0.4817505
0.9344482,0.4884033
0.8431396,0.4136963
0.9071045,0.522522
0.8783569,0.6399536
0.8276978,0.4518433
0.9073486,0.4824829
0.8565063,0.4813843
0.8433228,0.3737183
0.8705444,0.4833374
0.9133911,0.5199585
0.7660522,0.4987793
0.8283691,0.4996338
0.9165039,0.4891968
0.9441528,0.5080566
0.954834,0.498291
0.8667603,0.4674683
0.9047852,0.4915161
0.6938477,0.4992676
0.887085,0.4793701
0.9233398,0.499939
0.8567505,0.4746704
0.8496704,0.4761353
0.5863647,0.4980469
0.8411865,0.477417
0.7666016,0.4985962
0.8526611,0.4803467
0.8887939,0.4900513
0.9373779,0.5109863
0.8780518,0.4313354
0.8972778,0.5129395
0.9411011,0.4944458
0.9001465,0.505188
0.9101562,0.4892578
0.8590698,0.4857788
0.8922119,0.5215454
0.8477783,0.4996948
0.8842163,0.4951782
0.8652954,0.7324219
0.8900757,0.4736328
0.9186401,0.5247803
0.921936,0.5220337
0.9349365,0.5063477
0.9367065,0.5095825
0.8887329,0.5082397
0.9229736,0.4937744
0.8589478,0.5039673
0.8642578,0.4716187
0.809021,0.4990845
0.9385986,0.5045776
0.8427734,0.3790283
0.8517456,0.420105
0.8746948,0.5158691
0.9223022,0.5167847
0.9274902,0.5237427
0.5388184,0.4989014
0.8903198,0.4923706
0.9174194,0.5219116
0.8609619,0.4758301
0.8848267,0.4984131
0.8945923,0.4782104
0.8382568,0.5002441
0.8894043,0.4761963
0.8499146,0.4724731
0.8361816,0.3685913
0.9519653,0.4924316
0.8920288,0.5095825
0.8624878,0.5129395
0.9066162,0.4822998
0.869873,0.5194092
0.8433838,0.4141846
0.8429565,0.4694824
0.4983521,0.4991455
0.8598633,0.4094849
0.8529053,0.477356
0.7596436,0.4938965
0.8908081,0.4949341
0.8411865,0.4998169
0.9152832,0.5078125
0.8681641,0.4927368
0.9417725,0.5199585
0.9217529,0.4857788
0.8701782,0.5002441
0.8921509,0.5232544
0.8740234,0.4904785
0.8666992,0.472168
0.9310303,0.5097046
0.8370972,0.4699097
0.7573242,0.2449951
0.7755737,0.2716675
0.8300171,0.4428711
0.848938,0.4828491
0.8875732,0.5237427
0.5402832,0.4973145
0.8567505,0.4743652
0.93396,0.4874878
0.8490601,0.4334106
0.8831177,0.4765625
0.9246216,0.5131226
0.9476318,0.4844971
0.9104004,0.5223389
0.9033203,0.5211792
0.8666992,0.460022
0.633667,0.4949951
0.7807617,0.4882812
0.7557983,0.4990845
0.7663574,0.3294678
0.8994751,0.4816284
0.6948242,0.4938965
0.9057617,0.4829102
0.8465576,0.468811
0.6149292,0.4988403
0.829834,0.4763184
0.8804321,0.5219116
0.9393311,0.4891357
0.8943481,0.4780884
0.9470215,0.4958496
0.9156494,0.5222778
0.8861084,0.5128174
0.8699951,0.4902344
0.8770142,0.4259033
0.8695679,0.4699707
0.564209,0.4980469
0.9651489,0.5065918
0.9472046,0.4873657
0.8557129,0.4834595
0.6958008,0.5012207
0.8346558,0.4889526
0.9313965,0.4841919
0.8998413,0.505127
0.8970947,0.4846191
0.864624,0.4819336
0.7883301,0.4997559
0.9215698,0.4664307
0.8734741,0.472229
0.7793579,0.4986572
0.7642212,0.4991455
0.9484863,0.5029297
0.7974243,0.4996948
0.9331055,0.4768066
0.8775635,0.5200806
0.8664551,0.4807739
0.7198486,0.4989624
0.5429688,0.4993896
0.8406982,0.50177
0.8922729,0.4957275
0.9279785,0.500061
0.8756104,0.5050049
0.8353882,0.473938
0.8907471,0.5235596
0.8696899,0.4769897
0.9480591,0.5047607
0.7081299,0.2272339
0.7932739,0.1694336
0.9393921,0.5145264
0.8947144,0.4971313
0.9240112,0.4883423
0.8776245,0.5116577
0.9112549,0.5352783
0.9408569,0.5038452
0.5828247,0.4987183
0.5979004,0.4984741
0.9129028,0.5175781
0.838623,0.4974976
0.8496704,0.4571533
0.9256592,0.4993896
0.868103,0.4995117
0.7212524,0.2160034
0.9140015,0.4950562
0.8984375,0.4938965
0.6715088,0.2202759
0.8336182,0.4558105
0.9402466,0.4994507
0.8621826,0.4768066
0.8983765,0.5185547
0.9545288,0.5046997
0.9137573,0.526062
0.9296265,0.5171509
0.9389038,0.4951172
0.5805664,0.4975586
0.9202881,0.5181274
0.9261475,0.5101318
0.8197021,0.3474731
0.8956299,0.5114746
0.8776855,0.4707031
0.8533936,0.500061
0.5838623,0.4985352
0.8771362,0.4348755
0.6937256,0.4989014
0.878479,0.5215454
0.8872681,0.4968262
0.8660889,0.4594727
0.9434814,0.5198975
0.8920898,0.510437
0.9190674,0.5182495
0.8643799,0.4343872
0.947937,0.5534668
0.5588379,0.4984741
0.8607788,0.4907227
0.8991089,0.4824829
0.8312988,0.4821167
0.9484253,0.5068359
0.8671265,0.4667358
0.6834717,0.4991455
0.9324341,0.5158691
0.8827515,0.4683838
0.8730469,0.5082397
0.8960571,0.512085
0.8278198,0.4975586
0.6266479,0.4981079
0.8480225,0.4848633
0.5397949,0.4989014
0.8379517,0.4552612
0.8509521,0.4887085
0.9049683,0.5038452
0.876709,0.4840698
0.9169312,0.4863281
0.8608398,0.4319458
0.8563232,0.4836426
0.9393921,0.4989014
0.8620605,0.4642944
0.6734009,0.4987793
0.625061,0.4955444
0.8618164,0.5108643
0.8566284,0.4708862
0.8723755,0.5002441
0.6513672,0.4996948
0.8734741,0.4952393
0.9124146,0.6258545
0.883667,0.4732056
0.9362183,0.5217896
0.9180298,0.5136108
0.9316406,0.4935913
0.7754517,0.7693481
0.5959473,0.4987793
0.6698608,0.4994507
0.9049072,0.5167847
0.5528564,0.4988403
0.8724365,0.4749756
0.9334717,0.5009155
0.8955078,0.5211792
0.8760986,0.4920044
0.7958374,0.2529297
0.9212036,0.5129395
0.9416504,0.5084839
0.9390259,0.5068359
0.8722534,0.5007324
0.918457,0.4709473
0.6975708,0.4978027
0.8626709,0.4760742
0.9035645,0.4976196
0.9274902,0.4995728
0.8790894,0.5039673
0.8684692,0.4823608
0.6862793,0.4984741
0.9345703,0.6529541
0.8928223,0.4749146
0.8634644,0.4048462
0.8932495,0.5095215
0.875061,0.5029907
0.4735718,0.4980469
0.848999,0.4940186
0.9226074,0.4813843
0.8604736,0.4805298
0.4663086,0.4988403
0.9112549,0.5197144
0.9295654,0.5204468
0.9405518,0.5201416
0.7633667,0.4981079
0.914917,0.4883423
0.8303833,0.4946899
0.7015381,0.49823
0.923584,0.5213623
0.9438477,0.4998779
0.8633423,0.4519043
0.8971558,0.5003052
0.5914307,0.4780273
0.5089111,0.9367065
0.9147339,0.510376
0.6463013,0.4966431
0.8522339,0.4755859
0.9310303,0.4856567
0.8341675,0.4844971
0.8859253,0.475708
0.8861694,0.5001221
0.8807983,0.500061
0.93573,0.5370483
0.8817139,0.4911499
0.6018677,0.4992065
0.9302368,0.4874268
0.9093018,0.4862671
0.8904419,0.5237427
0.9332275,0.5228882
0.581604,0.4984741
0.625,0.4951172
0.868042,0.4356079
0.8759155,0.4522705
0.8535767,0.5002441
0.586853,0.4987183
0.9060669,0.4827881
0.8806763,0.5070801
0.5432129,0.4985962
0.9452515,0.5176392
0.9191284,0.5203857
0.6730347,0.2409058
0.7791748,0.4988403
0.8445435,0.4765625
0.8684692,0.4820557
0.8615723,0.5075684
0.8570557,0.4857788
0.8374634,0.3285522
0.921875,0.4830322
0.9406128,0.4935303
0.930603,0.5118408
0.8900757,0.4917603
0.8499146,0.4845581
0.9384155,0.507019
0.8815308,0.4776611
0.925354,0.4921265
0.7301025,0.4984131
0.5147095,0.4995728
0.913147,0.4887695
0.9428711,0.4993896
0.5941772,0.4985352
0.8677979,0.5096436
0.4744873,0.4986572
0.8693237,0.4989624
0.4995728,0.4986572
0.9344482,0.4976807
0.9285889,0.4943848
0.8515625,0.5057983
0.9055786,0.4967651
0.9219971,0.4869995
0.8484497,0.4765625
0.765686,0.4996948
0.9385986,0.491333
0.8764648,0.4555054
0.8956299,0.5061035
0.7216797,0.4992065
0.8662109,0.4795532
0.9092407,0.4772339
0.9260864,0.4797363
0.8672485,0.5147705
0.9014893,0.5211182
0.5921631,0.4951782
0.9373169,0.5008545
0.7301025,0.4993896
0.7141113,0.4989624
0.894104,0.5072021
0.5087891,0.4989014
0.9332886,0.4993896
0.6630249,0.4990845
0.9508667,0.4979248
0.7910156,0.4989014
0.911499,0.508667
0.7485962,0.2523193
0.871521,0.4842529
0.8681641,0.4946289
0.9331055,0.5159912
0.9381714,0.5158691
0.4918213,0.4990845
0.9421387,0.5252075
0.8773804,0.5009155
0.9237061,0.6692505
0.8919678,0.493103
0.8608398,0.4932861
0.6990356,0.499939
0.8601685,0.4997559
0.5865479,0.4984131
0.9195557,0.4857788
0.7737427,0.4992676
0.9038696,0.5032349
0.9125977,0.5037231
0.9393311,0.508728
0.8735352,0.4880981
0.9371338,0.5209961
0.9096069,0.4813232
0.9463501,0.5050049
0.9006348,0.5056763
0.7662964,0.3096924
0.7380371,0.2272949
0.8721313,0.5072021
0.8712158,0.4060669
0.5728149,0.4968872
0.5672607,0.4981689
0.8573608,0.4934692
0.8644409,0.4768677
0.885437,0.4750366
0.8547974,0.4827271
0.4985352,0.4984741
0.883728,0.4900513
0.8929443,0.4771118
0.9353638,0.4990845
0.6870728,0.4981689
0.9291992,0.5056152
0.7518921,0.4998779
0.6932373,0.5001831
0.9348755,0.510498
0.881958,0.5041504
0.5658569,0.4991455
0.8927612,0.4768066
0.8608398,0.475647
0.9213867,0.5177612
0.9164429,0.4945679
0.4554443,0.4949951
0.946106,0.4825439
0.6394043,0.4987183
0.8463135,0.4384155
0.8480225,0.4737549
0.8879395,0.5075684
0.8670654,0.4512939
0.7660522,0.3183594
0.9465332,0.5164185
0.7075806,0.4984741
0.9329834,0.5185547
0.7584839,0.4983521
0.9476318,0.4926147
0.8604126,0.4541016
0.9298096,0.5090942
0.8432617,0.477478
0.9024658,0.4971924
0.869812,0.5115967
0.8482056,0.4514771
0.6152954,0.4934082
0.8688965,0.4754639
0.8890381,0.477417
0.5360107,0.4980469
0.920166,0.5488281
0.864563,0.513916
0.8590088,0.4709473
0.7072144,0.4241333
0.9198608,0.4847412
0.7993774,0.8306885
0.9144897,0.5219727
0.8788452,0.5004272
0.9364624,0.5117188
0.956543,0.4941406
0.8486938,0.4539795
0.881897,0.4989014
0.8689575,0.4346313
0.5029297,0.4978638
0.8783569,0.4986572
0.8562622,0.4813232
0.9202881,0.5142822
0.7699585,0.4973145
0.9363403,0.4799194
0.8769531,0.4694214
0.9243774,0.4762573
0.9403076,0.5061646
0.8664551,0.4967651
0.9187622,0.5205078
0.8870239,0.5133667
0.7713623,0.4994507
0.8671265,0.4815674
0.8942261,0.4736938
0.875061,0.4829102
0.5577393,0.03045654
0.9047241,0.4814453
0.9520874,0.5285034
0.8358154,0.4492188
0.7563477,0.4974976
0.9312134,0.4993286
0.8448486,0.4507446
0.9091797,0.4801025
0.8811646,0.5042114
0.541748,0.4984131
0.8676147,0.4806519
0.8375244,0.4988403
0.8185425,0.3339844
0.9342041,0.5133667
0.9242554,0.4718018
0.7059326,0.4996338
0.8569336,0.492981
0.8300171,0.4803467
0.5874634,0.4986572
0.9400635,0.5099487
0.9453125,0.5158691
0.7892456,0.3529053
0.8904419,0.5101929
0.5309448,0.4989014
0.8969116,0.5108032
0.8933105,0.4882812
0.8535767,0.4697266
0.8579102,0.4694824
0.8466797,0.4985352
0.8997803,0.4995117
0.9447632,0.5123291
0.788147,0.2779541
0.8560181,0.4750977
0.8509521,0.4985962
0.5818481,0.4933472
0.8005371,0.4995117
0.9118652,0.4846802
0.5113525,0.4984741
0.8292847,0.4959717
0.9315186,0.5152588
0.9069824,0.5117188
0.8704224,0.5
0.8371582,0.4938965
0.8416138,0.4634399
0.8995972,0.5014038
0.8490601,0.4227905
0.8731079,0.434021
0.8054199,0.4986572
0.8882446,0.4920044
0.8810425,0.4763184
0.9057007,0.4928589
0.8171997,0.3716431
0.5893555,0.4985352
0.9423218,0.4855957
0.5084839,0.5004883
0.5177002,0.4957275
0.852478,0.4922485
0.8400879,0.4401245
0.8126831,0.3668213
0.9456177,0.4956055
0.9216919,0.4874268
0.6498413,0.4977417
0.8961792,0.4786987
0.9290771,0.5031738
0.9181519,0.5751953
0.8713989,0.4855347
0.6037598,0.4981079
0.9247437,0.5107422
0.8654785,0.4735718
0.9190674,0.4906616
0.9407959,0.5014038
0.9048462,0.5042114
0.9248657,0.5238647
0.9100342,0.4806519
0.9019775,0.5070801
0.8956299,0.5148926
0.9328003,0.4783936
0.7786865,0.4987793
0.9113159,0.5214233
0.8826904,0.520813
0.5495605,0.4967651
0.663147,0.4986572
0.727356,0.2037964
0.8659668,0.5177612
0.8922119,0.4950562
0.9416504,0.5139771
0.7679443,0.4992676
0.8418579,0.4569092
0.6330566,0.2425537
0.8494873,0.4822388
0.5782471,0.1329346
0.6154175,0.4994507
0.9257202,0.5124512
0.8551025,0.4859619
0.9220581,0.5231323
0.8735962,0.7059326
0.598938,0.4984131
0.8293457,0.4395142
0.8955688,0.4746704
0.6196899,0.4996338
0.9697876,0.5014648
0.5640259,0.4998169
0.4803467,0.5023804
0.8766479,0.4988403
0.8950806,0.4806519
0.8745728,0.4735718
0.9046631,0.5038452
0.8499756,0.4658813
0.8842773,0.4993896
0.8475342,0.3479614
0.9696655,0.5775757
0.9104004,0.5183105
0.8724976,0.4609375
0.9302979,0.5101318
0.9234619,0.5169067
0.8670654,0.5018921
0.953186,0.5021362
0.8728027,0.491394
0.8474731,0.5076904
0.904541,0.4819946
0.940979,0.5023804
0.9185791,0.499939
0.9348755,0.4984741
0.9369507,0.5119019
0.8359985,0.4650269
0.8518677,0.4723511
0.9197998,0.4762573
0.9238892,0.4987793
0.9235229,0.5041504
0.7174072,0.4967041
0.9232178,0.6233521
0.9011841,0.4958496
0.8400879,0.4873657
0.8649292,0.4748535
0.5692749,0.4990845
0.9071045,0.4819946
0.6171265,0.1549072
0.9292603,0.5234375
0.9021606,0.494751
0.8400879,0.4729614
0.8964844,0.5031738
0.9361572,0.5025024
0.9332275,0.5202637
0.9041138,0.5194702
0.8851929,0.4760742
0.8388062,0.4863892
0.8306885,0.4846191
0.9375,0.5031128
0.8446655,0.4804688
0.8710327,0.4498901
0.8776855,0.4008789
0.9534302,0.5041504
0.9157715,0.5182495
0.921814,0.496582
0.9245605,0.5115967
0.8632812,0.4613647
0.8601685,0.5128174
0.796814,0.8374023
0.930603,0.512146
0.9280396,0.5154419
0.642334,0.4984131
0.8978271,0.5237427
0.8759155,0.4860229
0.8991089,0.5010986
0.8084106,0.4990845
0.9477539,0.5092163
0.9395752,0.4820557
0.9373779,0.5576172
0.8824463,0.4613037
0.8722534,0.5081787
0.5199585,0.4987793
0.9273682,0.4943237
0.8856201,0.4714355
0.5787964,0.4979248
0.9547119,0.4905396
0.9279785,0.5057983
0.8922119,0.479187
0.8791504,0.4894409
0.9388428,0.5065308
0.9414673,0.4905396
0.9215088,0.4936523
0.9249268,0.489563
0.9345703,0.4996948
0.8440552,0.5046997
0.9301758,0.5
0.8566284,0.4794922
0.6986084,0.4909668
0.8867798,0.4707642
0.953186,0.5037231
0.6447144,0.49823
0.9525757,0.4976196
0.8292847,0.4682617
0.8673706,0.4734497
0.901062,0.4768066
0.8782959,0.4735718
0.9285278,0.5036011
0.4718018,0.5131836
0.8917236,0.4974976
0.9475098,0.5101318
0.8474121,0.4793701
0.6773071,0.4984131
0.5836182,0.4979248
0.6508179,0.4954224
0.8879395,0.5227051
0.9077148,0.4768066
0.9170532,0.486084
0.8532104,0.5055542
0.8820801,0.5076904
0.8914795,0.522644
0.659668,0.4984131
0.8828125,0.4750366
0.93927,0.5026855
0.9419556,0.4785767
0.9277954,0.482666
0.8165283,0.4014282
0.9182739,0.5169067
0.7325439,0.4989624
0.8521118,0.4650879
0.477417,0.4978027
0.9549561,0.5029297
0.9372559,0.5198975
0.6018066,0.4992065
0.859436,0.4412842
0.951416,0.4954834
0.8334961,0.4699097
0.9572754,0.498291
0.8735352,0.4731445
0.8634644,0.4694214
0.8676758,0.4725952
0.6582031,0.4985962
0.9232178,0.5137329
0.9171753,0.5023193
0.9279175,0.5037842
0.4746094,0.4996948
0.9181519,0.4918823
0.8491821,0.3845215
0.9467773,0.50177
0.954895,0.4984131
0.8129883,0.4990845
0.9118042,0.4981689
0.9142456,0.520813
0.8700562,0.4779053
0.7944336,0.4996338
0.8707275,0.4573364
0.6882324,0.4987183
0.8430176,0.4859009
0.9724731,0.4969482
0.6936035,0.4983521
0.7840576,0.505127
0.7236328,0.4995728
0.7463379,0.2072144
0.7312622,0.2675171
0.8501587,0.4854126
0.8615112,0.4621582
0.9373779,0.4951172
0.9170532,0.5324707
0.8331299,0.4212646
0.8758545,0.4609985
0.5070801,0.4990845
0.8743286,0.49823
0.8922729,0.4802246
0.9137573,0.4953003
0.87677,0.5160522
0.8412476,0.5004883
0.6837158,0.4987793
0.9055176,0.4929199
0.8977051,0.4985962
0.5018311,0.4969482
0.6828003,0.4990845
0.8918457,0.4768677
0.9266357,0.5040894
0.7191772,0.5115356
0.8934937,0.4811401
0.8883667,0.5063477
0.9109497,0.4776611
0.8724976,0.7406616
0.8981934,0.5123291
0.6104736,0.4992676
0.9095459,0.4943848
0.9223633,0.4919434
0.8947754,0.6912231
0.8782349,0.4986572
0.9350586,0.5167847
0.9051514,0.4788818
0.7166748,0.5045166
0.7198486,0.4938354
0.8370361,0.4050903
0.6465454,0.3416138
0.9050293,0.4875488
0.9101562,0.5184937
0.9168701,0.5212402
0.7902832,0.3282471
0.4904175,0.4989624
0.9107666,0.4874268
0.8832397,0.482666
0.8588257,0.4829712
0.8862305,0.4993896
0.9281006,0.4897461
0.8791504,0.5111084
0.8787842,0.4368896
0.8963013,0.4929199
0.5784912,0.4979858
0.875,0.4953003
0.9388428,0.5199585
0.8820801,0.4766235
0.8538208,0.7086792
0.9315186,0.5076904
0.9251099,0.5194092
0.8510132,0.4692993
0.8323364,0.4603882
0.9361572,0.5042725
0.842041,0.5010376
0.8983154,0.5112915
0.8921509,0.4990234
0.8929443,0.4889526
0.8764038,0.4667358
0.9127197,0.4989014
0.935791,0.513916
0.8756104,0.4781494
0.5617065,0.4986572
0.8748169,0.4840088
0.791748,0.7703857
0.8855591,0.477478
0.5,0.4989624
0.888855,0.5234985
0.9384155,0.5147705
0.8612061,0.4536133
0.9130249,0.4868164
0.7102661,0.4998169
0.675354,0.4995728
0.9442749,0.5139771
0.9091797,0.4919434
0.9094238,0.5095215
0.9274292,0.5043945
0.8995361,0.519104
0.9431152,0.5068359
0.8306885,0.4472656
0.9354248,0.4790649
0.9003296,0.5218506
0.8786621,0.4919434
0.9487305,0.5137939
0.9379272,0.5183105
0.6968994,0.5004883
0.8876343,0.5065308
0.9398804,0.5100708
0.8782349,0.5080566
0.8511353,0.5049438
0.8635864,0.4495239
0.9254761,0.5214233
0.9477539,0.4953003
0.7937622,0.4860229
0.8798828,0.4879761
0.5355225,0.5026855
0.9140015,0.4845581
0.8621216,0.4869385
0.9196777,0.4835815
0.9350586,0.6783447
0.9181519,0.5197754
0.9294434,0.4970703
0.6798096,0.5033569
0.8620605,0.4500122
0.880249,0.4822388
0.8796387,0.4907227
0.8796997,0.4830933
0.6671753,0.2144775
0.9144287,0.4872437
0.8986816,0.5125122
0.9317017,0.5187378
0.7728271,0.4979858
0.7589111,0.4984131
0.9016724,0.5240479
0.9447632,0.5163574
0.920105,0.5231323
0.732605,0.47229
0.8969727,0.5240479
0.9256592,0.5056152
0.8615112,0.4741821
0.7937012,0.2139282
0.7655029,0.3023682
0.9161377,0.4926758
0.8655396,0.4975586
0.8745728,0.4931641
0.7764282,0.8553467
0.8308105,0.475708
0.8238525,0.4985962
0.9327393,0.5176392
0.9387207,0.5185547
0.9093628,0.4932861
0.9279785,0.4848633
0.8902588,0.4685059
0.8864746,0.4710693
0.538269,0.4988403
0.8544922,0.480896
0.6656494,0.4989014
0.9080811,0.5009766
0.940918,0.4990845
0.8995361,0.4782104
0.7167358,0.2137451
0.9059448,0.492981
0.9349976,0.524353
0.8432007,0.4803467
0.8643799,0.4945068
0.8938599,0.4995728
0.8751221,0.4848022
0.9283447,0.5235596
0.9139404,0.5186768
0.8596802,0.4588013
0.864563,0.4915771
0.8803711,0.4988403
0.9290771,0.5108643
0.87146,0.4663696
0.723877,0.5003052
0.4643555,0.4979858
0.9212646,0.5061035
0.7030029,0.5025635
0.9067383,0.5012817
0.8097534,0.3471069
0.9364624,0.4851685
0.4957886,0.4987793
0.8652344,0.4466553
0.8664551,0.4822388
0.8659668,0.4890137
0.8637085,0.4887695
0.7088623,0.2794189
0.8587646,0.4483032
0.8449097,0.4996338
0.9371948,0.4852905
0.6541138,0.5009155
0.9390869,0.5097656
0.9265747,0.5084229
0.7017822,0.5001831
0.9425049,0.5184326
0.8504639,0.4743042
0.8919678,0.475769
0.8704834,0.4879761
0.9118042,0.5248413
0.6685181,0.4993286
0.8916626,0.4981689
0.8988037,0.5227051
0.8012695,0.2597046
0.7532959,0.4976807
0.9206543,0.4803467
0.7697754,0.498291
0.8815918,0.4909058
0.5255737,0.5101929
0.7250977,0.5071411
0.9578857,0.5148315
0.7192383,0.4981689
0.9349976,0.4854126
0.8743286,0.4859619
0.8971558,0.4846191
0.8499756,0.4873657
0.8601685,0.4874268
0.8812866,0.5202637
0.7121582,0.4988403
0.8947754,0.4767456
0.5236206,0.4984741
0.944397,0.5157471
0.8772583,0.4749146
0.8602905,0.5012817
0.8480225,0.4718628
0.9146118,0.4732666
0.831543,0.4745483
0.7355957,0.4981689
0.9099121,0.4804077
0.8427734,0.3289795
0.9354248,0.5166016
0.8671875,0.4221191
0.8631592,0.5100098
0.8666992,0.5030518
0.9407349,0.500061
0.8704224,0.4695435
0.8668213,0.4467163
0.8585205,0.5133667
0.8633423,0.4906616
0.8828125,0.4682007
0.9411011,0.5067139
0.9260864,0.5067139
0.8982544,0.4768677
0.9189453,0.5413208
0.6990356,0.4978638
0.5872192,0.4973755
0.7253418,0.5001831
0.9161377,0.4932251
0.8688965,0.4945068
0.8629761,0.5167847
0.8860474,0.5164185
0.880127,0.5055542
0.8807373,0.4966431
0.9457397,0.4989624
0.9368896,0.5220337
0.8377686,0.4931641
0.9351807,0.4940186
0.8756104,0.4536133
0.930481,0.5030518
0.8765259,0.46521
0.8847656,0.475708
0.9204712,0.4998779
0.9059448,0.4901123
0.9194946,0.5192871
0.7399902,0.8293457
0.8451538,0.4998169
0.8549805,0.5075073
0.7227173,0.4998779
0.8847046,0.4922485
0.8424072,0.4933472
0.8520508,0.4811401
0.8209839,0.3175659
0.9299316,0.4987793
0.9025269,0.5184326
0.7977295,0.4989624
0.9541626,0.5037842
0.8403931,0.4454346
0.7862549,0.3075562
0.8652344,0.4754639
0.8024902,0.4095459
0.9060059,0.4938354
0.932251,0.4976196
0.8435669,0.486145
0.5088501,0.475647
0.8970337,0.4979248
0.93927,0.5097656
0.8624878,0.482605
0.9394531,0.4831543
0.9508057,0.5042725
0.9008179,0.6707764
0.9537354,0.5020142
0.8734741,0.4906616
0.8918457,0.4991455
0.9274292,0.5209351
0.8596191,0.4772339
0.8240967,0.4830933
0.9295044,0.5151978
0.8898926,0.4795532
0.8030396,0.4799805
0.8187866,0.7589722
0.4891968,0.454895
0.9090576,0.4788208
0.8590698,0.4949951
0.8988037,0.4768066
0.5782471,0.4971924
0.8581543,0.4882202
0.8447266,0.5002441
0.8804321,0.4899902
0.8618774,0.4743042
0.9367676,0.5217896
0.8869019,0.4926147
0.5789185,0.4977417
0.9380493,0.4860229
0.8381958,0.4536743
0.9421387,0.484375
0.9391479,0.5098267
0.9249268,0.5111084
0.8775024,0.4719238
0.8375244,0.4300537
0.7136841,0.4986572
0.8567505,0.4697876
0.9194946,0.5213623
0.8146362,0.5012207
0.8724976,0.5249634
0.8850098,0.510437
0.8823853,0.5012207
0.9401245,0.4951172
0.4874268,0.4968262
0.8981934,0.4985962
0.7753296,0.5129395
0.8709717,0.4746094
0.7579346,0.2564087
0.9381714,0.5149536
0.5088501,0.4954224
0.8942871,0.4911499
0.9016724,0.5184326
0.9127808,0.4837646
0.8213501,0.4987793
0.5933228,0.4992676
0.8511353,0.5047607
0.9267578,0.4984131
0.7324219,0.4991455
0.9055786,0.4868774
0.8634644,0.4733887
0.8709717,0.4824219
0.9310303,0.5122681
0.9313965,0.5168457
0.8820801,0.4943237
0.869751,0.4855347
0.9417725,0.5015259
0.9331055,0.5176392
0.8713989,0.5080566
0.9217529,0.4985352
0.7971802,0.4985962
0.8980713,0.4787598
0.9432983,0.5172729
0.906189,0.4992676
0.7973633,0.2834473
0.9398804,0.5048828
0.9276123,0.5217896
0.8458862,0.4506836
0.8970947,0.5073853
0.9188232,0.5042114
0.9141235,0.5209351
0.8484497,0.4761963
0.9216309,0.4805298
0.8723755,0.4775391
0.8377075,0.4990845
0.8907471,0.4817505
0.8708496,0.4897461
0.8849487,0.4838257
0.8718872,0.4824219
0.8718262,0.475647
0.7192383,0.4989624
0.8770752,0.4888306
0.8612671,0.5143433
0.8366089,0.4827881
0.6269531,0.4985352
0.9181519,0.4807129
0.9145508,0.5180054
0.6633911,0.1429443
0.9294434,0.4944458
0.9549561,0.5009155
0.8362427,0.498291
0.8959351,0.4956665
0.5419922,0.4984741
0.9087524,0.4927368
0.8942261,0.4910278
0.8633423,0.4590454
0.8996582,0.4812622
0.9296265,0.4909668
0.7080688,0.4987793
0.8441162,0.4790039
0.5023804,0.4976196
0.8774414,0.5021362
0.8850098,0.520874
0.921875,0.4898682
0.7650146,0.4990845
0.4680176,0.4990234
0.5947876,0.4962158
0.9309692,0.493103
0.9275513,0.5169067
0.838623,0.5008545
0.7653198,0.4988403
0.562439,0.4985962
0.8494263,0.4727173
0.9310913,0.4922485
0.8309937,0.4591064
0.9053955,0.4866943
0.9162598,0.4952393
0.9260254,0.5195312
0.8522949,0.4912109
0.8256836,0.3973389
0.9397583,0.5084229
0.914917,0.4758301
0.8497925,0.5002441
0.8467407,0.4761353
0.8722534,0.4996338
0.5303955,0.494812
0.9026489,0.4866943
0.5490723,0.4967651
0.9482422,0.5100708
0.8953247,0.5083008
0.9342651,0.4849854
0.8673706,0.4681396
0.5547485,0.5005493
0.5653687,0.4994507
0.7614746,0.5010986
0.9332886,0.484436
0.4692383,0.4984131
0.861084,0.4074707
0.9418335,0.4817505
0.8740845,0.4868774
0.850769,0.4857788
0.9376221,0.5440674
0.8345337,0.4922485
0.8114014,0.4994507
0.9235229,0.4921875
0.5878906,0.4985962
0.9196777,0.5021973
0.9194336,0.5164185
0.9325562,0.5058594
0.9262085,0.4854126
0.9309692,0.4993286
0.9310913,0.4866943
0.9505005,0.4957886
0.8710327,0.4651489
0.9319458,0.4848633
0.9398804,0.4833374
0.880188,0.512146
0.918396,0.4990845
0.9104004,0.5227051
0.8455811,0.4730835
0.7178345,0.2620239
0.8799438,0.492981
0.8649902,0.4817505
0.93396,0.515625
0.7332764,0.4990234
0.8511963,0.4819946
0.9197388,0.4925537
0.9096069,0.5181885
0.5059204,0.4975586
0.9324951,0.5162354
0.9028931,0.5024414
0.9279175,0.5192871
0.8824463,0.506958
0.9421387,0.503479
0.7119141,0.4992065
0.9209595,0.4992065
0.947937,0.5015259
0.918457,0.4901733
0.9081421,0.4849854
0.4737549,0.4979858
0.9417725,0.4968262
0.8684692,0.4604492
0.9081421,0.5223389
0.9286499,0.4921265
0.5233154,0.5015869
0.9094849,0.5145264
0.927002,0.4983521
0.8966675,0.4966431
0.7501221,0.8354492
0.9273071,0.5103149
0.911438,0.4876709
0.9368896,0.5118408
0.8823853,0.4890137
0.8706665,0.4821167
0.8717041,0.5126343
0.8161011,0.359314
0.8765869,0.4873657
0.8318481,0.4141235
0.9411011,0.5065918
0.9136963,0.4935303
0.9146729,0.520752
0.9437866,0.506897
0.8766479,0.4950562
0.8734131,0.4804688
0.7276611,0.4993896
0.8278809,0.4996948
0.9152222,0.5167847
0.864502,0.5089722
0.8586426,0.3973389
0.875,0.4768677
0.5859985,0.4991455
0.942749,0.5186768
0.7598877,0.329895
0.8805542,0.4741821
0.850647,0.3746948
0.9467773,0.4996338
0.894165,0.4989624
0.6757202,0.4996338
0.9324951,0.4880371
0.8397827,0.4093628
0.8473511,0.4522705
0.8850098,0.4747925
0.878479,0.5046997
0.8831177,0.4702148
0.8717041,0.472229
0.8417969,0.4697266
0.8588257,0.4994507
0.8573608,0.4794922
0.8479614,0.4747314
0.8666992,0.4799805
0.8336182,0.4849854
0.831665,0.4841919
0.9445801,0.4997559
0.9542236,0.4955444
0.9431763,0.5041504
0.9286499,0.494812
0.9351196,0.5046387
0.8605347,0.4709473
0.9274292,0.5039062
0.8605347,0.4634399
0.883667,0.4814453
0.7792358,0.4985962
0.8447266,0.4448242
0.6418457,0.4969482
0.899353,0.5105591
0.9140015,0.4751587
0.8962402,0.4771729
0.8813477,0.4737549
0.946228,0.4804077
0.8580322,0.4260864
0.9377441,0.5166016
0.9481201,0.5064087
0.6221924,0.4966431
0.9291992,0.5089722
0.9054565,0.4835205
0.8356323,0.46875
0.8327637,0.4780273
0.664917,0.4994507
0.9321289,0.4944458
0.9023438,0.4851074
0.9537354,0.4936523
0.9187622,0.4910278
0.5436401,0.4987793
0.9144897,0.5133057
0.932251,0.5092773
0.8491211,0.4666748
0.8572388,0.4259033
0.4909058,0.4893188
0.9038086,0.4767456
0.9537964,0.5007324
0.5854492,0.5015869
0.9229736,0.5231323
0.9209595,0.4863281
0.9320068,0.5012207
0.8065186,0.4158936
0.868042,0.5158081
0.8969116,0.4942017
0.9396973,0.4835815
0.8920288,0.5230103
0.8414307,0.4813232
0.9171753,0.499939
0.9499512,0.5043945
0.8918457,0.4962769
0.8508301,0.4680786
0.9417725,0.5127563
0.7863159,0.2803345
0.9019775,0.4996948
0.9448242,0.4985352
0.9598389,0.4987183
0.9407959,0.4833374
0.6014404,0.4981079
0.8822021,0.4718018
0.8776855,0.4727173
0.913147,0.5232544
0.8669434,0.4976196
0.8695679,0.5115356
0.9467773,0.5002441
0.9247437,0.5858154
0.7162476,0.4984131
0.8791504,0.4793091
0.8625488,0.5021362
0.9291992,0.4846191
0.9295654,0.4981079
0.6303711,0.4994507
0.8914795,0.5241699
0.8723755,0.4702759
0.6552124,0.4969482
0.8934326,0.5146484
0.7539062,0.2868042
0.920105,0.5240479
0.9433594,0.5172729
0.9539795,0.5049438
0.8598022,0.4199829
0.5090942,0.4973145
0.7564697,0.4979248
0.9265747,0.4793091
0.8503418,0.4802856
0.8742676,0.4907837
0.9150391,0.5197754
0.8455811,0.4819946
0.927124,0.4746704
0.9396973,0.5102539
0.921814,0.500061
0.9246826,0.5236206
0.9230957,0.4979248
0.8469849,0.4711304
0.5837402,0.4991455
0.7625732,0.499939
0.8525391,0.4998169
0.9063721,0.4945068
0.8279419,0.4104614
0.8782959,0.46521
0.5876465,0.4979858
0.9243774,0.4876709
0.8966675,0.4796753
0.8974609,0.4787598
0.9077148,0.5100098
0.8762207,0.5093994
0.6688232,0.4983521
0.5759277,0.4986572
0.7608643,0.4991455
0.8504639,0.4991455
0.9169922,0.4893188
0.9364014,0.4855347
0.5426636,0.5038452
0.8884888,0.5050659
0.727356,0.4989624
0.8406982,0.4273071
0.8721313,0.5145264
0.6824951,0.4987793
0.9527588,0.498291
0.9054565,0.3319092
0.8518066,0.4717407
0.8931274,0.5150146
0.9408569,0.5148926
0.9321289,0.4936523
0.9307861,0.4934082
0.7976074,0.4998779
0.914978,0.4763184
0.8328857,0.447937
0.7774048,0.5585327
0.6903076,0.4984741
0.4936523,0.4995728
0.8734741,0.493103
0.8916626,0.4750366
0.9227905,0.5223389
0.8468628,0.4990845
0.867981,0.4871826
0.8249512,0.4995117
0.4745483,0.4993286
0.9544067,0.4978638
0.8245239,0.322937
0.6264648,0.4981689
0.8875732,0.4866943
0.7561035,0.473999
0.7988281,0.4974976
0.9077759,0.4917603
0.9309692,0.484314
0.824585,0.3359375
0.8814087,0.4804077
0.7557983,0.4951782
0.8598022,0.475769
0.8449097,0.4778442
0.8300781,0.4889526
0.894043,0.4888916
0.9317017,0.4938354
0.8312988,0.498291
0.753479,0.4998779
0.9087524,0.5167236
0.9077148,0.5177612
0.8948975,0.5146484
0.6640015,0.4989014
0.8192139,0.4247437
0.838501,0.4607544
0.9449463,0.4880371
0.8925781,0.5039062
0.9386597,0.5186157
0.8659668,0.5172119
0.8276367,0.4987793
0.8945312,0.4775391
0.8602295,0.4963989
0.9331665,0.4970703
0.8867798,0.5140381
0.7515259,0.4993896
0.4812622,0.4990234
0.9445801,0.366272
0.8331299,0.486145
0.7709351,0.3530884
0.8400269,0.4846191
0.9697266,0.4933472
0.6647949,0.4995117
0.8464355,0.4645996
0.8759766,0.4661255
0.8946533,0.4995117
0.8814697,0.3458862
0.9125977,0.4769287
0.8412476,0.4216919
0.8952026,0.4923096
0.9099121,0.5224609
0.5368042,0.4996338
0.9348145,0.5040283
0.8360596,0.4961548
0.9124146,0.4960938
0.8742065,0.475647
0.8782349,0.4768677
0.8638916,0.5145264
0.6021118,0.4989624
0.8641968,0.5029907
0.899231,0.5195312
0.9210205,0.4830933
0.9209595,0.5196533
0.8691406,0.4691772
0.9128418,0.520874
0.7514648,0.4978027
0.8803101,0.5059204
0.5090942,0.4985352
0.8808594,0.4803467
0.8876343,0.5042725
0.8671875,0.4992065
0.9276733,0.5240479
0.9353638,0.5111694
0.7055664,0.4985352
0.8468628,0.4871216
0.9127197,0.4942627
0.9321899,0.4969482
0.9422607,0.4960938
0.9376831,0.5053711
0.788147,0.4993896
0.8970947,0.5129395
0.9058228,0.4844971
0.9168701,0.5230103
0.9127808,0.520752
0.9393921,0.4906616
0.9173584,0.4918823
0.9056396,0.5163574
0.9490967,0.512146
0.9313354,0.5235596
0.8880615,0.5075684
0.9346924,0.5103149
0.925293,0.5202026
0.8640137,0.468689
0.8493652,0.50354
0.9137573,0.4887085
0.6688843,0.498291
0.9320679,0.5082397
0.9174805,0.4804077
0.9353638,0.4822998
0.937439,0.5119019
0.8974609,0.500061
0.8924561,0.5093384
0.9102783,0.5148315
0.553833,0.4988403
0.4624634,0.4985962
0.8961182,0.5217285
0.9329224,0.4832153
0.9414673,0.4810181
0.822937,0.4967041
0.8740234,0.4353638
0.9363403,0.480957
0.8429565,0.4927368
0.907959,0.5109253
0.930542,0.4778442
0.6854248,0.4987793
0.9292603,0.5233765
0.9053955,0.5143433
0.8468628,0.5057983
0.7249146,0.2537842
0.5014038,0.496521
0.5210571,0.49823
0.7541504,0.4993896
0.9376831,0.5099487
0.9003906,0.5108643
0.8704834,0.4813232
0.5270386,0.4987793
0.8865967,0.5115967
0.9375,0.5088501
0.838562,0.4936523
0.9338379,0.5211792
0.8794556,0.4815063
0.5264282,0.4987183
0.8624268,0.4867554
0.753479,0.5005493
0.6159668,0.4983521
0.9116821,0.4882202
0.9207764,0.4877319
0.9356079,0.5123901
0.9124756,0.5148315
0.9076538,0.5213013
0.866394,0.5024414
0.842041,0.472229
0.9303589,0.4991455
0.9141846,0.4731445
0.9309692,0.484375
0.8115845,0.4041138
0.7064819,0.4992676
0.9099121,0.5222778
0.6241455,0.4990845
0.9002686,0.5102539
0.4951172,0.4991455
0.937561,0.5042114
0.7380981,0.4976807
0.8799438,0.5065918
0.913147,0.5439453
0.8320312,0.4648438
0.87323,0.5142822
0.8635254,0.5010986
0.9147339,0.4968872
0.630249,0.4985352
0.8627319,0.5145264
0.9050903,0.5214844
0.5494385,0.4978638
0.6897583,0.498291
0.9445801,0.515625
0.8927612,0.5093994
0.947876,0.506958
0.8620605,0.4620361
0.9367676,0.5166016
0.8637085,0.4918823
0.8781128,0.4671631
0.9239502,0.4890137
0.6864014,0.4984741
0.6655884,0.4978027
0.5613403,0.4981079
0.9008789,0.5091553
0.6312866,0.1842651
0.9081421,0.4799194
0.9415894,0.5135498
0.7539673,0.498291
0.9259033,0.508606
0.9031372,0.4758301
0.8798218,0.4937134
0.8734131,0.4829102
0.9196777,0.5136108
0.644165,0.4978027
0.8691406,0.5171509
0.7699585,0.4984131
0.8927612,0.4983521
0.8828125,0.4946899
0.5557861,0.4988403
0.9366455,0.4848022
0.9260254,0.5137939
0.9211426,0.5141602
0.7734985,0.5026245
0.8916626,0.5235596
0.9013062,0.4742432
0.9421387,0.515564
0.8793945,0.4958496
0.8691406,0.496582
0.8527832,0.4838257
0.75354,0.499939
0.8859863,0.47229
0.727356,0.4974976
0.7036743,0.49823
0.8267822,0.345459
0.8825073,0.5246582
0.8938599,0.5228271
0.5986938,0.4997559
0.9086914,0.4767456
0.8624268,0.4918213
0.7071533,0.2130737
0.8484497,0.4822998
0.925354,0.512085
0.8654175,0.5100098
0.9349976,0.4985962
0.8641357,0.4881592
0.6878052,0.4985352
0.9207764,0.4937134
0.8572388,0.4746704
0.925293,0.5188599
0.8810425,0.4989624
0.8212891,0.4987793
0.7990723,0.5001221
0.9471436,0.4837036
0.6976929,0.4984741
0.8521729,0.4908447
0.9320679,0.508667
0.7626343,0.8809814
0.637085,0.4979248
0.8404541,0.4671021
0.5299072,0.4983521
0.697876,0.2228394
0.8858643,0.4772339
0.8399658,0.4755249
0.9160156,0.5223389
0.9239502,0.5250854
0.887146,0.4772339
0.8054199,0.4876099
0.9411621,0.5112915
0.8148804,0.3067017
0.822876,0.4996338
0.925415,0.5079956
0.9009399,0.5194092
0.4639893,0.4992065
0.4976196,0.4983521
0.8740845,0.4751587
0.9358521,0.486084
0.6660767,0.49823
0.8123779,0.4094238
0.8847656,0.4806519
0.9237671,0.4761963
0.8029175,0.2575073
0.8924561,0.4966431
0.8911743,0.4782715
0.8660278,0.5025024
0.9206543,0.5167847
0.9434204,0.4818726
0.7810669,0.307312
0.8135986,0.4987183
0.6156006,0.4986572
0.8687134,0.4830322
0.4957275,0.4990845
0.8519897,0.4797974
0.7925415,0.5004272
0.857666,0.4733276
0.8590088,0.4996948
0.8691406,0.4909668
0.8614502,0.4973755
0.8341064,0.4484863
0.9257202,0.5147095
0.5129395,0.4954834
0.8513184,0.418335
0.8547974,0.4763184
0.9366455,0.5006104
0.8943481,0.4949341
0.8532715,0.4989624
0.9083252,0.5612183
0.7827148,0.4967041
0.8829956,0.4909668
0.8529663,0.4740601
0.8894653,0.5020752
0.8954468,0.4706421
0.7104492,0.500061
0.6391602,0.1934204
0.9237061,0.5201416
0.8135986,0.4987183
0.6702271,0.4990845
0.8673096,0.4743042
0.8618164,0.4146729
0.9407959,0.4995117
0.5756836,0.4987183
0.8278809,0.4979858
0.8807983,0.4888306
0.5391846,0.4978638
0.8516846,0.489563
0.9100342,0.5217285
0.8469238,0.4962769
0.8449707,0.4996338
0.8555908,0.5089722
0.8842163,0.5006104
0.880249,0.4838867
0.8465576,0.4624634
0.8477783,0.5028687
0.5380249,0.4972534
0.887085,0.4769287
0.8850708,0.4747925
0.9014893,0.4873047
0.8314819,0.4440308
0.6135254,0.4963989
0.725647,0.4912109
0.9416504,0.4935913
0.8518677,0.4945068
0.9002075,0.5019531
0.9284668,0.5033569
0.857666,0.5118408
0.9418335,0.4782104
0.9523315,0.5090942
0.8570557,0.4744263
0.8520508,0.5042725
0.9428101,0.5166016
0.9301147,0.4854126
0.9202881,0.5044556
0.9413452,0.5006714
0.9284058,0.4834595
0.9034424,0.522583
0.9378662,0.5075073
0.9180298,0.5186157
0.897583,0.2446289
0.8929443,0.5233765
0.8742065,0.4683228
0.8839111,0.4919434
0.7246094,0.4995728
0.8487549,0.4606934
0.9416504,0.4812622
0.918335,0.4850464
0.8810425,0.4951172
0.8613892,0.4985352
0.7788086,0.4998169
0.8496094,0.4992676
0.6444092,0.4985352
0.9411011,0.5164185
0.8625488,0.5021362
0.8525391,0.4523926
0.8271484,0.5009766
0.7703247,0.3535767
0.9172363,0.4846191
0.8970337,0.5115356
0.9274902,0.5117188
0.8408203,0.5005493
0.9465332,0.5040283
0.8953857,0.5116577
0.6021729,0.4990845
0.9306641,0.4945679
0.8792114,0.4763794
0.6352539,0.499939
0.5950928,0.4997559
0.9058228,0.6236572
0.5395508,0.5089111
0.8274536,0.4432373
0.836853,0.4996948
0.8966064,0.4916992
0.9008179,0.5045776
0.8780518,0.4750977
0.9066772,0.5245361
0.8609009,0.4969482
0.8734131,0.4790039
0.8704834,0.5005493
0.8602905,0.4887695
0.9086914,0.4834595
0.927002,0.4943848
0.8658447,0.4750977
0.6257324,0.500061
0.6674194,0.4934082
0.9342041,0.4934692
0.9279175,0.4985962
0.4683838,0.4993896
0.862854,0.4984741
0.8998413,0.4754028
0.9033203,0.4784546
0.7919922,0.7316284
0.7922363,0.265686
0.9161987,0.4921265
0.8688965,0.4736938
0.8866577,0.4988403
0.9173584,0.4871826
0.5129395,0.4988403
0.940979,0.49823
0.9036865,0.3897705
0.8725586,0.5045776
0.9480591,0.4765625
0.8920288,0.4987183
0.9155884,0.661499
0.8939819,0.5003662
0.8567505,0.3856812
0.8728027,0.4943848
0.918457,0.4802856
0.9029541,0.5165405
0.9407959,0.4995728
0.9075317,0.5189209
0.8204346,0.4923096
0.8947754,0.5147705
0.8491821,0.4666138
0.8884277,0.5239258
0.9441528,0.4877319
0.8839111,0.4769287
0.8876343,0.4990234
0.8920898,0.3720703
0.6748657,0.4981689
0.8266602,0.4609375
0.855957,0.4921265
0.8569336,0.4251709
0.8502197,0.4989014
0.9266357,0.499939
0.5455933,0.4987793
0.8686523,0.4735107
0.8442383,0.4884033
0.9179077,0.5006104
0.8942261,0.4671021
0.7924805,0.2875366
0.4987183,0.5014038
0.847168,0.4457397
0.8726196,0.4226685
0.8666382,0.4331665
0.6998291,0.4986572
0.8328857,0.486084
0.9353027,0.4959717
0.9093628,0.5839844
0.4772339,0.4985352
0.9292603,0.4827881
0.833252,0.4681396
0.8793945,0.4725952
0.8769531,0.4638062
0.8397217,0.4889526
0.9210205,0.5239258
0.927063,0.5164185
0.8605347,0.4663696
0.8484497,0.479126
0.8323975,0.4483643
0.7075195,0.5006104
0.9047241,0.5245972
0.6552124,0.4987183
0.8782349,0.500061
0.9196167,0.5057983
0.9400024,0.4827271
0.8950195,0.5222778
0.6473389,0.4889526
0.7456055,0.4992676
0.8656616,0.4729614
0.8969727,0.4711914
0.4779053,0.4978638
0.9373779,0.479248
0.8981323,0.4874268
0.9187012,0.479187
0.9505005,0.4959106
0.8656616,0.4741211
0.8661499,0.4925537
0.6052246,0.4976807
0.8813477,0.4641113
0.8953247,0.500061
0.8792114,0.4915771
0.6456299,0.5014648
0.8591919,0.4725952
0.8510742,0.4777222
0.854126,0.5031738
0.8914185,0.6152954
0.8619385,0.4743652
0.9584351,0.4998779
0.9454346,0.5072632
0.8706055,0.5062866
0.8768311,0.5027466
0.7809448,0.5008545
0.9445801,0.4987183
0.8297119,0.4665527
0.8826904,0.4864502
0.9175415,0.5164185
0.9335938,0.5068359
0.7381592,0.4987183
0.8557129,0.4524536
0.8497925,0.4680176
0.9291992,0.5119019
0.5673218,0.4984131
0.8691406,0.4981079
0.8610229,0.4768066
0.8887939,0.5113525
0.8447266,0.4541626
0.8554688,0.4942627
0.8884277,0.4847412
0.6254272,0.499939
0.9337158,0.5003052
0.8508911,0.4769897
0.9290771,0.5036621
0.5614014,0.4994507
0.9408569,0.493042
0.9523926,0.4973755
0.8343506,0.4210815
0.7802734,0.3006592
0.829895,0.4865723
0.8515015,0.5117798
0.8667603,0.4631958
0.9450684,0.505127
0.7969971,0.2962036
0.93396,0.4846191
0.8604126,0.4016113
0.8876343,0.5157471
0.8482056,0.385376
0.9430542,0.4786377
0.9158936,0.4890747
0.9130249,0.494751
0.8555908,0.4364014
0.7651367,0.4987793
0.8790894,0.5059814
0.5984497,0.4993286
0.9337769,0.4848633
0.9367676,0.5073853
0.8320312,0.4827271
0.8846436,0.4785156
0.6870117,0.4952393
0.6511841,0.4980469
0.7368164,0.2597046
0.9046021,0.5040283
0.8908691,0.5216675
0.8811035,0.6143799
0.9008179,0.494873
0.8465576,0.3861694
0.6914062,0.4973755
0.8717651,0.467041
0.8275146,0.4991455
0.9301147,0.4968262
0.6852417,0.2470093
0.8682251,0.5089722
0.6624146,0.4974976
0.9423828,0.600769
0.8564453,0.4772949
0.8203125,0.4945068
0.8640747,0.4309692
0.9311523,0.5137329
0.8565674,0.4282227
0.9025269,0.5062256
0.8735352,0.5143433
0.8876343,0.5145874
0.9336548,0.4978027
0.8956299,0.4778442
0.897644,0.4754028
0.8345337,0.4810791
0.7506104,0.4984741
0.94104,0.4928589
0.4956055,0.4985962
0.8418579,0.4874878
0.9208374,0.4872437
0.8795776,0.4745483
0.925415,0.5188599
0.8529053,0.477478
0.8881226,0.4729614
0.8258667,0.388916
0.8904419,0.5039062
0.9164429,0.507019
0.8603516,0.4623413
0.9310303,0.4984741
0.7875366,0.2759399
0.9555664,0.500061
0.8447266,0.4785156
0.8278198,0.4487915
0.8388062,0.4852905
0.8306274,0.6741943
0.5020142,0.4909058
0.8496704,0.4431763
0.8865356,0.473877
0.9684448,0.4957886
0.9376831,0.5020752
0.8374634,0.4992065
0.9278564,0.5105591
0.9335327,0.5018311
0.7092285,0.2331543
0.5860596,0.500061
0.6071777,0.4984741
0.8596802,0.5300293
0.821228,0.3359985
0.4980469,0.5007935
0.7005615,0.5003052
0.8762207,0.4632568
0.7036743,0.4985352
0.9127808,0.5183716
0.8878784,0.5023193
0.5373535,0.4891968
0.8497314,0.444397
0.8546143,0.4732666
0.8495483,0.4724121
0.9138794,0.4960327
0.8800659,0.5055542
0.8422852,0.4453735
0.8037109,0.4057007
0.9154663,0.4923096
0.8933716,0.4746704
0.8606567,0.4779053
0.9031372,0.5070801
0.8515625,0.4032593
0.8198853,0.4989014
0.9291382,0.5172729
0.8978271,0.5092773
0.8391113,0.4732056
0.9129028,0.4780884
0.8603516,0.5153198
0.8479004,0.496521
0.8901978,0.4864502
0.9196777,0.5167847
0.9415894,0.4892578
0.8904419,0.4752808
0.9431152,0.5016479
0.8936768,0.5222168
0.9170532,0.5181274
0.9014282,0.5142822
0.9239502,0.4777832
0.8806152,0.4748535
0.8980713,0.4734497
0.890686,0.4992676
0.9111938,0.512085
0.9347534,0.5106201
0.9517212,0.4929199
0.8793335,0.4511719
0.5938721,0.4984741
0.9024048,0.5244751
0.8684082,0.4761963
0.9331665,0.5196533
0.7474976,0.2733765
0.8569336,0.4309692
0.8991699,0.4764404
0.9490356,0.4900513
0.6137085,0.4990845
0.8962402,0.5131226
0.9210205,0.4995117
0.7146606,0.4992676
0.9035645,0.4708252
0.8477173,0.4638062
0.9065552,0.4983521
0.9501343,0.4846802
0.9441528,0.4966431
0.8610229,0.4732666
0.8565063,0.4398804
0.77948,0.4996948
0.8630371,0.5139771
0.4576416,0.4889526
0.9430542,0.5105591
0.5704346,0.4974365
0.8973389,0.4768066
0.8779907,0.4760742
0.5932007,0.4987183
0.9200439,0.4896851
0.8770752,0.4762573
0.8970947,0.4863892
0.9382324,0.4984741
0.9382935,0.5004883
0.8469238,0.5080566
0.8622437,0.4760742
0.6103516,0.4995117
0.8985596,0.517395
0.8830566,0.4526367
0.9072266,0.4806519
0.8720703,0.475769
0.9035645,0.4740601
0.6451416,0.4973755
0.9434814,0.5021973
0.6494751,0.4986572
0.5744629,0.4974976
0.901062,0.4866943
0.7194824,0.4961548
0.7312622,0.4991455
0.616394,0.9121094
0.9060669,0.4833374
0.4603882,0.496582
0.8569946,0.4281616
0.475647,0.4981079
0.7241821,0.4942017
0.8562622,0.5079956
0.9082031,0.4870605
0.9055786,0.5222778
0.8392944,0.4438477
0.8759766,0.4865723
0.6438599,0.4973755
0.9401245,0.5053101
0.8707886,0.7174683
0.7362061,0.4980469
0.9160767,0.4910278
0.7432861,0.4989624
0.6965942,0.4989014
0.927063,0.5039673
0.8488159,0.3574219
0.8657837,0.3920898
0.892395,0.4714355
0.90802,0.506897
0.8922119,0.4804688
0.9274902,0.4793091
0.8790894,0.4852905
0.8547363,0.5160522
0.9040527,0.5209961
0.644043,0.4975586
0.871521,0.4840698
0.9260254,0.5213623
0.9505005,0.5023193
0.8814697,0.4568481
0.8911133,0.4713745
0.8877563,0.5213623
0.9434204,0.5062256
0.8887939,0.7275391
0.9138184,0.4753418
0.8699951,0.4747314
0.8963623,0.5245361
0.8435059,0.4934692
0.8934937,0.5240479
0.9401245,0.5125732
0.7335205,0.4990234
0.9524536,0.4888306
0.9066772,0.4821167
0.8439941,0.4990845
0.8522339,0.4742432
0.9119263,0.5037231
0.8710327,0.4733276
0.9267578,0.5228271
0.5130005,0.4991455
0.7927246,0.498291
0.8175049,0.3774414
0.8722534,0.5009155
0.9217529,0.5161743
0.8486328,0.4772949
0.8839111,0.479187
0.8760986,0.5057373
0.9031982,0.5209351
0.8922119,0.5227051
0.8658447,0.4968262
0.9315186,0.4994507
0.8852539,0.4775391
0.8086548,0.4988403
0.6931152,0.4996948
0.6843262,0.1843262
0.9298096,0.5172729
0.8782349,0.4993896
0.6037598,0.4970703
0.8884888,0.5163574
0.9094238,0.4956055
0.8424683,0.4682007
0.49646,0.4990845
0.9397583,0.510376
0.880188,0.472229
0.8466797,0.4267578
0.855957,0.4993896
0.7050781,0.4992676
0.821106,0.4916382
0.9003906,0.4917603
0.5089111,0.4973755
0.9193115,0.492981
0.887207,0.4795532
0.8302002,0.4984741
0.8261719,0.4397583
0.9255981,0.4920654
0.7424316,0.4973755
0.6091919,0.4986572
0.9035034,0.5175781
0.9381104,0.4824829
0.8259888,0.4382935
0.875,0.487793
0.5098877,0.4993286
0.4877319,0.4952393
0.8947144,0.4781494
0.7870483,0.2288208
0.8875732,0.4998169
0.7122192,0.4932251
0.784729,0.3035889
0.8887939,0.4984131
0.5844727,0.4989014
0.7541504,0.4994507
0.6942749,0.2096558
0.8683472,0.4988403
0.8643799,0.4876099
0.9414062,0.5056763
0.5357056,0.4969482
0.8457642,0.4885254
0.9172363,0.5083008
0.6516113,0.4983521
0.9407959,0.4828491
0.7963257,0.5076294
0.5534058,0.498291
0.8713379,0.4821167
0.9354248,0.5092163
0.9210205,0.4777832
0.5057983,0.4979858
0.6224365,0.4988403
0.9074707,0.4946289
0.9354248,0.4847412
0.8845825,0.4970093
0.7977905,0.4987793
0.8347168,0.4996948
0.9559937,0.493103
0.7980957,0.2685547
0.8723755,0.5132446
0.8821411,0.4889526
0.8509521,0.4872437
0.7960815,0.4990234
0.9020386,0.5111694
0.8640747,0.4743652
0.9211426,0.5080566
0.9212036,0.479248
0.5848999,0.1316528
0.940918,0.4996948
0.9196167,0.5195923
0.8729248,0.486145
0.6832886,0.5007324
0.9317017,0.4829712
0.9249878,0.5059204
0.7996216,0.3499146
0.8790283,0.4995728
0.6983643,0.5003052
0.8875122,0.4327393
0.8728027,0.4730225
0.9407349,0.505249
0.8450928,0.4747314
0.875,0.4974365
0.8460083,0.4738159
0.9320679,0.4990845
0.8614502,0.5005493
0.8130493,0.4993286
0.6993408,0.5137939
0.828064,0.3882446
0.8204956,0.430603
0.9111328,0.4865112
0.921814,0.515625
0.8477783,0.4863281
0.7808838,0.4992676
0.9454346,0.5186768
0.7073975,0.4929199
0.857666,0.4783325
0.9016724,0.524231
0.8024292,0.4996948
0.8878174,0.5063477
0.6176147,0.1947632
0.8956299,0.482605
0.9154663,0.4933472
0.7697144,0.4988403
0.8530273,0.4706421
0.7213745,0.4990845
0.8778687,0.4765015
0.5410767,0.4992065
0.8525391,0.4986572
0.8867798,0.5010986
0.8765869,0.4760132
0.8861694,0.4786377
0.9227905,0.5231323
0.7250366,0.4989624
0.9177856,0.5169067
0.8493652,0.4810791
0.9470215,0.492981
0.6352539,0.4986572
0.9320679,0.5106201
0.902771,0.4864502
0.8384399,0.5105591
0.5929565,0.5004883
0.9335938,0.5136719
0.8685303,0.4727783
0.9312744,0.4957886
0.9310303,0.5147095
0.8765259,0.4738159
0.8451538,0.480957
0.875,0.4736938
0.4732056,0.4978027
0.7346191,0.4998169
0.8919067,0.4991455
0.9073486,0.5170898
0.5130005,0.4977417
0.7064209,0.4990845
0.8730469,0.4724121
0.833374,0.4772949
0.6651001,0.4985962
0.6721802,0.4985962
0.8894043,0.503479
0.951416,0.4908447
0.9448853,0.4942017
0.869873,0.5048218
0.6548462,0.4916992
0.8050537,0.4984131
0.8562622,0.3867188
0.8429565,0.4608765
0.8557129,0.4760132
0.8944702,0.4783936
0.9451294,0.508728
0.8956299,0.5119629
0.8633423,0.4873047
0.8423462,0.4700928
0.9370728,0.4971313
0.8744507,0.519043
0.9273682,0.4952393
0.8943481,0.4649048
0.911438,0.4886475
0.8427124,0.4257202
0.4777222,0.4990234
0.9329224,0.49646
0.9375,0.4865112
0.519104,0.5021973
0.8966064,0.4954224
0.8742676,0.4752808
0.6268921,0.4990234
0.8703613,0.4974365
0.8380127,0.477478
0.6259155,0.9510498
0.8446655,0.4747314
0.8331909,0.3396606
0.9334106,0.5151978
0.9359131,0.4803467
0.8873901,0.4706421
0.9420776,0.4942627
0.8902588,0.4928589
0.8961182,0.4725952
0.9454956,0.4904175
0.8588257,0.4755249
0.8607788,0.4804077
0.951416,0.5044556
0.8295288,0.4983521
0.9263916,0.5093994
0.8696899,0.7556763
0.9507446,0.4938965
0.8701782,0.4865112
0.8596191,0.4990234
0.7481079,0.5047607
0.8899536,0.4833374
0.8828735,0.487854
0.8528442,0.4697266
0.9269409,0.5129395
0.8435059,0.447876
0.8556519,0.4680786
0.9140625,0.5101318
0.8735352,0.4833374
0.8357544,0.460022
0.8681641,0.4952393
0.90979,0.5233154
0.8146973,0.4397583
0.8825684,0.4814453
0.7919922,0.2999878
0.7198486,0.4990234
0.8667603,0.4765015
0.8569336,0.4987183
0.8590698,0.4796143
0.5799561,0.4989624
0.9110718,0.4736938
0.9191284,0.4890137
0.9419556,0.505249
0.9019165,0.4978638
0.7339478,0.4995117
0.864563,0.4514771
0.9245605,0.4740601
0.9237671,0.5132446
0.9411621,0.5199585
0.8950195,0.4854736
0.8569336,0.4761353
0.8999634,0.5162354
0.9016113,0.4793091
0.9050903,0.5202637
0.7390137,0.4985962
0.8884277,0.519165
0.8670044,0.4723511
0.5262451,0.4990845
0.9221802,0.4981689
0.8812256,0.4984131
0.8899536,0.503418
0.9190063,0.5994263
0.8664551,0.475769
0.8171997,0.4564819
0.9382324,0.4898682
0.8695068,0.5092163
0.9396973,0.4821777
0.5678101,0.4989014
0.8672485,0.5032959
0.9113159,0.5193481
0.8754883,0.4389648
0.8598633,0.4790039
0.8414307,0.4995117
0.8909912,0.4743042
0.9416504,0.4957275
0.8421021,0.4800415
0.848938,0.4838867
0.5378418,0.4990234
0.9534912,0.4887085
0.8754883,0.4934082
0.8724976,0.5053101
0.9025879,0.4835205
0.8599854,0.4996948
0.9111938,0.5025024
0.8952637,0.5108643
0.9151001,0.5135498
0.8270874,0.484436
0.8855591,0.4751587
0.8840942,0.5046387
0.9342041,0.5059814
0.9119263,0.5023193
0.8649902,0.4991455
0.871582,0.4555054
0.6173096,0.4961548
0.9159546,0.505249
0.8598633,0.4816284
0.8666992,0.4995117
0.8510132,0.4954224
0.8840942,0.5018311
0.8929443,0.4527588
0.5244141,0.4998779
0.796814,0.4989014
0.7734985,0.4987793
0.8670654,0.4884644
0.8434448,0.5082397
0.8063354,0.499939
0.8908691,0.4985962
0.8695679,0.4921875
0.9360962,0.5006104
0.925293,0.498291
0.8356934,0.4806519
0.8375244,0.4986572
0.8944702,0.5239258
0.9001465,0.4735107
0.9277344,0.4923096
0.9309082,0.503418
0.8168335,0.8179932
0.9407959,0.5084839
0.9182739,0.6403198
0.8640747,0.4551392
0.9375,0.5007324
0.970459,0.4939575
0.9064331,0.5211792
0.9384766,0.4925537
0.9386597,0.5195923
0.7598877,0.4990234
0.8780518,0.4987183
0.8601074,0.4823608
0.7722168,0.4989014
0.8012085,0.4807739
0.9431152,0.4821777
0.8943481,0.4918213
0.7921143,0.7267456
0.5119629,0.498291
0.8760376,0.5125732
0.928833,0.4976807
0.8921509,0.4768677
0.7410278,0.4993286
0.9390259,0.4846802
0.9078979,0.4860229
0.480835,0.4989624
0.8502197,0.4985352
0.850769,0.4331665
0.8001709,0.505127
0.4870605,0.4987793
0.6522217,0.4984131
0.9241943,0.4973755
0.5786743,0.4961548
0.8817139,0.5054321
0.8401489,0.4749756
0.8880005,0.4782104
0.857666,0.5031128
0.8411865,0.5089722
0.8847656,0.4970703
0.8891602,0.4968872
0.4776001,0.4989624
0.7282104,0.5131836
0.8334351,0.4766846
0.9423218,0.4892578
0.8344116,0.4177246
0.9094849,0.4779663
0.6445923,0.4988403
0.8754272,0.5161743
0.5609131,0.4983521
0.8706665,0.4588623
0.8612671,0.390686
0.8629761,0.4744873
0.8988647,0.4880981
0.9446411,0.5084839
0.9036865,0.5142822
0.6734009,0.4985962
0.9401245,0.4943848
0.9298706,0.5004272
0.9234619,0.5246582
0.8381958,0.4981689
0.4941406,0.5011597
0.8747559,0.4889526
0.9101562,0.4885254
0.9296875,0.5029297
0.8792114,0.5223389
0.8672485,0.4694214
0.7168579,0.4989624
0.9191895,0.4890137
0.8126831,0.4984131
0.918335,0.5184937
0.8987427,0.5084839
0.8672485,0.5010376
0.9279785,0.4983521
0.7785034,0.2958374
0.9122314,0.4962769
0.9190063,0.5004883
0.8950195,0.5196533
0.9238892,0.4863892
0.734436,0.498291
0.902832,0.4996948
0.6400757,0.4921265
0.8967896,0.4833984
0.8630371,0.5097656
0.9381714,0.4783325
0.8967285,0.4827271
0.9263916,0.4918213
0.9176025,0.5011597
0.9694824,0.4935303
0.8869019,0.520813
0.9346313,0.4955444
0.7756958,0.4987793
0.4840698,0.4953613
0.8261108,0.4957886
0.4931641,0.4972534
0.9192505,0.5178833
0.9249878,0.5252686
0.8557739,0.4752197
0.6000366,0.4989624
0.8503418,0.4992676
0.8577271,0.4995728
0.920166,0.4862061
0.8770142,0.4481201
0.8603516,0.496582
0.6112061,0.4968262
0.9359741,0.5137939
0.8465576,0.4915771
0.5146484,0.5012817
0.8516846,0.5089111
0.8527832,0.4994507
0.9307861,0.487915
0.9363403,0.4992065
0.9007568,0.4956055
0.8739624,0.4938965
0.8930054,0.4957886
0.9594116,0.4827271
0.8666992,0.4785767
0.9115601,0.4894409
0.708252,0.4988403
0.9459229,0.5163574
0.9475098,0.4812012
0.8112793,0.3338623
0.899353,0.5081787
0.9396973,0.5053711
0.927002,0.4960327
0.8461304,0.7677002
0.9505615,0.503418
0.8626099,0.4766846
0.8510742,0.4434204
0.8273315,0.4805298
0.9258423,0.4777832
0.9090576,0.4997559
0.8192749,0.3518677
0.8619385,0.4614868
0.8942871,0.4893188
0.906189,0.4839478
0.934021,0.5092163
0.9284058,0.5162354
0.9306641,0.4942017
0.876709,0.4763184
0.7191772,0.4981079
0.914856,0.4817505
0.9255371,0.5007935
0.8471069,0.4893188
0.9058838,0.486145
0.8013916,0.7570801
0.9371948,0.5579834
0.6442261,0.4990845
0.8955078,0.4996338
0.5216064,0.06451416
0.7542114,0.2790527
0.9507446,0.5056763
0.9353638,0.5492554
0.8779907,0.4900513
0.9354858,0.4525146
0.8874512,0.4621582
0.9158936,0.5004272
0.7828979,0.4974976
0.8799438,0.4679565
0.921814,0.5152588
0.9294434,0.4966431
0.9049683,0.475769
0.6995239,0.4979858
0.9575806,0.4961548
0.8710327,0.475708
0.8877563,0.505127
0.9160767,0.5230103
0.937439,0.489563
0.9110718,0.5155029
0.4827271,0.4985352
0.8892212,0.4781494
0.9407349,0.5008545
0.7803345,0.5003052
0.9169312,0.477356
0.8742065,0.4758301
0.9237061,0.5105591
0.930481,0.4837646
0.8357544,0.480896
0.5114136,0.4985962
0.914856,0.4887695
0.8694458,0.4455566
0.8433838,0.463501
0.8759766,0.4943237
0.9401245,0.5021362
0.9346924,0.524353
0.9060059,0.4801025
0.9337769,0.4885864
0.6029663,0.4985352
0.9312134,0.4847412
0.8947144,0.4735718
0.8805542,0.475708
0.9486084,0.4824829
0.8942261,0.4746094
0.7600708,0.2981567
0.8739014,0.46698
0.883728,0.4750366
0.9297485,0.5241699
0.8459473,0.4746094
0.9364014,0.4881592
0.869873,0.5073853
0.8421631,0.4627075
0.5734863,0.4813232
0.9231567,0.513855
0.6653442,0.4987183
0.9260864,0.5108643
0.5585938,0.4981689
0.8949585,0.4736328
0.9442139,0.5144653
0.9608154,0.4966431
0.8967896,0.4833374
0.883606,0.4778442
0.8652954,0.4592896
0.9140625,0.5152588
0.8701172,0.4697266
0.9161987,0.4719238
0.699585,0.2503052
0.7722168,0.3008423
0.9257202,0.5112915
0.5952759,0.5027466
0.6624146,0.4974976
0.9008789,0.5102539
0.8373413,0.4128418
0.7976074,0.2526245
0.9282837,0.4752197
0.9223022,0.5248413
0.8946533,0.5013428
0.7681274,0.2778931
0.8421631,0.4897461
0.8375244,0.4926147
0.8513794,0.4660034
0.6886597,0.4987793
0.8809204,0.507019
0.8772583,0.4749756
0.7949219,0.5065918
0.9329224,0.4986572
0.8964233,0.6500244
0.5963745,0.4995117
0.9360962,0.6148682
0.8706665,0.4747314
0.9093018,0.4899292
0.8621826,0.4953613
0.8693848,0.5096436
0.9400635,0.5046387
0.9121094,0.4794922
0.725647,0.4911499
0.9016113,0.4954834
0.8599854,0.4932861
0.8383789,0.4782715
0.6026001,0.4995117
0.8435059,0.4716187
0.8790894,0.4888306
0.9433594,0.484375
0.9528809,0.4866943
0.8668823,0.475647
0.5053711,0.4983521
0.9004517,0.4989624
0.6425171,0.4996338
0.8887329,0.4697266
0.8590698,0.4719238
0.9135742,0.5064087
0.6644897,0.4995117
0.850769,0.4789429
0.9015503,0.5509644
0.5169067,0.4984131
0.7863159,0.4993286
0.8847656,0.4927979
0.8783569,0.4821777
0.9249878,0.5151367
0.8842773,0.4441528
0.932373,0.5188599
0.9069214,0.4822388
0.4769287,0.5003052
0.8702393,0.5219116
0.7162476,0.4996948
0.4953003,0.4950562
0.7647095,0.4984741
0.6183472,0.4985962
0.8800659,0.487793
0.9332886,0.5111084
0.8627319,0.4472046
0.8935547,0.4798584
0.8258057,0.4972534
0.9420166,0.4970703
0.9147339,0.4984131
0.9168701,0.5204468
0.9075317,0.4825439
0.9342651,0.5084229
0.878479,0.4734497
0.8867188,0.4911499
0.7956543,0.4981079
0.8723145,0.46875
0.8033447,0.4994507
0.8204346,0.3747559
0.9500732,0.5057983
0.8527832,0.4855347
0.8588257,0.4899902
0.9067383,0.6046143
0.6879272,0.4974976
0.8040161,0.7495117
0.9346924,0.500061
0.8916626,0.4307861
0.9153442,0.475647
0.8800049,0.5103149
0.9118652,0.4984131
0.9226685,0.5150146
0.8710327,0.4894409
0.9354248,0.5177612
0.7325439,0.4990845
0.8748169,0.4986572
0.8661499,0.3878784
0.8762207,0.711731
0.8781128,0.446106
0.8719482,0.4848022
0.8445435,0.4926758
0.8397217,0.4104004
0.9053345,0.5140991
0.6322021,0.9138184
0.8655396,0.4974365
0.9223022,0.4763794
0.8624878,0.4807739
0.8709106,0.5150757
0.8438721,0.4726562
0.8407593,0.4803467
0.881958,0.5236816
0.9202271,0.5758667
0.8800659,0.4786377
0.8583374,0.4209595
0.836853,0.4619141
0.762207,0.2028809
0.8724365,0.5111694
0.84375,0.4998779
0.8990479,0.519043
0.6419678,0.4983521
0.8911743,0.5239868
0.9039917,0.475708
0.6421509,0.4984741
0.9228516,0.5828247
0.7286987,0.8311157
0.8572998,0.449707
0.835083,0.4795532
0.8536377,0.4761963
0.8980103,0.5157471
0.8477783,0.4862671
0.8585815,0.4763184
0.8964844,0.4925537
0.9174805,0.5128784
0.6588135,0.1209106
0.9607544,0.5024414
0.5256348,0.5018921
0.8809814,0.4869385
0.8372192,0.4840698
0.8690796,0.4857788
0.8546753,0.4586182
0.8989868,0.4815674
0.8735962,0.480896
0.9386597,0.5164185
0.7528687,0.498291
0.5455322,0.4985352
0.8604736,0.507019
0.8378906,0.4341431
0.87323,0.4710083
0.8551636,0.4425049
0.9330444,0.5112305
0.5306396,0.4985352
0.8536377,0.5054932
0.8377686,0.3326416
0.8963623,0.517395
0.8839722,0.4754639
0.8948364,0.4734497
0.9264526,0.4957275
0.861084,0.473999
0.8912964,0.4814453
0.8137817,0.3019409
0.9046631,0.4879761
0.9082642,0.4440918
0.9280396,0.5192261
0.6993408,0.5036011
0.9207764,0.522522
0.9221802,0.5070801
0.8811035,0.494812
0.8901978,0.3807373
0.8348389,0.7990112
0.7713013,0.2797241
0.869812,0.4918823
0.7042847,0.4962769
0.9173584,0.4772339
0.8788452,0.4749146
0.8799438,0.5041504
0.932251,0.4962158
0.6444092,0.8777466
0.9163208,0.5244141
0.9383545,0.4871216
0.8676147,0.4837646
0.9406128,0.4991455
0.9058838,0.5177612
0.885437,0.5203247
0.5665283,0.4985352
0.6323242,0.49823
0.9375,0.4786987
0.8856201,0.4852295
0.6990967,0.2745361
0.9287109,0.5088501
0.6132202,0.5018921
0.9379272,0.5141602
0.678894,0.4986572
0.9216309,0.5238647
0.9431152,0.4856567
0.8370361,0.4854736
0.859436,0.4848633
0.9011841,0.5238647
0.8590088,0.4997559
0.9252319,0.4984131
0.7064209,0.4987183
0.8474121,0.4749146
0.8722534,0.5079956
0.8742676,0.4695435
0.947998,0.5054932
0.8398438,0.4799805
0.8840332,0.4764404
0.9441528,0.5083008
0.883667,0.4763184
0.9240723,0.5195312
0.6265259,0.4985962
0.8948975,0.4883423
0.8913574,0.4839478
0.8532104,0.4552612
0.8223877,0.3918457
0.8726807,0.49823
0.8765259,0.4842529
0.8952026,0.4902954
0.9230347,0.4770508
0.8296509,0.4038696
0.8733521,0.4993896
0.8729248,0.4990234
0.9243164,0.5115967
0.7631226,0.5021973
0.8319092,0.4882812
0.9455566,0.4868164
0.8930054,0.4866943
0.9620361,0.4949341
0.5408325,0.4997559
0.8876343,0.5117188
0.5098877,0.4994507
0.8240967,0.3741455
0.8453979,0.4978027
0.9191284,0.5214844
0.9019165,0.493042
0.8530884,0.4984741
0.9510498,0.4916382
0.8669434,0.4996948
0.9047852,0.4874268
0.4776611,0.4981689
0.94104,0.4812622
0.923645,0.5100708
0.9150391,0.5137939
0.8733521,0.4797974
0.9327393,0.5072632
0.8781128,0.4004517
0.9380493,0.4899902
0.9346313,0.4796143
0.9391479,0.5161743
0.8763428,0.4784546
0.8363647,0.4967041
0.5688477,0.4980469
0.5258789,0.5020142
0.9245605,0.4793091
0.828186,0.4150391
0.9286499,0.5202637
0.600769,0.5007935
0.7612915,0.8441772
0.8358154,0.3186646
0.838501,0.4827881
0.8731689,0.4942627
0.9506226,0.4782104
0.9301758,0.4818115
0.9384155,0.5074463
0.9403076,0.5161743
0.7989502,0.4974365
0.8499756,0.4764404
0.8652954,0.496521
0.9066772,0.4927979
0.9381714,0.496521
0.8742065,0.4777222
0.8382568,0.4570312
0.9049072,0.4841919
0.8499756,0.4508057
0.866394,0.4996948
0.8519897,0.4667358
0.4611206,0.5012207
0.9137573,0.4962158
0.864502,0.4996338
0.9447021,0.4707031
0.9452515,0.4816284
0.8481445,0.4626465
0.8635254,0.5020142
0.8673706,0.5065308
0.8925171,0.4989624
0.5841675,0.4983521
0.5571289,0.4992065
0.9261475,0.4973755
0.7761841,0.4979248
0.7863159,0.3891602
0.9413452,0.4985352
0.8660889,0.4990234
0.937561,0.4894409
0.9291382,0.4934082
0.8876953,0.4607544
0.475708,0.5002441
0.8837891,0.4744263
0.8453369,0.434082
0.9214478,0.5006714
0.9494019,0.5007324
0.7859497,0.4957886
0.6485596,0.4954224
0.9439697,0.494873
0.9085693,0.5152588
0.8666992,0.4675293
0.5997314,0.4985962
0.9398804,0.4924927
0.8433838,0.3505249
0.8908081,0.5115967
0.5864258,0.503418
0.9107056,0.4990234
0.960083,0.5026245
0.9626465,0.4938354
0.8782959,0.5080566
0.8490601,0.4668579
0.7420654,0.4992065
0.9575195,0.4980469
0.9417114,0.5089722
0.8327637,0.4995728
0.8023071,0.2832642
0.8345947,0.5004883
0.9475098,0.5054321
0.8433228,0.4851074
0.9029541,0.5101318
0.9443359,0.5001831
0.8531494,0.4770508
0.9391479,0.6387939
0.9506226,0.5037842
0.9025879,0.5162964
0.9321899,0.5200806
0.9244385,0.4998779
0.6356812,0.4984741
0.5690308,0.4959717
0.8997192,0.6397095
0.8927612,0.6878052
0.8965454,0.4759521
0.4882202,0.4960327
0.8933105,0.5057983
0.7642212,0.4293213
0.8780518,0.4648438
0.831604,0.4997559
0.8467407,0.4790039
0.9026489,0.4732666
0.9141235,0.4771118
0.8815308,0.492981
0.6953125,0.4984131
0.9234009,0.5169678
0.8674316,0.5097046
0.8508301,0.4855347
0.8665771,0.4660645
0.5685425,0.4797974
0.8875122,0.4758301
0.8494873,0.4456177
0.6540527,0.4979858
0.6468506,0.4986572
0.5565796,0.4985962
0.9244385,0.4848633
0.8699341,0.4967651
0.9125977,0.5192261
0.7976685,0.3291626
0.7980957,0.5740967
0.8567505,0.3925171
0.7702026,0.2589111
0.8569336,0.4992065
0.9252319,0.4694214
0.862854,0.4737549
0.914917,0.4723511
0.8670654,0.6871948
0.9273682,0.4796753
0.6518555,0.4990845
0.9703979,0.4914551
0.796875,0.4984131
0.8551025,0.4255981
0.8758545,0.4915771
0.9223633,0.5194702
0.9260864,0.4737549
0.8634033,0.4813843
0.8912354,0.4750977
0.8231201,0.3646851
0.8479614,0.480835
0.6497803,0.499939
0.8674927,0.5078125
0.8358154,0.3449707
0.8299561,0.4986572
0.8772583,0.4750977
0.8883667,0.480957
0.8378296,0.4847412
0.8763428,0.4747925
0.8557739,0.4800415
0.9199219,0.4877319
0.9052124,0.4825439
0.7217407,0.5011597
0.9411011,0.5009766
0.6485596,0.4972534
0.8555298,0.5002441
0.8979492,0.5219116
0.9299316,0.5074463
0.9013672,0.4849854
0.4904785,0.4996338
0.5626221,0.4989624
0.8723145,0.43927
0.9262085,0.4981079
