u,r2,mse,rmse
u0,0.9189363236356591,0.005120532557313878,0.07155789654059067
Average,0.9189363236356591,0.005120532557313878,0.07155789654059067