u,r2,mse,rmse
u0,0.9997980818346156,1.275452318640086e-05,0.0035713475308909465
Average,0.9997980818346156,1.275452318640086e-05,0.0035713475308909465