u,r2,mse,rmse
u0,0.9999646332362006,2.234005088392905e-06,0.0014946588535157128
Average,0.9999646332362006,2.234005088392905e-06,0.0014946588535157128