u,r2,mse,rmse
u0,0.9996508882079326,2.6379623147993265e-05,0.00513610972896737
Average,0.9996508882079326,2.6379623147993265e-05,0.00513610972896737