u,r2,mse,rmse
u0,0.9996687235202835,2.50319493390982e-05,0.005003193913801283
Average,0.9996687235202835,2.50319493390982e-05,0.005003193913801283