u,r2,mse,rmse
u0,0.9997843530454266,1.362172678692392e-05,0.0036907623585004656
Average,0.9997843530454266,1.362172678692392e-05,0.0036907623585004656