u,r2,mse,rmse
u0,0.9994101733929631,3.725745586627233e-05,0.006103888585669985
Average,0.9994101733929631,3.725745586627233e-05,0.006103888585669985