u,r2,mse,rmse
u0,0.999636729521113,2.7449483379172475e-05,0.005239225456035699
Average,0.999636729521113,2.7449483379172475e-05,0.005239225456035699