u,r2,mse,rmse
u0,0.9996083844137327,2.9591299461508476e-05,0.005439788549337968
Average,0.9996083844137327,2.9591299461508476e-05,0.005439788549337968