u,r2,mse,rmse
u0,0.9999369264050948,4.7659738284219115e-06,0.0021831110435389933
Average,0.9999369264050948,4.7659738284219115e-06,0.0021831110435389933