u,r2,mse,rmse
u0,0.9996221826723719,2.854867394363414e-05,0.005343095913759563
Average,0.9996221826723719,2.854867394363414e-05,0.005343095913759563