u,r2,mse,rmse
u0,0.9997987975803924,1.2709311820263835e-05,0.0035650121767343006
Average,0.9997987975803924,1.2709311820263835e-05,0.0035650121767343006