u,r2,mse,rmse
u0,0.9999650452340358,2.6412558220931805e-06,0.001625194087514836
Average,0.9999650452340358,2.6412558220931805e-06,0.001625194087514836